
/work/git/students/tuw/michael/isaac-demo/install/mlonmcu/temp/sessions/198/runs/0/mlif/bin/generic_mlonmcu:	file format elf32-littleriscv

Disassembly of section .text:

01000000 <target_init>:
 1000000: 00008067     	ret

01000004 <target_deinit>:
 1000004: 00008067     	ret

01000008 <main>:
 1000008: ff010113     	addi	sp, sp, -0x10
 100000c: 00112623     	sw	ra, 0xc(sp)
 1000010: 00812423     	sw	s0, 0x8(sp)
 1000014: fedff0ef     	jal	0x1000000 <target_init>
 1000018: 0100f537     	lui	a0, 0x100f
 100001c: e1650513     	addi	a0, a0, -0x1ea
 1000020: 6920b0ef     	jal	0x100b6b2 <puts>
 1000024: 00200513     	li	a0, 0x2
 1000028: 0b8000ef     	jal	0x10000e0 <start_bench>
 100002c: 00000513     	li	a0, 0x0
 1000030: 0b0000ef     	jal	0x10000e0 <start_bench>
 1000034: 284000ef     	jal	0x10002b8 <mlonmcu_init>
 1000038: 00050413     	mv	s0, a0
 100003c: 00000513     	li	a0, 0x0
 1000040: 10c000ef     	jal	0x100014c <stop_bench>
 1000044: 04041463     	bnez	s0, 0x100008c <main+0x84>
 1000048: 00100513     	li	a0, 0x1
 100004c: 094000ef     	jal	0x10000e0 <start_bench>
 1000050: 294000ef     	jal	0x10002e4 <mlonmcu_run>
 1000054: 00050413     	mv	s0, a0
 1000058: 00100513     	li	a0, 0x1
 100005c: 0f0000ef     	jal	0x100014c <stop_bench>
 1000060: 02041663     	bnez	s0, 0x100008c <main+0x84>
 1000064: 2a4000ef     	jal	0x1000308 <mlonmcu_check>
 1000068: 00050663     	beqz	a0, 0x1000074 <main+0x6c>
 100006c: 00050413     	mv	s0, a0
 1000070: 01c0006f     	j	0x100008c <main+0x84>
 1000074: 00300513     	li	a0, 0x3
 1000078: 068000ef     	jal	0x10000e0 <start_bench>
 100007c: 260000ef     	jal	0x10002dc <mlonmcu_deinit>
 1000080: 00050413     	mv	s0, a0
 1000084: 00300513     	li	a0, 0x3
 1000088: 0c4000ef     	jal	0x100014c <stop_bench>
 100008c: 00200513     	li	a0, 0x2
 1000090: 0bc000ef     	jal	0x100014c <stop_bench>
 1000094: 00000513     	li	a0, 0x0
 1000098: 150000ef     	jal	0x10001e8 <print_bench>
 100009c: 00100513     	li	a0, 0x1
 10000a0: 148000ef     	jal	0x10001e8 <print_bench>
 10000a4: 00300513     	li	a0, 0x3
 10000a8: 140000ef     	jal	0x10001e8 <print_bench>
 10000ac: 00200513     	li	a0, 0x2
 10000b0: 138000ef     	jal	0x10001e8 <print_bench>
 10000b4: 0100f537     	lui	a0, 0x100f
 10000b8: ea350513     	addi	a0, a0, -0x15d
 10000bc: 5f60b0ef     	jal	0x100b6b2 <puts>
 10000c0: f45ff0ef     	jal	0x1000004 <target_deinit>
 10000c4: 00040513     	mv	a0, s0
 10000c8: 1c8000ef     	jal	0x1000290 <mlonmcu_exit>
 10000cc: 00040513     	mv	a0, s0
 10000d0: 00c12083     	lw	ra, 0xc(sp)
 10000d4: 00812403     	lw	s0, 0x8(sp)
 10000d8: 01010113     	addi	sp, sp, 0x10
 10000dc: 00008067     	ret

010000e0 <start_bench>:
 10000e0: ff010113     	addi	sp, sp, -0x10
 10000e4: 00112623     	sw	ra, 0xc(sp)
 10000e8: 00812423     	sw	s0, 0x8(sp)
 10000ec: 00912223     	sw	s1, 0x4(sp)
 10000f0: 01212023     	sw	s2, 0x0(sp)
 10000f4: 00050413     	mv	s0, a0
 10000f8: 170000ef     	jal	0x1000268 <target_cycles>
 10000fc: 00050493     	mv	s1, a0
 1000100: 00058913     	mv	s2, a1
 1000104: 178000ef     	jal	0x100027c <target_instructions>
 1000108: 00341413     	slli	s0, s0, 0x3
 100010c: 01800637     	lui	a2, 0x1800
 1000110: 73860613     	addi	a2, a2, 0x738
 1000114: 00860633     	add	a2, a2, s0
 1000118: 01262223     	sw	s2, 0x4(a2)
 100011c: 00962023     	sw	s1, 0x0(a2)
 1000120: 01800637     	lui	a2, 0x1800
 1000124: 75860613     	addi	a2, a2, 0x758
 1000128: 00860633     	add	a2, a2, s0
 100012c: 00b62223     	sw	a1, 0x4(a2)
 1000130: 00a62023     	sw	a0, 0x0(a2)
 1000134: 00c12083     	lw	ra, 0xc(sp)
 1000138: 00812403     	lw	s0, 0x8(sp)
 100013c: 00412483     	lw	s1, 0x4(sp)
 1000140: 00012903     	lw	s2, 0x0(sp)
 1000144: 01010113     	addi	sp, sp, 0x10
 1000148: 00008067     	ret

0100014c <stop_bench>:
 100014c: ff010113     	addi	sp, sp, -0x10
 1000150: 00112623     	sw	ra, 0xc(sp)
 1000154: 00812423     	sw	s0, 0x8(sp)
 1000158: 00912223     	sw	s1, 0x4(sp)
 100015c: 01212023     	sw	s2, 0x0(sp)
 1000160: 00050413     	mv	s0, a0
 1000164: 104000ef     	jal	0x1000268 <target_cycles>
 1000168: 00050493     	mv	s1, a0
 100016c: 00058913     	mv	s2, a1
 1000170: 10c000ef     	jal	0x100027c <target_instructions>
 1000174: 00341413     	slli	s0, s0, 0x3
 1000178: 01800637     	lui	a2, 0x1800
 100017c: 73860613     	addi	a2, a2, 0x738
 1000180: 00860633     	add	a2, a2, s0
 1000184: 00062683     	lw	a3, 0x0(a2)
 1000188: 00462703     	lw	a4, 0x4(a2)
 100018c: 00d4b7b3     	sltu	a5, s1, a3
 1000190: 40e90733     	sub	a4, s2, a4
 1000194: 40f70733     	sub	a4, a4, a5
 1000198: 40d484b3     	sub	s1, s1, a3
 100019c: 018006b7     	lui	a3, 0x1800
 10001a0: 75868693     	addi	a3, a3, 0x758
 10001a4: 008686b3     	add	a3, a3, s0
 10001a8: 0006a783     	lw	a5, 0x0(a3)
 10001ac: 0046a803     	lw	a6, 0x4(a3)
 10001b0: 00962023     	sw	s1, 0x0(a2)
 10001b4: 00e62223     	sw	a4, 0x4(a2)
 10001b8: 00f53633     	sltu	a2, a0, a5
 10001bc: 410585b3     	sub	a1, a1, a6
 10001c0: 40c585b3     	sub	a1, a1, a2
 10001c4: 40f50533     	sub	a0, a0, a5
 10001c8: 00a6a023     	sw	a0, 0x0(a3)
 10001cc: 00b6a223     	sw	a1, 0x4(a3)
 10001d0: 00c12083     	lw	ra, 0xc(sp)
 10001d4: 00812403     	lw	s0, 0x8(sp)
 10001d8: 00412483     	lw	s1, 0x4(sp)
 10001dc: 00012903     	lw	s2, 0x0(sp)
 10001e0: 01010113     	addi	sp, sp, 0x10
 10001e4: 00008067     	ret

010001e8 <print_bench>:
 10001e8: ff010113     	addi	sp, sp, -0x10
 10001ec: 00112623     	sw	ra, 0xc(sp)
 10001f0: 00812423     	sw	s0, 0x8(sp)
 10001f4: 00912223     	sw	s1, 0x4(sp)
 10001f8: 00251593     	slli	a1, a0, 0x2
 10001fc: 0100f637     	lui	a2, 0x100f
 1000200: fa860613     	addi	a2, a2, -0x58
 1000204: 00b605b3     	add	a1, a2, a1
 1000208: 0005a403     	lw	s0, 0x0(a1)
 100020c: 00351493     	slli	s1, a0, 0x3
 1000210: 01800537     	lui	a0, 0x1800
 1000214: 73850513     	addi	a0, a0, 0x738
 1000218: 00950533     	add	a0, a0, s1
 100021c: 00452683     	lw	a3, 0x4(a0)
 1000220: 00052603     	lw	a2, 0x0(a0)
 1000224: 0100f537     	lui	a0, 0x100f
 1000228: f7250513     	addi	a0, a0, -0x8e
 100022c: 00040593     	mv	a1, s0
 1000230: 28a060ef     	jal	0x10064ba <printf>
 1000234: 01800537     	lui	a0, 0x1800
 1000238: 75850513     	addi	a0, a0, 0x758
 100023c: 00950533     	add	a0, a0, s1
 1000240: 00452683     	lw	a3, 0x4(a0)
 1000244: 00052603     	lw	a2, 0x0(a0)
 1000248: 0100f537     	lui	a0, 0x100f
 100024c: e7650513     	addi	a0, a0, -0x18a
 1000250: 00040593     	mv	a1, s0
 1000254: 00c12083     	lw	ra, 0xc(sp)
 1000258: 00812403     	lw	s0, 0x8(sp)
 100025c: 00412483     	lw	s1, 0x4(sp)
 1000260: 01010113     	addi	sp, sp, 0x10
 1000264: 2560606f     	j	0x10064ba <printf>

01000268 <target_cycles>:
 1000268: c80025f3     	rdcycleh	a1
 100026c: c0002573     	rdcycle	a0
 1000270: c8002673     	rdcycleh	a2
 1000274: fec59ae3     	bne	a1, a2, 0x1000268 <target_cycles>
 1000278: 00008067     	ret

0100027c <target_instructions>:
 100027c: c82025f3     	rdinstreth	a1
 1000280: c0202573     	rdinstret	a0
 1000284: c8202673     	rdinstreth	a2
 1000288: fec59ae3     	bne	a1, a2, 0x100027c <target_instructions>
 100028c: 00008067     	ret

01000290 <mlonmcu_exit>:
 1000290: ff010113     	addi	sp, sp, -0x10
 1000294: 00112623     	sw	ra, 0xc(sp)
 1000298: 00812423     	sw	s0, 0x8(sp)
 100029c: 00050413     	mv	s0, a0
 10002a0: 0100f537     	lui	a0, 0x100f
 10002a4: e2550513     	addi	a0, a0, -0x1db
 10002a8: 00040593     	mv	a1, s0
 10002ac: 20e060ef     	jal	0x10064ba <printf>
 10002b0: 00040513     	mv	a0, s0
 10002b4: 32c050ef     	jal	0x10055e0 <exit>

010002b8 <mlonmcu_init>:
 10002b8: ff010113     	addi	sp, sp, -0x10
 10002bc: 00112623     	sw	ra, 0xc(sp)
 10002c0: 170000ef     	jal	0x1000430 <initialise_benchmark>
 10002c4: 00000513     	li	a0, 0x0
 10002c8: 16c000ef     	jal	0x1000434 <warm_caches>
 10002cc: 00000513     	li	a0, 0x0
 10002d0: 00c12083     	lw	ra, 0xc(sp)
 10002d4: 01010113     	addi	sp, sp, 0x10
 10002d8: 00008067     	ret

010002dc <mlonmcu_deinit>:
 10002dc: 00000513     	li	a0, 0x0
 10002e0: 00008067     	ret

010002e4 <mlonmcu_run>:
 10002e4: ff010113     	addi	sp, sp, -0x10
 10002e8: 00112623     	sw	ra, 0xc(sp)
 10002ec: 1dc000ef     	jal	0x10004c8 <benchmark>
 10002f0: 018005b7     	lui	a1, 0x1800
 10002f4: 6aa5aa23     	sw	a0, 0x6b4(a1)
 10002f8: 00000513     	li	a0, 0x0
 10002fc: 00c12083     	lw	ra, 0xc(sp)
 1000300: 01010113     	addi	sp, sp, 0x10
 1000304: 00008067     	ret

01000308 <mlonmcu_check>:
 1000308: ff010113     	addi	sp, sp, -0x10
 100030c: 00112623     	sw	ra, 0xc(sp)
 1000310: 01800537     	lui	a0, 0x1800
 1000314: 6b452503     	lw	a0, 0x6b4(a0)
 1000318: 098000ef     	jal	0x10003b0 <verify_benchmark>
 100031c: 01800637     	lui	a2, 0x1800
 1000320: 00a035b3     	snez	a1, a0
 1000324: fff58593     	addi	a1, a1, -0x1
 1000328: 0125f593     	andi	a1, a1, 0x12
 100032c: 6aa62c23     	sw	a0, 0x6b8(a2)
 1000330: 00058513     	mv	a0, a1
 1000334: 00c12083     	lw	ra, 0xc(sp)
 1000338: 01010113     	addi	sp, sp, 0x10
 100033c: 00008067     	ret

01000340 <pjpeg_need_bytes_callback>:
 1000340: ff010113     	addi	sp, sp, -0x10
 1000344: 00112623     	sw	ra, 0xc(sp)
 1000348: 00812423     	sw	s0, 0x8(sp)
 100034c: 00912223     	sw	s1, 0x4(sp)
 1000350: 01212023     	sw	s2, 0x0(sp)
 1000354: 01800937     	lui	s2, 0x1800
 1000358: 6bc92683     	lw	a3, 0x6bc(s2)
 100035c: 23a00413     	li	s0, 0x23a
 1000360: 40d40433     	sub	s0, s0, a3
 1000364: 00060493     	mv	s1, a2
 1000368: 00b46463     	bltu	s0, a1, 0x1000370 <pjpeg_need_bytes_callback+0x30>
 100036c: 00058413     	mv	s0, a1
 1000370: 0100f5b7     	lui	a1, 0x100f
 1000374: fb858593     	addi	a1, a1, -0x48
 1000378: 00d585b3     	add	a1, a1, a3
 100037c: 00040613     	mv	a2, s0
 1000380: 3cb0b0ef     	jal	0x100bf4a <memcpy>
 1000384: 00848023     	sb	s0, 0x0(s1)
 1000388: 6bc92503     	lw	a0, 0x6bc(s2)
 100038c: 00850533     	add	a0, a0, s0
 1000390: 6aa92e23     	sw	a0, 0x6bc(s2)
 1000394: 00000513     	li	a0, 0x0
 1000398: 00c12083     	lw	ra, 0xc(sp)
 100039c: 00812403     	lw	s0, 0x8(sp)
 10003a0: 00412483     	lw	s1, 0x4(sp)
 10003a4: 00012903     	lw	s2, 0x0(sp)
 10003a8: 01010113     	addi	sp, sp, 0x10
 10003ac: 00008067     	ret

010003b0 <verify_benchmark>:
 10003b0: ff010113     	addi	sp, sp, -0x10
 10003b4: 00112623     	sw	ra, 0xc(sp)
 10003b8: 00812423     	sw	s0, 0x8(sp)
 10003bc: 01800437     	lui	s0, 0x1800
 10003c0: 77840413     	addi	s0, s0, 0x778
 10003c4: 02042503     	lw	a0, 0x20(s0)
 10003c8: 0100f5b7     	lui	a1, 0x100f
 10003cc: 1f258593     	addi	a1, a1, 0x1f2
 10003d0: 04000613     	li	a2, 0x40
 10003d4: 6340b0ef     	jal	0x100ba08 <memcmp>
 10003d8: 00051e63     	bnez	a0, 0x10003f4 <verify_benchmark+0x44>
 10003dc: 02442503     	lw	a0, 0x24(s0)
 10003e0: 0100f5b7     	lui	a1, 0x100f
 10003e4: 23258593     	addi	a1, a1, 0x232
 10003e8: 04000613     	li	a2, 0x40
 10003ec: 61c0b0ef     	jal	0x100ba08 <memcmp>
 10003f0: 00050c63     	beqz	a0, 0x1000408 <verify_benchmark+0x58>
 10003f4: 00000513     	li	a0, 0x0
 10003f8: 00c12083     	lw	ra, 0xc(sp)
 10003fc: 00812403     	lw	s0, 0x8(sp)
 1000400: 01010113     	addi	sp, sp, 0x10
 1000404: 00008067     	ret
 1000408: 02842503     	lw	a0, 0x28(s0)
 100040c: 0100f5b7     	lui	a1, 0x100f
 1000410: 27258593     	addi	a1, a1, 0x272
 1000414: 04000613     	li	a2, 0x40
 1000418: 5f00b0ef     	jal	0x100ba08 <memcmp>
 100041c: 00153513     	seqz	a0, a0
 1000420: 00c12083     	lw	ra, 0xc(sp)
 1000424: 00812403     	lw	s0, 0x8(sp)
 1000428: 01010113     	addi	sp, sp, 0x10
 100042c: 00008067     	ret

01000430 <initialise_benchmark>:
 1000430: 00008067     	ret

01000434 <warm_caches>:
 1000434: 0040006f     	j	0x1000438 <benchmark_body>

01000438 <benchmark_body>:
 1000438: 08a05663     	blez	a0, 0x10004c4 <benchmark_body+0x8c>
 100043c: fe010113     	addi	sp, sp, -0x20
 1000440: 00112e23     	sw	ra, 0x1c(sp)
 1000444: 00812c23     	sw	s0, 0x18(sp)
 1000448: 00912a23     	sw	s1, 0x14(sp)
 100044c: 01212823     	sw	s2, 0x10(sp)
 1000450: 01312623     	sw	s3, 0xc(sp)
 1000454: 01412423     	sw	s4, 0x8(sp)
 1000458: 01512223     	sw	s5, 0x4(sp)
 100045c: 00050413     	mv	s0, a0
 1000460: 00000993     	li	s3, 0x0
 1000464: 01800a37     	lui	s4, 0x1800
 1000468: 018004b7     	lui	s1, 0x1800
 100046c: 77848493     	addi	s1, s1, 0x778
 1000470: 01000937     	lui	s2, 0x1000
 1000474: 34090913     	addi	s2, s2, 0x340
 1000478: 00100a93     	li	s5, 0x1
 100047c: 6a0a2e23     	sw	zero, 0x6bc(s4)
 1000480: 00048513     	mv	a0, s1
 1000484: 00090593     	mv	a1, s2
 1000488: 00000613     	li	a2, 0x0
 100048c: 00000693     	li	a3, 0x0
 1000490: 340020ef     	jal	0x10027d0 <pjpeg_decode_init>
 1000494: 054000ef     	jal	0x10004e8 <pjpeg_decode_mcu>
 1000498: ff551ee3     	bne	a0, s5, 0x1000494 <benchmark_body+0x5c>
 100049c: 00198993     	addi	s3, s3, 0x1
 10004a0: fc899ee3     	bne	s3, s0, 0x100047c <benchmark_body+0x44>
 10004a4: 01c12083     	lw	ra, 0x1c(sp)
 10004a8: 01812403     	lw	s0, 0x18(sp)
 10004ac: 01412483     	lw	s1, 0x14(sp)
 10004b0: 01012903     	lw	s2, 0x10(sp)
 10004b4: 00c12983     	lw	s3, 0xc(sp)
 10004b8: 00812a03     	lw	s4, 0x8(sp)
 10004bc: 00412a83     	lw	s5, 0x4(sp)
 10004c0: 02010113     	addi	sp, sp, 0x20
 10004c4: 00008067     	ret

010004c8 <benchmark>:
 10004c8: ff010113     	addi	sp, sp, -0x10
 10004cc: 00112623     	sw	ra, 0xc(sp)
 10004d0: 00600513     	li	a0, 0x6
 10004d4: f65ff0ef     	jal	0x1000438 <benchmark_body>
 10004d8: 00000513     	li	a0, 0x0
 10004dc: 00c12083     	lw	ra, 0xc(sp)
 10004e0: 01010113     	addi	sp, sp, 0x10
 10004e4: 00008067     	ret

010004e8 <pjpeg_decode_mcu>:
 10004e8: 01800537     	lui	a0, 0x1800
 10004ec: 6c054503     	lbu	a0, 0x6c0(a0)
 10004f0: 00050463     	beqz	a0, 0x10004f8 <pjpeg_decode_mcu+0x10>
 10004f4: 00008067     	ret
 10004f8: 01800537     	lui	a0, 0x1800
 10004fc: 6c255503     	lhu	a0, 0x6c2(a0)
 1000500: 0a050463     	beqz	a0, 0x10005a8 <pjpeg_decode_mcu+0xc0>
 1000504: fb010113     	addi	sp, sp, -0x50
 1000508: 04112623     	sw	ra, 0x4c(sp)
 100050c: 04812423     	sw	s0, 0x48(sp)
 1000510: 04912223     	sw	s1, 0x44(sp)
 1000514: 05212023     	sw	s2, 0x40(sp)
 1000518: 03312e23     	sw	s3, 0x3c(sp)
 100051c: 03412c23     	sw	s4, 0x38(sp)
 1000520: 03512a23     	sw	s5, 0x34(sp)
 1000524: 03612823     	sw	s6, 0x30(sp)
 1000528: 03712623     	sw	s7, 0x2c(sp)
 100052c: 03812423     	sw	s8, 0x28(sp)
 1000530: 03912223     	sw	s9, 0x24(sp)
 1000534: 03a12023     	sw	s10, 0x20(sp)
 1000538: 01b12e23     	sw	s11, 0x1c(sp)
 100053c: 01800537     	lui	a0, 0x1800
 1000540: 6e255503     	lhu	a0, 0x6e2(a0)
 1000544: 00050e63     	beqz	a0, 0x1000560 <pjpeg_decode_mcu+0x78>
 1000548: 018005b7     	lui	a1, 0x1800
 100054c: 6e45d503     	lhu	a0, 0x6e4(a1)
 1000550: 00051463     	bnez	a0, 0x1000558 <pjpeg_decode_mcu+0x70>
 1000554: 0400206f     	j	0x1002594 <pjpeg_decode_mcu+0x20ac>
 1000558: fff50513     	addi	a0, a0, -0x1
 100055c: 6ea59223     	sh	a0, 0x6e4(a1)
 1000560: 01800537     	lui	a0, 0x1800
 1000564: 6e654503     	lbu	a0, 0x6e6(a0)
 1000568: 00051463     	bnez	a0, 0x1000570 <pjpeg_decode_mcu+0x88>
 100056c: 0080206f     	j	0x1002574 <pjpeg_decode_mcu+0x208c>
 1000570: 00000493     	li	s1, 0x0
 1000574: 00010537     	lui	a0, 0x10
 1000578: f0050513     	addi	a0, a0, -0x100
 100057c: 00a12a23     	sw	a0, 0x14(sp)
 1000580: 0100fb37     	lui	s6, 0x100f
 1000584: 78cb0b13     	addi	s6, s6, 0x78c
 1000588: 01801db7     	lui	s11, 0x1801
 100058c: c64d8d93     	addi	s11, s11, -0x39c
 1000590: 0ff00b93     	li	s7, 0xff
 1000594: 01801537     	lui	a0, 0x1801
 1000598: f8450513     	addi	a0, a0, -0x7c
 100059c: 00450513     	addi	a0, a0, 0x4
 10005a0: 00a12c23     	sw	a0, 0x18(sp)
 10005a4: 0280006f     	j	0x10005cc <pjpeg_decode_mcu+0xe4>
 10005a8: 00100513     	li	a0, 0x1
 10005ac: 00008067     	ret
 10005b0: 018005b7     	lui	a1, 0x1800
 10005b4: 7aa58223     	sb	a0, 0x7a4(a1)
 10005b8: 01800537     	lui	a0, 0x1800
 10005bc: 6e654503     	lbu	a0, 0x6e6(a0)
 10005c0: 00148493     	addi	s1, s1, 0x1
 10005c4: 00a4e463     	bltu	s1, a0, 0x10005cc <pjpeg_decode_mcu+0xe4>
 10005c8: 7ad0106f     	j	0x1002574 <pjpeg_decode_mcu+0x208c>
 10005cc: 01800537     	lui	a0, 0x1800
 10005d0: 6e850513     	addi	a0, a0, 0x6e8
 10005d4: 00950533     	add	a0, a0, s1
 10005d8: 00054403     	lbu	s0, 0x0(a0)
 10005dc: 01800537     	lui	a0, 0x1800
 10005e0: 6ee50513     	addi	a0, a0, 0x6ee
 10005e4: 00850533     	add	a0, a0, s0
 10005e8: 00054503     	lbu	a0, 0x0(a0)
 10005ec: 01801cb7     	lui	s9, 0x1801
 10005f0: b24c8c93     	addi	s9, s9, -0x4dc
 10005f4: 00050663     	beqz	a0, 0x1000600 <pjpeg_decode_mcu+0x118>
 10005f8: 01801cb7     	lui	s9, 0x1801
 10005fc: aa4c8c93     	addi	s9, s9, -0x55c
 1000600: 00912823     	sw	s1, 0x10(sp)
 1000604: 01800537     	lui	a0, 0x1800
 1000608: 6f150513     	addi	a0, a0, 0x6f1
 100060c: 00850533     	add	a0, a0, s0
 1000610: 00054603     	lbu	a2, 0x0(a0)
 1000614: 01801537     	lui	a0, 0x1801
 1000618: bf450513     	addi	a0, a0, -0x40c
 100061c: 018015b7     	lui	a1, 0x1801
 1000620: c5458593     	addi	a1, a1, -0x3ac
 1000624: 00060a63     	beqz	a2, 0x1000638 <pjpeg_decode_mcu+0x150>
 1000628: 01801537     	lui	a0, 0x1801
 100062c: ba450513     	addi	a0, a0, -0x45c
 1000630: 018015b7     	lui	a1, 0x1801
 1000634: c4458593     	addi	a1, a1, -0x3bc
 1000638: 205030ef     	jal	0x100403c <huffDecode>
 100063c: 00050913     	mv	s2, a0
 1000640: 00f57493     	andi	s1, a0, 0xf
 1000644: 06048e63     	beqz	s1, 0x10006c0 <pjpeg_decode_mcu+0x1d8>
 1000648: 018007b7     	lui	a5, 0x1800
 100064c: 7047da83     	lhu	s5, 0x704(a5)
 1000650: 01800837     	lui	a6, 0x1800
 1000654: 70084583     	lbu	a1, 0x700(a6)
 1000658: 00900513     	li	a0, 0x9
 100065c: 08a4e463     	bltu	s1, a0, 0x10006e4 <pjpeg_decode_mcu+0x1fc>
 1000660: ff848993     	addi	s3, s1, -0x8
 1000664: 00ba9533     	sll	a0, s5, a1
 1000668: 70a79223     	sh	a0, 0x704(a5)
 100066c: 00100513     	li	a0, 0x1
 1000670: 32d030ef     	jal	0x100419c <getOctet>
 1000674: 01800837     	lui	a6, 0x1800
 1000678: 018007b7     	lui	a5, 0x1800
 100067c: 7047d603     	lhu	a2, 0x704(a5)
 1000680: 70084583     	lbu	a1, 0x700(a6)
 1000684: 00a66533     	or	a0, a2, a0
 1000688: 00800613     	li	a2, 0x8
 100068c: 40b60633     	sub	a2, a2, a1
 1000690: 00c51533     	sll	a0, a0, a2
 1000694: 01051513     	slli	a0, a0, 0x10
 1000698: 01412603     	lw	a2, 0x14(sp)
 100069c: 00caf633     	and	a2, s5, a2
 10006a0: 01055a93     	srli	s5, a0, 0x10
 10006a4: 01855513     	srli	a0, a0, 0x18
 10006a8: 00c56a33     	or	s4, a0, a2
 10006ac: 0ff9f513     	andi	a0, s3, 0xff
 10006b0: 04a5e263     	bltu	a1, a0, 0x10006f4 <pjpeg_decode_mcu+0x20c>
 10006b4: 413585b3     	sub	a1, a1, s3
 10006b8: 013a9533     	sll	a0, s5, s3
 10006bc: 06c0006f     	j	0x1000728 <pjpeg_decode_mcu+0x240>
 10006c0: 00000513     	li	a0, 0x0
 10006c4: 018007b7     	lui	a5, 0x1800
 10006c8: 01800837     	lui	a6, 0x1800
 10006cc: 018008b7     	lui	a7, 0x1800
 10006d0: fff90593     	addi	a1, s2, -0x1
 10006d4: 0ff5f593     	andi	a1, a1, 0xff
 10006d8: 00e00613     	li	a2, 0xe
 10006dc: 06b67a63     	bgeu	a2, a1, 0x1000750 <pjpeg_decode_mcu+0x268>
 10006e0: 0a00006f     	j	0x1000780 <pjpeg_decode_mcu+0x298>
 10006e4: 00048993     	mv	s3, s1
 10006e8: 000a8a13     	mv	s4, s5
 10006ec: 0ff4f513     	andi	a0, s1, 0xff
 10006f0: fca5f2e3     	bgeu	a1, a0, 0x10006b4 <pjpeg_decode_mcu+0x1cc>
 10006f4: 00ba9533     	sll	a0, s5, a1
 10006f8: 70a79223     	sh	a0, 0x704(a5)
 10006fc: 00100513     	li	a0, 0x1
 1000700: 29d030ef     	jal	0x100419c <getOctet>
 1000704: 01800837     	lui	a6, 0x1800
 1000708: 018007b7     	lui	a5, 0x1800
 100070c: 7047d583     	lhu	a1, 0x704(a5)
 1000710: 70084603     	lbu	a2, 0x700(a6)
 1000714: 00a5e533     	or	a0, a1, a0
 1000718: 40c985b3     	sub	a1, s3, a2
 100071c: 00b51533     	sll	a0, a0, a1
 1000720: 413605b3     	sub	a1, a2, s3
 1000724: 00858593     	addi	a1, a1, 0x8
 1000728: 018008b7     	lui	a7, 0x1800
 100072c: 70a79223     	sh	a0, 0x704(a5)
 1000730: 70b80023     	sb	a1, 0x700(a6)
 1000734: 01000513     	li	a0, 0x10
 1000738: 40950533     	sub	a0, a0, s1
 100073c: 00aa5533     	srl	a0, s4, a0
 1000740: fff90593     	addi	a1, s2, -0x1
 1000744: 0ff5f593     	andi	a1, a1, 0xff
 1000748: 00e00613     	li	a2, 0xe
 100074c: 02b66a63     	bltu	a2, a1, 0x1000780 <pjpeg_decode_mcu+0x298>
 1000750: 0100f637     	lui	a2, 0x100f
 1000754: 7cc60613     	addi	a2, a2, 0x7cc
 1000758: 00b605fb     	custom0	a1, a2, a1
 100075c: 0005d583     	lhu	a1, 0x0(a1)
 1000760: 02b57063     	bgeu	a0, a1, 0x1000780 <pjpeg_decode_mcu+0x298>
 1000764: 01891913     	slli	s2, s2, 0x18
 1000768: 41895593     	srai	a1, s2, 0x18
 100076c: 0100f637     	lui	a2, 0x100f
 1000770: 7ea60613     	addi	a2, a2, 0x7ea
 1000774: 00b605fb     	custom0	a1, a2, a1
 1000778: ffe59583     	lh	a1, -0x2(a1)
 100077c: 00a58533     	add	a0, a1, a0
 1000780: 018005b7     	lui	a1, 0x1800
 1000784: 6f458593     	addi	a1, a1, 0x6f4
 1000788: 0085867b     	custom0	a2, a1, s0
 100078c: 00061583     	lh	a1, 0x0(a2)
 1000790: 00a586b3     	add	a3, a1, a0
 1000794: 000c9703     	lh	a4, 0x0(s9)
 1000798: 01800537     	lui	a0, 0x1800
 100079c: 6fa50513     	addi	a0, a0, 0x6fa
 10007a0: 00850433     	add	s0, a0, s0
 10007a4: 00044503     	lbu	a0, 0x0(s0)
 10007a8: 018005b7     	lui	a1, 0x1800
 10007ac: 6cc5c583     	lbu	a1, 0x6cc(a1)
 10007b0: 00d61023     	sh	a3, 0x0(a2)
 10007b4: 02d70633     	mul	a2, a4, a3
 10007b8: 018016b7     	lui	a3, 0x1801
 10007bc: c6c69223     	sh	a2, -0x39c(a3)
 10007c0: 01801d37     	lui	s10, 0x1801
 10007c4: d34d0d13     	addi	s10, s10, -0x2cc
 10007c8: 018019b7     	lui	s3, 0x1801
 10007cc: e8498993     	addi	s3, s3, -0x17c
 10007d0: 00050a63     	beqz	a0, 0x10007e4 <pjpeg_decode_mcu+0x2fc>
 10007d4: 01801d37     	lui	s10, 0x1801
 10007d8: ce4d0d13     	addi	s10, s10, -0x31c
 10007dc: 018019b7     	lui	s3, 0x1801
 10007e0: d8498993     	addi	s3, s3, -0x27c
 10007e4: 000104b7     	lui	s1, 0x10
 10007e8: fff48493     	addi	s1, s1, -0x1
 10007ec: 01800737     	lui	a4, 0x1800
 10007f0: 018016b7     	lui	a3, 0x1801
 10007f4: f8468693     	addi	a3, a3, -0x7c
 10007f8: 00058a63     	beqz	a1, 0x100080c <pjpeg_decode_mcu+0x324>
 10007fc: 2a050a63     	beqz	a0, 0x1000ab0 <pjpeg_decode_mcu+0x5c8>
 1000800: 01801537     	lui	a0, 0x1801
 1000804: ce450513     	addi	a0, a0, -0x31c
 1000808: 2b00006f     	j	0x1000ab8 <pjpeg_decode_mcu+0x5d0>
 100080c: 00100413     	li	s0, 0x1
 1000810: 0340006f     	j	0x1000844 <pjpeg_decode_mcu+0x35c>
 1000814: 0ff47593     	andi	a1, s0, 0xff
 1000818: 00bc867b     	custom0	a2, s9, a1
 100081c: 00061603     	lh	a2, 0x0(a2)
 1000820: 00bb05b3     	add	a1, s6, a1
 1000824: 00058583     	lb	a1, 0x0(a1)
 1000828: 02a60533     	mul	a0, a2, a0
 100082c: 00bd85fb     	custom0	a1, s11, a1
 1000830: 00a59023     	sh	a0, 0x0(a1)
 1000834: 00140413     	addi	s0, s0, 0x1
 1000838: 0ff47513     	andi	a0, s0, 0xff
 100083c: 04000593     	li	a1, 0x40
 1000840: 78b57e63     	bgeu	a0, a1, 0x1000fdc <pjpeg_decode_mcu+0xaf4>
 1000844: 000d0513     	mv	a0, s10
 1000848: 00098593     	mv	a1, s3
 100084c: 7f0030ef     	jal	0x100403c <huffDecode>
 1000850: 00050a13     	mv	s4, a0
 1000854: 00f57913     	andi	s2, a0, 0xf
 1000858: 06090e63     	beqz	s2, 0x10008d4 <pjpeg_decode_mcu+0x3ec>
 100085c: 018006b7     	lui	a3, 0x1800
 1000860: 7046dc03     	lhu	s8, 0x704(a3)
 1000864: 01800737     	lui	a4, 0x1800
 1000868: 70074583     	lbu	a1, 0x700(a4)
 100086c: 00900513     	li	a0, 0x9
 1000870: 0aa96863     	bltu	s2, a0, 0x1000920 <pjpeg_decode_mcu+0x438>
 1000874: ff890b13     	addi	s6, s2, -0x8
 1000878: 00bc1533     	sll	a0, s8, a1
 100087c: 70a69223     	sh	a0, 0x704(a3)
 1000880: 00100513     	li	a0, 0x1
 1000884: 119030ef     	jal	0x100419c <getOctet>
 1000888: 01800737     	lui	a4, 0x1800
 100088c: 018006b7     	lui	a3, 0x1800
 1000890: 7046d603     	lhu	a2, 0x704(a3)
 1000894: 70074583     	lbu	a1, 0x700(a4)
 1000898: 00a66533     	or	a0, a2, a0
 100089c: 00800613     	li	a2, 0x8
 10008a0: 40b60633     	sub	a2, a2, a1
 10008a4: 00c51533     	sll	a0, a0, a2
 10008a8: 01051513     	slli	a0, a0, 0x10
 10008ac: 01412603     	lw	a2, 0x14(sp)
 10008b0: 00cc7633     	and	a2, s8, a2
 10008b4: 01055c13     	srli	s8, a0, 0x10
 10008b8: 01855513     	srli	a0, a0, 0x18
 10008bc: 00c56ab3     	or	s5, a0, a2
 10008c0: 0ffb7513     	andi	a0, s6, 0xff
 10008c4: 06a5e663     	bltu	a1, a0, 0x1000930 <pjpeg_decode_mcu+0x448>
 10008c8: 41658533     	sub	a0, a1, s6
 10008cc: 016c15b3     	sll	a1, s8, s6
 10008d0: 0940006f     	j	0x1000964 <pjpeg_decode_mcu+0x47c>
 10008d4: 0f000513     	li	a0, 0xf0
 10008d8: 6caa1c63     	bne	s4, a0, 0x1000fb0 <pjpeg_decode_mcu+0xac8>
 10008dc: 0ff47413     	andi	s0, s0, 0xff
 10008e0: 03000513     	li	a0, 0x30
 10008e4: 00857463     	bgeu	a0, s0, 0x10008ec <pjpeg_decode_mcu+0x404>
 10008e8: 4850106f     	j	0x100256c <pjpeg_decode_mcu+0x2084>
 10008ec: 01040513     	addi	a0, s0, 0x10
 10008f0: 008b05b3     	add	a1, s6, s0
 10008f4: 00058583     	lb	a1, 0x0(a1)
 10008f8: 00140413     	addi	s0, s0, 0x1
 10008fc: 00bd85fb     	custom0	a1, s11, a1
 1000900: 00059023     	sh	zero, 0x0(a1)
 1000904: fea416e3     	bne	s0, a0, 0x10008f0 <pjpeg_decode_mcu+0x408>
 1000908: fff40413     	addi	s0, s0, -0x1
 100090c: 00140413     	addi	s0, s0, 0x1
 1000910: 0ff47513     	andi	a0, s0, 0xff
 1000914: 04000593     	li	a1, 0x40
 1000918: f2b566e3     	bltu	a0, a1, 0x1000844 <pjpeg_decode_mcu+0x35c>
 100091c: 6c00006f     	j	0x1000fdc <pjpeg_decode_mcu+0xaf4>
 1000920: 00090b13     	mv	s6, s2
 1000924: 000c0a93     	mv	s5, s8
 1000928: 0ff97513     	andi	a0, s2, 0xff
 100092c: f8a5fee3     	bgeu	a1, a0, 0x10008c8 <pjpeg_decode_mcu+0x3e0>
 1000930: 00bc1533     	sll	a0, s8, a1
 1000934: 70a69223     	sh	a0, 0x704(a3)
 1000938: 00100513     	li	a0, 0x1
 100093c: 061030ef     	jal	0x100419c <getOctet>
 1000940: 01800737     	lui	a4, 0x1800
 1000944: 018006b7     	lui	a3, 0x1800
 1000948: 7046d583     	lhu	a1, 0x704(a3)
 100094c: 70074603     	lbu	a2, 0x700(a4)
 1000950: 00a5e533     	or	a0, a1, a0
 1000954: 40cb05b3     	sub	a1, s6, a2
 1000958: 00b515b3     	sll	a1, a0, a1
 100095c: 41660533     	sub	a0, a2, s6
 1000960: 00850513     	addi	a0, a0, 0x8
 1000964: 70b69223     	sh	a1, 0x704(a3)
 1000968: 004a5593     	srli	a1, s4, 0x4
 100096c: 70a70023     	sb	a0, 0x700(a4)
 1000970: 0100fb37     	lui	s6, 0x100f
 1000974: 78cb0b13     	addi	s6, s6, 0x78c
 1000978: 04058863     	beqz	a1, 0x10009c8 <pjpeg_decode_mcu+0x4e0>
 100097c: 00858533     	add	a0, a1, s0
 1000980: 0ff57513     	andi	a0, a0, 0xff
 1000984: 03f00613     	li	a2, 0x3f
 1000988: 00a67463     	bgeu	a2, a0, 0x1000990 <pjpeg_decode_mcu+0x4a8>
 100098c: 3e10106f     	j	0x100256c <pjpeg_decode_mcu+0x2084>
 1000990: 0ff47413     	andi	s0, s0, 0xff
 1000994: 008b0533     	add	a0, s6, s0
 1000998: fff58593     	addi	a1, a1, -0x1
 100099c: 01059593     	slli	a1, a1, 0x10
 10009a0: 0105d593     	srli	a1, a1, 0x10
 10009a4: 008b0633     	add	a2, s6, s0
 10009a8: 00b605b3     	add	a1, a2, a1
 10009ac: 00158593     	addi	a1, a1, 0x1
 10009b0: 00050603     	lb	a2, 0x0(a0)
 10009b4: 00140413     	addi	s0, s0, 0x1
 10009b8: 00cd867b     	custom0	a2, s11, a2
 10009bc: 00150513     	addi	a0, a0, 0x1
 10009c0: 00061023     	sh	zero, 0x0(a2)
 10009c4: feb516e3     	bne	a0, a1, 0x10009b0 <pjpeg_decode_mcu+0x4c8>
 10009c8: 00291513     	slli	a0, s2, 0x2
 10009cc: 0100f5b7     	lui	a1, 0x100f
 10009d0: 2e058593     	addi	a1, a1, 0x2e0
 10009d4: 00b50533     	add	a0, a0, a1
 10009d8: 00052603     	lw	a2, 0x0(a0)
 10009dc: 01000513     	li	a0, 0x10
 10009e0: 41250533     	sub	a0, a0, s2
 10009e4: 00aad533     	srl	a0, s5, a0
 10009e8: 00100593     	li	a1, 0x1
 10009ec: 00060067     	jr	a2
 10009f0: 00200593     	li	a1, 0x2
 10009f4: 08b56c63     	bltu	a0, a1, 0x1000a8c <pjpeg_decode_mcu+0x5a4>
 10009f8: e1dff06f     	j	0x1000814 <pjpeg_decode_mcu+0x32c>
 10009fc: 000025b7     	lui	a1, 0x2
 1000a00: e0b57ae3     	bgeu	a0, a1, 0x1000814 <pjpeg_decode_mcu+0x32c>
 1000a04: 0880006f     	j	0x1000a8c <pjpeg_decode_mcu+0x5a4>
 1000a08: 40000593     	li	a1, 0x400
 1000a0c: e0b574e3     	bgeu	a0, a1, 0x1000814 <pjpeg_decode_mcu+0x32c>
 1000a10: 07c0006f     	j	0x1000a8c <pjpeg_decode_mcu+0x5a4>
 1000a14: 00800593     	li	a1, 0x8
 1000a18: deb57ee3     	bgeu	a0, a1, 0x1000814 <pjpeg_decode_mcu+0x32c>
 1000a1c: 0700006f     	j	0x1000a8c <pjpeg_decode_mcu+0x5a4>
 1000a20: 00100593     	li	a1, 0x1
 1000a24: 00b59593     	slli	a1, a1, 0xb
 1000a28: deb576e3     	bgeu	a0, a1, 0x1000814 <pjpeg_decode_mcu+0x32c>
 1000a2c: 0600006f     	j	0x1000a8c <pjpeg_decode_mcu+0x5a4>
 1000a30: 10000593     	li	a1, 0x100
 1000a34: deb570e3     	bgeu	a0, a1, 0x1000814 <pjpeg_decode_mcu+0x32c>
 1000a38: 0540006f     	j	0x1000a8c <pjpeg_decode_mcu+0x5a4>
 1000a3c: 000045b7     	lui	a1, 0x4
 1000a40: dcb57ae3     	bgeu	a0, a1, 0x1000814 <pjpeg_decode_mcu+0x32c>
 1000a44: 0480006f     	j	0x1000a8c <pjpeg_decode_mcu+0x5a4>
 1000a48: 00400593     	li	a1, 0x4
 1000a4c: dcb574e3     	bgeu	a0, a1, 0x1000814 <pjpeg_decode_mcu+0x32c>
 1000a50: 03c0006f     	j	0x1000a8c <pjpeg_decode_mcu+0x5a4>
 1000a54: 04000593     	li	a1, 0x40
 1000a58: dab57ee3     	bgeu	a0, a1, 0x1000814 <pjpeg_decode_mcu+0x32c>
 1000a5c: 0300006f     	j	0x1000a8c <pjpeg_decode_mcu+0x5a4>
 1000a60: 01000593     	li	a1, 0x10
 1000a64: dab578e3     	bgeu	a0, a1, 0x1000814 <pjpeg_decode_mcu+0x32c>
 1000a68: 0240006f     	j	0x1000a8c <pjpeg_decode_mcu+0x5a4>
 1000a6c: 000015b7     	lui	a1, 0x1
 1000a70: dab572e3     	bgeu	a0, a1, 0x1000814 <pjpeg_decode_mcu+0x32c>
 1000a74: 0180006f     	j	0x1000a8c <pjpeg_decode_mcu+0x5a4>
 1000a78: 02000593     	li	a1, 0x20
 1000a7c: d8b57ce3     	bgeu	a0, a1, 0x1000814 <pjpeg_decode_mcu+0x32c>
 1000a80: 00c0006f     	j	0x1000a8c <pjpeg_decode_mcu+0x5a4>
 1000a84: 20000593     	li	a1, 0x200
 1000a88: d8b576e3     	bgeu	a0, a1, 0x1000814 <pjpeg_decode_mcu+0x32c>
 1000a8c: 0100f5b7     	lui	a1, 0x100f
 1000a90: 7ea58593     	addi	a1, a1, 0x7ea
 1000a94: 012585fb     	custom0	a1, a1, s2
 1000a98: ffe59583     	lh	a1, -0x2(a1)
 1000a9c: 00a58533     	add	a0, a1, a0
 1000aa0: d75ff06f     	j	0x1000814 <pjpeg_decode_mcu+0x32c>
 1000aa4: 08000593     	li	a1, 0x80
 1000aa8: d6b576e3     	bgeu	a0, a1, 0x1000814 <pjpeg_decode_mcu+0x32c>
 1000aac: fe1ff06f     	j	0x1000a8c <pjpeg_decode_mcu+0x5a4>
 1000ab0: 01801537     	lui	a0, 0x1801
 1000ab4: d3450513     	addi	a0, a0, -0x2cc
 1000ab8: 02050593     	addi	a1, a0, 0x20
 1000abc: 00b12623     	sw	a1, 0xc(sp)
 1000ac0: 04050513     	addi	a0, a0, 0x40
 1000ac4: 00a12423     	sw	a0, 0x8(sp)
 1000ac8: 7047dc83     	lhu	s9, 0x704(a5)
 1000acc: 70084583     	lbu	a1, 0x700(a6)
 1000ad0: 00100a13     	li	s4, 0x1
 1000ad4: 0ff5f613     	andi	a2, a1, 0xff
 1000ad8: 000c8513     	mv	a0, s9
 1000adc: 02061a63     	bnez	a2, 0x1000b10 <pjpeg_decode_mcu+0x628>
 1000ae0: 00100513     	li	a0, 0x1
 1000ae4: 6b8030ef     	jal	0x100419c <getOctet>
 1000ae8: 018016b7     	lui	a3, 0x1801
 1000aec: f8468693     	addi	a3, a3, -0x7c
 1000af0: 01800737     	lui	a4, 0x1800
 1000af4: 018008b7     	lui	a7, 0x1800
 1000af8: 01800837     	lui	a6, 0x1800
 1000afc: 018007b7     	lui	a5, 0x1800
 1000b00: 70479583     	lh	a1, 0x704(a5)
 1000b04: 70084603     	lbu	a2, 0x700(a6)
 1000b08: 00a5e533     	or	a0, a1, a0
 1000b0c: 00860593     	addi	a1, a2, 0x8
 1000b10: 010c9413     	slli	s0, s9, 0x10
 1000b14: 01f45413     	srli	s0, s0, 0x1f
 1000b18: fff58593     	addi	a1, a1, -0x1
 1000b1c: 70b80023     	sb	a1, 0x700(a6)
 1000b20: 00151c93     	slli	s9, a0, 0x1
 1000b24: 71979223     	sh	s9, 0x704(a5)
 1000b28: 01000b13     	li	s6, 0x10
 1000b2c: 00c12c03     	lw	s8, 0xc(sp)
 1000b30: 00812a83     	lw	s5, 0x8(sp)
 1000b34: 000d0913     	mv	s2, s10
 1000b38: 0b40006f     	j	0x1000bec <pjpeg_decode_mcu+0x704>
 1000b3c: 018007b7     	lui	a5, 0x1800
 1000b40: 7027c603     	lbu	a2, 0x702(a5)
 1000b44: fff64693     	not	a3, a2
 1000b48: 70d78123     	sb	a3, 0x702(a5)
 1000b4c: f0160613     	addi	a2, a2, -0xff
 1000b50: 00163613     	seqz	a2, a2
 1000b54: fff60613     	addi	a2, a2, -0x1
 1000b58: fd966613     	ori	a2, a2, -0x27
 1000b5c: 018007b7     	lui	a5, 0x1800
 1000b60: 01800837     	lui	a6, 0x1800
 1000b64: fff50693     	addi	a3, a0, -0x1
 1000b68: 0ff6f693     	andi	a3, a3, 0xff
 1000b6c: 018012b7     	lui	t0, 0x1801
 1000b70: f8428293     	addi	t0, t0, -0x7c
 1000b74: 00d286b3     	add	a3, t0, a3
 1000b78: 00c68023     	sb	a2, 0x0(a3)
 1000b7c: 018016b7     	lui	a3, 0x1801
 1000b80: f8468693     	addi	a3, a3, -0x7c
 1000b84: ffe50513     	addi	a0, a0, -0x2
 1000b88: 70a701a3     	sb	a0, 0x703(a4)
 1000b8c: 0ff57513     	andi	a0, a0, 0xff
 1000b90: 00a68533     	add	a0, a3, a0
 1000b94: 0ff00613     	li	a2, 0xff
 1000b98: 00c50023     	sb	a2, 0x0(a0)
 1000b9c: 00258593     	addi	a1, a1, 0x2
 1000ba0: 70b880a3     	sb	a1, 0x701(a7)
 1000ba4: 70479503     	lh	a0, 0x704(a5)
 1000ba8: 70084583     	lbu	a1, 0x700(a6)
 1000bac: 00c56533     	or	a0, a0, a2
 1000bb0: 00858593     	addi	a1, a1, 0x8
 1000bb4: fff58593     	addi	a1, a1, -0x1
 1000bb8: 70b80023     	sb	a1, 0x700(a6)
 1000bbc: 010c9c93     	slli	s9, s9, 0x10
 1000bc0: 00151513     	slli	a0, a0, 0x1
 1000bc4: 70a79223     	sh	a0, 0x704(a5)
 1000bc8: 00141413     	slli	s0, s0, 0x1
 1000bcc: 01fcd613     	srli	a2, s9, 0x1f
 1000bd0: 00c46433     	or	s0, s0, a2
 1000bd4: 00290913     	addi	s2, s2, 0x2
 1000bd8: 001a8a93     	addi	s5, s5, 0x1
 1000bdc: fffb0b13     	addi	s6, s6, -0x1
 1000be0: 002c0c13     	addi	s8, s8, 0x2
 1000be4: 00050c93     	mv	s9, a0
 1000be8: 260b0663     	beqz	s6, 0x1000e54 <pjpeg_decode_mcu+0x96c>
 1000bec: 000c5503     	lhu	a0, 0x0(s8)
 1000bf0: 01041613     	slli	a2, s0, 0x10
 1000bf4: 01065613     	srli	a2, a2, 0x10
 1000bf8: 00c56463     	bltu	a0, a2, 0x1000c00 <pjpeg_decode_mcu+0x718>
 1000bfc: 14951063     	bne	a0, s1, 0x1000d3c <pjpeg_decode_mcu+0x854>
 1000c00: 0ff5f613     	andi	a2, a1, 0xff
 1000c04: 000c8513     	mv	a0, s9
 1000c08: fa0616e3     	bnez	a2, 0x1000bb4 <pjpeg_decode_mcu+0x6cc>
 1000c0c: 7018c583     	lbu	a1, 0x701(a7)
 1000c10: 06059063     	bnez	a1, 0x1000c70 <pjpeg_decode_mcu+0x788>
 1000c14: 018005b7     	lui	a1, 0x1800
 1000c18: 01800537     	lui	a0, 0x1800
 1000c1c: 6c452703     	lw	a4, 0x6c4(a0)
 1000c20: 01800537     	lui	a0, 0x1800
 1000c24: 6c852683     	lw	a3, 0x6c8(a0)
 1000c28: 00400513     	li	a0, 0x4
 1000c2c: 70a581a3     	sb	a0, 0x703(a1)
 1000c30: 0fc00593     	li	a1, 0xfc
 1000c34: 01812503     	lw	a0, 0x18(sp)
 1000c38: 01800637     	lui	a2, 0x1800
 1000c3c: 70160613     	addi	a2, a2, 0x701
 1000c40: 000700e7     	jalr	a4
 1000c44: 00050663     	beqz	a0, 0x1000c50 <pjpeg_decode_mcu+0x768>
 1000c48: 018005b7     	lui	a1, 0x1800
 1000c4c: 6ca58023     	sb	a0, 0x6c0(a1)
 1000c50: 018008b7     	lui	a7, 0x1800
 1000c54: 7018c583     	lbu	a1, 0x701(a7)
 1000c58: 018007b7     	lui	a5, 0x1800
 1000c5c: 01800837     	lui	a6, 0x1800
 1000c60: 01800737     	lui	a4, 0x1800
 1000c64: 018016b7     	lui	a3, 0x1801
 1000c68: f8468693     	addi	a3, a3, -0x7c
 1000c6c: 02058863     	beqz	a1, 0x1000c9c <pjpeg_decode_mcu+0x7b4>
 1000c70: 70374503     	lbu	a0, 0x703(a4)
 1000c74: 00a68633     	add	a2, a3, a0
 1000c78: 00064603     	lbu	a2, 0x0(a2)
 1000c7c: fff58593     	addi	a1, a1, -0x1
 1000c80: 70b880a3     	sb	a1, 0x701(a7)
 1000c84: 00150513     	addi	a0, a0, 0x1
 1000c88: 70a701a3     	sb	a0, 0x703(a4)
 1000c8c: f1761ce3     	bne	a2, s7, 0x1000ba4 <pjpeg_decode_mcu+0x6bc>
 1000c90: 0ff5f613     	andi	a2, a1, 0xff
 1000c94: 08061063     	bnez	a2, 0x1000d14 <pjpeg_decode_mcu+0x82c>
 1000c98: 01c0006f     	j	0x1000cb4 <pjpeg_decode_mcu+0x7cc>
 1000c9c: 01800637     	lui	a2, 0x1800
 1000ca0: 70264503     	lbu	a0, 0x702(a2)
 1000ca4: fff54593     	not	a1, a0
 1000ca8: 70b60123     	sb	a1, 0x702(a2)
 1000cac: 0d900613     	li	a2, 0xd9
 1000cb0: ef750ae3     	beq	a0, s7, 0x1000ba4 <pjpeg_decode_mcu+0x6bc>
 1000cb4: 018005b7     	lui	a1, 0x1800
 1000cb8: 01800537     	lui	a0, 0x1800
 1000cbc: 6c452703     	lw	a4, 0x6c4(a0)
 1000cc0: 01800537     	lui	a0, 0x1800
 1000cc4: 6c852683     	lw	a3, 0x6c8(a0)
 1000cc8: 00400513     	li	a0, 0x4
 1000ccc: 70a581a3     	sb	a0, 0x703(a1)
 1000cd0: 0fc00593     	li	a1, 0xfc
 1000cd4: 01812503     	lw	a0, 0x18(sp)
 1000cd8: 01800637     	lui	a2, 0x1800
 1000cdc: 70160613     	addi	a2, a2, 0x701
 1000ce0: 000700e7     	jalr	a4
 1000ce4: 00050663     	beqz	a0, 0x1000cf0 <pjpeg_decode_mcu+0x808>
 1000ce8: 018005b7     	lui	a1, 0x1800
 1000cec: 6ca58023     	sb	a0, 0x6c0(a1)
 1000cf0: 018008b7     	lui	a7, 0x1800
 1000cf4: 7018c583     	lbu	a1, 0x701(a7)
 1000cf8: 01800737     	lui	a4, 0x1800
 1000cfc: 70374503     	lbu	a0, 0x703(a4)
 1000d00: e2058ee3     	beqz	a1, 0x1000b3c <pjpeg_decode_mcu+0x654>
 1000d04: 018007b7     	lui	a5, 0x1800
 1000d08: 01800837     	lui	a6, 0x1800
 1000d0c: 018016b7     	lui	a3, 0x1801
 1000d10: f8468693     	addi	a3, a3, -0x7c
 1000d14: 0ff57613     	andi	a2, a0, 0xff
 1000d18: 00c68633     	add	a2, a3, a2
 1000d1c: 00064603     	lbu	a2, 0x0(a2)
 1000d20: fff58593     	addi	a1, a1, -0x1
 1000d24: 70b880a3     	sb	a1, 0x701(a7)
 1000d28: 00150513     	addi	a0, a0, 0x1
 1000d2c: 70a701a3     	sb	a0, 0x703(a4)
 1000d30: e2061ae3     	bnez	a2, 0x1000b64 <pjpeg_decode_mcu+0x67c>
 1000d34: 0ff00613     	li	a2, 0xff
 1000d38: e6dff06f     	j	0x1000ba4 <pjpeg_decode_mcu+0x6bc>
 1000d3c: 000ac503     	lbu	a0, 0x0(s5)
 1000d40: 00094603     	lbu	a2, 0x0(s2)
 1000d44: 00850533     	add	a0, a0, s0
 1000d48: 40c50533     	sub	a0, a0, a2
 1000d4c: 0ff57513     	andi	a0, a0, 0xff
 1000d50: 00a98533     	add	a0, s3, a0
 1000d54: 00054403     	lbu	s0, 0x0(a0)
 1000d58: 00f47913     	andi	s2, s0, 0xf
 1000d5c: 08090663     	beqz	s2, 0x1000de8 <pjpeg_decode_mcu+0x900>
 1000d60: 00900513     	li	a0, 0x9
 1000d64: 02a96c63     	bltu	s2, a0, 0x1000d9c <pjpeg_decode_mcu+0x8b4>
 1000d68: ff890913     	addi	s2, s2, -0x8
 1000d6c: 00bc9533     	sll	a0, s9, a1
 1000d70: 70a79223     	sh	a0, 0x704(a5)
 1000d74: 00100513     	li	a0, 0x1
 1000d78: 424030ef     	jal	0x100419c <getOctet>
 1000d7c: 01800837     	lui	a6, 0x1800
 1000d80: 018007b7     	lui	a5, 0x1800
 1000d84: 7047d603     	lhu	a2, 0x704(a5)
 1000d88: 70084583     	lbu	a1, 0x700(a6)
 1000d8c: 00a66533     	or	a0, a2, a0
 1000d90: 00800613     	li	a2, 0x8
 1000d94: 40b60633     	sub	a2, a2, a1
 1000d98: 00c51cb3     	sll	s9, a0, a2
 1000d9c: 0ff97613     	andi	a2, s2, 0xff
 1000da0: 0ff5f693     	andi	a3, a1, 0xff
 1000da4: 010c9513     	slli	a0, s9, 0x10
 1000da8: 01055513     	srli	a0, a0, 0x10
 1000dac: 04c6fe63     	bgeu	a3, a2, 0x1000e08 <pjpeg_decode_mcu+0x920>
 1000db0: 00b51533     	sll	a0, a0, a1
 1000db4: 70a79223     	sh	a0, 0x704(a5)
 1000db8: 00100513     	li	a0, 0x1
 1000dbc: 3e0030ef     	jal	0x100419c <getOctet>
 1000dc0: 01800837     	lui	a6, 0x1800
 1000dc4: 018007b7     	lui	a5, 0x1800
 1000dc8: 7047d583     	lhu	a1, 0x704(a5)
 1000dcc: 70084603     	lbu	a2, 0x700(a6)
 1000dd0: 00a5e533     	or	a0, a1, a0
 1000dd4: 40c905b3     	sub	a1, s2, a2
 1000dd8: 00b51cb3     	sll	s9, a0, a1
 1000ddc: 412605b3     	sub	a1, a2, s2
 1000de0: 00858593     	addi	a1, a1, 0x8
 1000de4: 02c0006f     	j	0x1000e10 <pjpeg_decode_mcu+0x928>
 1000de8: 0f000513     	li	a0, 0xf0
 1000dec: 06a41463     	bne	s0, a0, 0x1000e54 <pjpeg_decode_mcu+0x96c>
 1000df0: 0ffa7513     	andi	a0, s4, 0xff
 1000df4: 03000613     	li	a2, 0x30
 1000df8: 00a67463     	bgeu	a2, a0, 0x1000e00 <pjpeg_decode_mcu+0x918>
 1000dfc: 7700106f     	j	0x100256c <pjpeg_decode_mcu+0x2084>
 1000e00: 00fa0a13     	addi	s4, s4, 0xf
 1000e04: 0400006f     	j	0x1000e44 <pjpeg_decode_mcu+0x95c>
 1000e08: 412585b3     	sub	a1, a1, s2
 1000e0c: 01251cb3     	sll	s9, a0, s2
 1000e10: 018008b7     	lui	a7, 0x1800
 1000e14: 01800737     	lui	a4, 0x1800
 1000e18: 018016b7     	lui	a3, 0x1801
 1000e1c: f8468693     	addi	a3, a3, -0x7c
 1000e20: 71979223     	sh	s9, 0x704(a5)
 1000e24: 00445413     	srli	s0, s0, 0x4
 1000e28: 70b80023     	sb	a1, 0x700(a6)
 1000e2c: 00040c63     	beqz	s0, 0x1000e44 <pjpeg_decode_mcu+0x95c>
 1000e30: 01440a33     	add	s4, s0, s4
 1000e34: 0ffa7513     	andi	a0, s4, 0xff
 1000e38: 03f00613     	li	a2, 0x3f
 1000e3c: 00a67463     	bgeu	a2, a0, 0x1000e44 <pjpeg_decode_mcu+0x95c>
 1000e40: 72c0106f     	j	0x100256c <pjpeg_decode_mcu+0x2084>
 1000e44: 001a0a13     	addi	s4, s4, 0x1
 1000e48: 0ffa7513     	andi	a0, s4, 0xff
 1000e4c: 04000613     	li	a2, 0x40
 1000e50: c8c562e3     	bltu	a0, a2, 0x1000ad4 <pjpeg_decode_mcu+0x5ec>
 1000e54: 01801537     	lui	a0, 0x1801
 1000e58: c6451503     	lh	a0, -0x39c(a0)
 1000e5c: 04050513     	addi	a0, a0, 0x40
 1000e60: 00755513     	srli	a0, a0, 0x7
 1000e64: 08050513     	addi	a0, a0, 0x80
 1000e68: 01051593     	slli	a1, a0, 0x10
 1000e6c: 0105d613     	srli	a2, a1, 0x10
 1000e70: 00cbf863     	bgeu	s7, a2, 0x1000e80 <pjpeg_decode_mcu+0x998>
 1000e74: 4105d593     	srai	a1, a1, 0x10
 1000e78: 0005a513     	slti	a0, a1, 0x0
 1000e7c: fff50513     	addi	a0, a0, -0x1
 1000e80: 01012483     	lw	s1, 0x10(sp)
 1000e84: 0100fb37     	lui	s6, 0x100f
 1000e88: 78cb0b13     	addi	s6, s6, 0x78c
 1000e8c: 01800637     	lui	a2, 0x1800
 1000e90: 7a460613     	addi	a2, a2, 0x7a4
 1000e94: 05800713     	li	a4, 0x58
 1000e98: 0c600793     	li	a5, 0xc6
 1000e9c: 0b700813     	li	a6, 0xb7
 1000ea0: 00300893     	li	a7, 0x3
 1000ea4: 018005b7     	lui	a1, 0x1800
 1000ea8: 6d45a583     	lw	a1, 0x6d4(a1)
 1000eac: 00259593     	slli	a1, a1, 0x2
 1000eb0: 0100f6b7     	lui	a3, 0x100f
 1000eb4: 2b468693     	addi	a3, a3, 0x2b4
 1000eb8: 00d585b3     	add	a1, a1, a3
 1000ebc: 0005a583     	lw	a1, 0x0(a1)
 1000ec0: 00058067     	jr	a1
 1000ec4: 0ff4f593     	andi	a1, s1, 0xff
 1000ec8: 00200613     	li	a2, 0x2
 1000ecc: 1cc58ce3     	beq	a1, a2, 0x10018a4 <pjpeg_decode_mcu+0x13bc>
 1000ed0: 00100613     	li	a2, 0x1
 1000ed4: 18c582e3     	beq	a1, a2, 0x1001858 <pjpeg_decode_mcu+0x1370>
 1000ed8: ee059063     	bnez	a1, 0x10005b8 <pjpeg_decode_mcu+0xd0>
 1000edc: 0b80006f     	j	0x1000f94 <pjpeg_decode_mcu+0xaac>
 1000ee0: 0ff4f593     	andi	a1, s1, 0xff
 1000ee4: 00500693     	li	a3, 0x5
 1000ee8: ecb6e863     	bltu	a3, a1, 0x10005b8 <pjpeg_decode_mcu+0xd0>
 1000eec: 00259593     	slli	a1, a1, 0x2
 1000ef0: 0100f6b7     	lui	a3, 0x100f
 1000ef4: 2c868693     	addi	a3, a3, 0x2c8
 1000ef8: 00d585b3     	add	a1, a1, a3
 1000efc: 0005a583     	lw	a1, 0x0(a1)
 1000f00: 00058067     	jr	a1
 1000f04: 0ca60023     	sb	a0, 0xc0(a2)
 1000f08: 018015b7     	lui	a1, 0x1801
 1000f0c: 8a458593     	addi	a1, a1, -0x75c
 1000f10: 0ca58023     	sb	a0, 0xc0(a1)
 1000f14: 018015b7     	lui	a1, 0x1801
 1000f18: 9a458593     	addi	a1, a1, -0x65c
 1000f1c: 0ca58023     	sb	a0, 0xc0(a1)
 1000f20: e98ff06f     	j	0x10005b8 <pjpeg_decode_mcu+0xd0>
 1000f24: 0ff4f593     	andi	a1, s1, 0xff
 1000f28: 00100693     	li	a3, 0x1
 1000f2c: 5eb6ce63     	blt	a3, a1, 0x1001528 <pjpeg_decode_mcu+0x1040>
 1000f30: 06058263     	beqz	a1, 0x1000f94 <pjpeg_decode_mcu+0xaac>
 1000f34: 00100693     	li	a3, 0x1
 1000f38: e8d59063     	bne	a1, a3, 0x10005b8 <pjpeg_decode_mcu+0xd0>
 1000f3c: 04a60023     	sb	a0, 0x40(a2)
 1000f40: 018015b7     	lui	a1, 0x1801
 1000f44: 8a458593     	addi	a1, a1, -0x75c
 1000f48: 04a58023     	sb	a0, 0x40(a1)
 1000f4c: 018015b7     	lui	a1, 0x1801
 1000f50: 9a458593     	addi	a1, a1, -0x65c
 1000f54: 04a58023     	sb	a0, 0x40(a1)
 1000f58: e60ff06f     	j	0x10005b8 <pjpeg_decode_mcu+0xd0>
 1000f5c: 0ff4f593     	andi	a1, s1, 0xff
 1000f60: 00100693     	li	a3, 0x1
 1000f64: 66b6c263     	blt	a3, a1, 0x10015c8 <pjpeg_decode_mcu+0x10e0>
 1000f68: 02058663     	beqz	a1, 0x1000f94 <pjpeg_decode_mcu+0xaac>
 1000f6c: 00100693     	li	a3, 0x1
 1000f70: e4d59463     	bne	a1, a3, 0x10005b8 <pjpeg_decode_mcu+0xd0>
 1000f74: 08a60023     	sb	a0, 0x80(a2)
 1000f78: 018015b7     	lui	a1, 0x1801
 1000f7c: 8a458593     	addi	a1, a1, -0x75c
 1000f80: 08a58023     	sb	a0, 0x80(a1)
 1000f84: 018015b7     	lui	a1, 0x1801
 1000f88: 9a458593     	addi	a1, a1, -0x65c
 1000f8c: 08a58023     	sb	a0, 0x80(a1)
 1000f90: e28ff06f     	j	0x10005b8 <pjpeg_decode_mcu+0xd0>
 1000f94: 018005b7     	lui	a1, 0x1800
 1000f98: 7aa58223     	sb	a0, 0x7a4(a1)
 1000f9c: 018015b7     	lui	a1, 0x1801
 1000fa0: 8aa58223     	sb	a0, -0x75c(a1)
 1000fa4: 018015b7     	lui	a1, 0x1801
 1000fa8: 9aa58223     	sb	a0, -0x65c(a1)
 1000fac: e0cff06f     	j	0x10005b8 <pjpeg_decode_mcu+0xd0>
 1000fb0: 0ff47593     	andi	a1, s0, 0xff
 1000fb4: 00bb0533     	add	a0, s6, a1
 1000fb8: 00158593     	addi	a1, a1, 0x1
 1000fbc: 00050603     	lb	a2, 0x0(a0)
 1000fc0: 00cd867b     	custom0	a2, s11, a2
 1000fc4: 00061023     	sh	zero, 0x0(a2)
 1000fc8: 0ff5f613     	andi	a2, a1, 0xff
 1000fcc: 00150513     	addi	a0, a0, 0x1
 1000fd0: 00158593     	addi	a1, a1, 0x1
 1000fd4: 04000693     	li	a3, 0x40
 1000fd8: fed612e3     	bne	a2, a3, 0x1000fbc <pjpeg_decode_mcu+0xad4>
 1000fdc: 00000793     	li	a5, 0x0
 1000fe0: 008d8513     	addi	a0, s11, 0x8
 1000fe4: 00700a93     	li	s5, 0x7
 1000fe8: 01800c37     	lui	s8, 0x1800
 1000fec: 7a4c0c13     	addi	s8, s8, 0x7a4
 1000ff0: 05800c93     	li	s9, 0x58
 1000ff4: 0c600d13     	li	s10, 0xc6
 1000ff8: 0b700413     	li	s0, 0xb7
 1000ffc: 00300913     	li	s2, 0x3
 1001000: 0480006f     	j	0x1001048 <pjpeg_decode_mcu+0xb60>
 1001004: ff855603     	lhu	a2, -0x8(a0)
 1001008: 00060693     	mv	a3, a2
 100100c: 00060713     	mv	a4, a2
 1001010: 00060793     	mv	a5, a2
 1001014: 00060813     	mv	a6, a2
 1001018: 00060893     	mv	a7, a2
 100101c: 00060293     	mv	t0, a2
 1001020: fec51d23     	sh	a2, -0x6(a0)
 1001024: fed51e23     	sh	a3, -0x4(a0)
 1001028: fee51f23     	sh	a4, -0x2(a0)
 100102c: 00f51023     	sh	a5, 0x0(a0)
 1001030: 01051123     	sh	a6, 0x2(a0)
 1001034: 01151223     	sh	a7, 0x4(a0)
 1001038: 00551323     	sh	t0, 0x6(a0)
 100103c: 00158793     	addi	a5, a1, 0x1
 1001040: 01050513     	addi	a0, a0, 0x10
 1001044: 1355fc63     	bgeu	a1, s5, 0x100117c <pjpeg_decode_mcu+0xc94>
 1001048: ffa55803     	lhu	a6, -0x6(a0)
 100104c: ffc55603     	lhu	a2, -0x4(a0)
 1001050: ffe55883     	lhu	a7, -0x2(a0)
 1001054: 00055683     	lhu	a3, 0x0(a0)
 1001058: 00255283     	lhu	t0, 0x2(a0)
 100105c: 00455703     	lhu	a4, 0x4(a0)
 1001060: 00655303     	lhu	t1, 0x6(a0)
 1001064: 010665b3     	or	a1, a2, a6
 1001068: 00d8e3b3     	or	t2, a7, a3
 100106c: 0075e5b3     	or	a1, a1, t2
 1001070: 00e2e3b3     	or	t2, t0, a4
 1001074: 0063e3b3     	or	t2, t2, t1
 1001078: 0075e5b3     	or	a1, a1, t2
 100107c: 01059393     	slli	t2, a1, 0x10
 1001080: 00078593     	mv	a1, a5
 1001084: f80380e3     	beqz	t2, 0x1001004 <pjpeg_decode_mcu+0xb1c>
 1001088: 411287b3     	sub	a5, t0, a7
 100108c: 011288b3     	add	a7, t0, a7
 1001090: 010302b3     	add	t0, t1, a6
 1001094: 40680833     	sub	a6, a6, t1
 1001098: 41078333     	sub	t1, a5, a6
 100109c: 01031313     	slli	t1, t1, 0x10
 10010a0: 41035313     	srai	t1, t1, 0x10
 10010a4: 0c400393     	li	t2, 0xc4
 10010a8: 02730333     	mul	t1, t1, t2
 10010ac: 08030313     	addi	t1, t1, 0x80
 10010b0: 00835313     	srli	t1, t1, 0x8
 10010b4: 01081813     	slli	a6, a6, 0x10
 10010b8: 41085813     	srai	a6, a6, 0x10
 10010bc: 11500393     	li	t2, 0x115
 10010c0: 02780833     	mul	a6, a6, t2
 10010c4: 08080813     	addi	a6, a6, 0x80
 10010c8: 00885813     	srli	a6, a6, 0x8
 10010cc: 01079793     	slli	a5, a5, 0x10
 10010d0: 4107d793     	srai	a5, a5, 0x10
 10010d4: 29d00393     	li	t2, 0x29d
 10010d8: 027787b3     	mul	a5, a5, t2
 10010dc: 08078793     	addi	a5, a5, 0x80
 10010e0: 0087d793     	srli	a5, a5, 0x8
 10010e4: 40f307b3     	sub	a5, t1, a5
 10010e8: 411283b3     	sub	t2, t0, a7
 10010ec: 011282b3     	add	t0, t0, a7
 10010f0: 40580833     	sub	a6, a6, t0
 10010f4: 406808b3     	sub	a7, a6, t1
 10010f8: 01039393     	slli	t2, t2, 0x10
 10010fc: 4103d813     	srai	a6, t2, 0x10
 1001100: 16a00e13     	li	t3, 0x16a
 1001104: 03c80833     	mul	a6, a6, t3
 1001108: 08080813     	addi	a6, a6, 0x80
 100110c: ff851303     	lh	t1, -0x8(a0)
 1001110: 00885813     	srli	a6, a6, 0x8
 1001114: 41180833     	sub	a6, a6, a7
 1001118: 00f807b3     	add	a5, a6, a5
 100111c: 00d303b3     	add	t2, t1, a3
 1001120: 40d306b3     	sub	a3, t1, a3
 1001124: 40e60333     	sub	t1, a2, a4
 1001128: 00c70633     	add	a2, a4, a2
 100112c: 01031313     	slli	t1, t1, 0x10
 1001130: 41035713     	srai	a4, t1, 0x10
 1001134: 03c70733     	mul	a4, a4, t3
 1001138: 08070713     	addi	a4, a4, 0x80
 100113c: 00875713     	srli	a4, a4, 0x8
 1001140: 40c70733     	sub	a4, a4, a2
 1001144: 00c38333     	add	t1, t2, a2
 1001148: 40c383b3     	sub	t2, t2, a2
 100114c: 00e68e33     	add	t3, a3, a4
 1001150: 40e68eb3     	sub	t4, a3, a4
 1001154: 00530633     	add	a2, t1, t0
 1001158: fec51c23     	sh	a2, -0x8(a0)
 100115c: 011e0633     	add	a2, t3, a7
 1001160: 010e86b3     	add	a3, t4, a6
 1001164: 40f38733     	sub	a4, t2, a5
 1001168: 00f387b3     	add	a5, t2, a5
 100116c: 410e8833     	sub	a6, t4, a6
 1001170: 411e08b3     	sub	a7, t3, a7
 1001174: 405302b3     	sub	t0, t1, t0
 1001178: ea9ff06f     	j	0x1001020 <pjpeg_decode_mcu+0xb38>
 100117c: 00000613     	li	a2, 0x0
 1001180: 000d8513     	mv	a0, s11
 1001184: 0380006f     	j	0x10011bc <pjpeg_decode_mcu+0xcd4>
 1001188: 0ff87613     	andi	a2, a6, 0xff
 100118c: 0ff8f693     	andi	a3, a7, 0xff
 1001190: 0ff2f793     	andi	a5, t0, 0xff
 1001194: 0ff77713     	andi	a4, a4, 0xff
 1001198: 0ff37813     	andi	a6, t1, 0xff
 100119c: 02c51823     	sh	a2, 0x30(a0)
 10011a0: 04d51023     	sh	a3, 0x40(a0)
 10011a4: 04f51823     	sh	a5, 0x50(a0)
 10011a8: 06e51023     	sh	a4, 0x60(a0)
 10011ac: 07051823     	sh	a6, 0x70(a0)
 10011b0: 00250513     	addi	a0, a0, 0x2
 10011b4: 00158613     	addi	a2, a1, 0x1
 10011b8: 3155f263     	bgeu	a1, s5, 0x10014bc <pjpeg_decode_mcu+0xfd4>
 10011bc: 01055703     	lhu	a4, 0x10(a0)
 10011c0: 02055783     	lhu	a5, 0x20(a0)
 10011c4: 03055283     	lhu	t0, 0x30(a0)
 10011c8: 04055e83     	lhu	t4, 0x40(a0)
 10011cc: 05055e03     	lhu	t3, 0x50(a0)
 10011d0: 06055f03     	lhu	t5, 0x60(a0)
 10011d4: 07055f83     	lhu	t6, 0x70(a0)
 10011d8: 00e7e5b3     	or	a1, a5, a4
 10011dc: 01d2e6b3     	or	a3, t0, t4
 10011e0: 00d5e5b3     	or	a1, a1, a3
 10011e4: 01ee66b3     	or	a3, t3, t5
 10011e8: 01f6e6b3     	or	a3, a3, t6
 10011ec: 00d5e5b3     	or	a1, a1, a3
 10011f0: 01059693     	slli	a3, a1, 0x10
 10011f4: 00060593     	mv	a1, a2
 10011f8: 26068c63     	beqz	a3, 0x1001470 <pjpeg_decode_mcu+0xf88>
 10011fc: 005e0333     	add	t1, t3, t0
 1001200: 00ef83b3     	add	t2, t6, a4
 1001204: 00051403     	lh	s0, 0x0(a0)
 1001208: 00638933     	add	s2, t2, t1
 100120c: 01091613     	slli	a2, s2, 0x10
 1001210: 41065613     	srai	a2, a2, 0x10
 1001214: 01d40833     	add	a6, s0, t4
 1001218: 00ff08b3     	add	a7, t5, a5
 100121c: 011806b3     	add	a3, a6, a7
 1001220: 01069693     	slli	a3, a3, 0x10
 1001224: 4106d693     	srai	a3, a3, 0x10
 1001228: 00d609b3     	add	s3, a2, a3
 100122c: 04098993     	addi	s3, s3, 0x40
 1001230: 0079d993     	srli	s3, s3, 0x7
 1001234: 08098993     	addi	s3, s3, 0x80
 1001238: 0099fa33     	and	s4, s3, s1
 100123c: 014bfa63     	bgeu	s7, s4, 0x1001250 <pjpeg_decode_mcu+0xd68>
 1001240: 01099993     	slli	s3, s3, 0x10
 1001244: 4109d993     	srai	s3, s3, 0x10
 1001248: 0009a993     	slti	s3, s3, 0x0
 100124c: fff98993     	addi	s3, s3, -0x1
 1001250: 405e02b3     	sub	t0, t3, t0
 1001254: 41f70733     	sub	a4, a4, t6
 1001258: 40e28e33     	sub	t3, t0, a4
 100125c: 010e1e13     	slli	t3, t3, 0x10
 1001260: 410e5e13     	srai	t3, t3, 0x10
 1001264: 0c400f93     	li	t6, 0xc4
 1001268: 03fe0e33     	mul	t3, t3, t6
 100126c: 080e0e13     	addi	t3, t3, 0x80
 1001270: 008e5e13     	srli	t3, t3, 0x8
 1001274: 01071713     	slli	a4, a4, 0x10
 1001278: 41075713     	srai	a4, a4, 0x10
 100127c: 11500f93     	li	t6, 0x115
 1001280: 03f70733     	mul	a4, a4, t6
 1001284: 08070713     	addi	a4, a4, 0x80
 1001288: 00875713     	srli	a4, a4, 0x8
 100128c: 41270733     	sub	a4, a4, s2
 1001290: 41c70fb3     	sub	t6, a4, t3
 1001294: 010f9713     	slli	a4, t6, 0x10
 1001298: 41075713     	srai	a4, a4, 0x10
 100129c: 41d40eb3     	sub	t4, s0, t4
 10012a0: 41e787b3     	sub	a5, a5, t5
 10012a4: 01079793     	slli	a5, a5, 0x10
 10012a8: 4107d793     	srai	a5, a5, 0x10
 10012ac: 16a00f13     	li	t5, 0x16a
 10012b0: 03e787b3     	mul	a5, a5, t5
 10012b4: 08078793     	addi	a5, a5, 0x80
 10012b8: 0087d793     	srli	a5, a5, 0x8
 10012bc: 41178f33     	sub	t5, a5, a7
 10012c0: 01ee87b3     	add	a5, t4, t5
 10012c4: 0ff9f913     	andi	s2, s3, 0xff
 10012c8: 01079793     	slli	a5, a5, 0x10
 10012cc: 4107d793     	srai	a5, a5, 0x10
 10012d0: 00f70433     	add	s0, a4, a5
 10012d4: 04040413     	addi	s0, s0, 0x40
 10012d8: 00745413     	srli	s0, s0, 0x7
 10012dc: 08040413     	addi	s0, s0, 0x80
 10012e0: 009479b3     	and	s3, s0, s1
 10012e4: 01251023     	sh	s2, 0x0(a0)
 10012e8: 013bfa63     	bgeu	s7, s3, 0x10012fc <pjpeg_decode_mcu+0xe14>
 10012ec: 01041413     	slli	s0, s0, 0x10
 10012f0: 41045413     	srai	s0, s0, 0x10
 10012f4: 00042413     	slti	s0, s0, 0x0
 10012f8: fff40413     	addi	s0, s0, -0x1
 10012fc: 40638333     	sub	t1, t2, t1
 1001300: 01031313     	slli	t1, t1, 0x10
 1001304: 41035313     	srai	t1, t1, 0x10
 1001308: 16a00393     	li	t2, 0x16a
 100130c: 02730333     	mul	t1, t1, t2
 1001310: 08030313     	addi	t1, t1, 0x80
 1001314: 00835313     	srli	t1, t1, 0x8
 1001318: 41f30fb3     	sub	t6, t1, t6
 100131c: 010f9313     	slli	t1, t6, 0x10
 1001320: 41035313     	srai	t1, t1, 0x10
 1001324: 41ee83b3     	sub	t2, t4, t5
 1001328: 0ff47f13     	andi	t5, s0, 0xff
 100132c: 01039393     	slli	t2, t2, 0x10
 1001330: 4103d393     	srai	t2, t2, 0x10
 1001334: 00730eb3     	add	t4, t1, t2
 1001338: 040e8e93     	addi	t4, t4, 0x40
 100133c: 007ede93     	srli	t4, t4, 0x7
 1001340: 080e8e93     	addi	t4, t4, 0x80
 1001344: 009ef433     	and	s0, t4, s1
 1001348: 01e51823     	sh	t5, 0x10(a0)
 100134c: 00300913     	li	s2, 0x3
 1001350: 008bfa63     	bgeu	s7, s0, 0x1001364 <pjpeg_decode_mcu+0xe7c>
 1001354: 010e9e93     	slli	t4, t4, 0x10
 1001358: 410ede93     	srai	t4, t4, 0x10
 100135c: 000eae93     	slti	t4, t4, 0x0
 1001360: fffe8e93     	addi	t4, t4, -0x1
 1001364: 01029293     	slli	t0, t0, 0x10
 1001368: 4102d293     	srai	t0, t0, 0x10
 100136c: 29d00f13     	li	t5, 0x29d
 1001370: 03e282b3     	mul	t0, t0, t5
 1001374: 08028293     	addi	t0, t0, 0x80
 1001378: 0082d293     	srli	t0, t0, 0x8
 100137c: 405e02b3     	sub	t0, t3, t0
 1001380: 01f282b3     	add	t0, t0, t6
 1001384: 41180833     	sub	a6, a6, a7
 1001388: 0ffefe13     	andi	t3, t4, 0xff
 100138c: 01081813     	slli	a6, a6, 0x10
 1001390: 41085893     	srai	a7, a6, 0x10
 1001394: 01029293     	slli	t0, t0, 0x10
 1001398: 4102d293     	srai	t0, t0, 0x10
 100139c: 40588833     	sub	a6, a7, t0
 10013a0: 04080813     	addi	a6, a6, 0x40
 10013a4: 00785813     	srli	a6, a6, 0x7
 10013a8: 08080813     	addi	a6, a6, 0x80
 10013ac: 00987eb3     	and	t4, a6, s1
 10013b0: 03c51023     	sh	t3, 0x20(a0)
 10013b4: 0b700413     	li	s0, 0xb7
 10013b8: 01dbfa63     	bgeu	s7, t4, 0x10013cc <pjpeg_decode_mcu+0xee4>
 10013bc: 01081813     	slli	a6, a6, 0x10
 10013c0: 41085813     	srai	a6, a6, 0x10
 10013c4: 00082813     	slti	a6, a6, 0x0
 10013c8: fff80813     	addi	a6, a6, -0x1
 10013cc: 011288b3     	add	a7, t0, a7
 10013d0: 04088893     	addi	a7, a7, 0x40
 10013d4: 0078d893     	srli	a7, a7, 0x7
 10013d8: 08088893     	addi	a7, a7, 0x80
 10013dc: 0098f2b3     	and	t0, a7, s1
 10013e0: 005bfa63     	bgeu	s7, t0, 0x10013f4 <pjpeg_decode_mcu+0xf0c>
 10013e4: 01089893     	slli	a7, a7, 0x10
 10013e8: 4108d893     	srai	a7, a7, 0x10
 10013ec: 0008a893     	slti	a7, a7, 0x0
 10013f0: fff88893     	addi	a7, a7, -0x1
 10013f4: 406382b3     	sub	t0, t2, t1
 10013f8: 04028293     	addi	t0, t0, 0x40
 10013fc: 0072d293     	srli	t0, t0, 0x7
 1001400: 08028293     	addi	t0, t0, 0x80
 1001404: 0092f333     	and	t1, t0, s1
 1001408: 006bfa63     	bgeu	s7, t1, 0x100141c <pjpeg_decode_mcu+0xf34>
 100140c: 01029293     	slli	t0, t0, 0x10
 1001410: 4102d293     	srai	t0, t0, 0x10
 1001414: 0002a293     	slti	t0, t0, 0x0
 1001418: fff28293     	addi	t0, t0, -0x1
 100141c: 40e787b3     	sub	a5, a5, a4
 1001420: 04078713     	addi	a4, a5, 0x40
 1001424: 00775713     	srli	a4, a4, 0x7
 1001428: 08070713     	addi	a4, a4, 0x80
 100142c: 009777b3     	and	a5, a4, s1
 1001430: 00fbfa63     	bgeu	s7, a5, 0x1001444 <pjpeg_decode_mcu+0xf5c>
 1001434: 01071713     	slli	a4, a4, 0x10
 1001438: 41075713     	srai	a4, a4, 0x10
 100143c: 00072713     	slti	a4, a4, 0x0
 1001440: fff70713     	addi	a4, a4, -0x1
 1001444: 40c686b3     	sub	a3, a3, a2
 1001448: 04068613     	addi	a2, a3, 0x40
 100144c: 00765613     	srli	a2, a2, 0x7
 1001450: 08060313     	addi	t1, a2, 0x80
 1001454: 00937633     	and	a2, t1, s1
 1001458: d2cbf8e3     	bgeu	s7, a2, 0x1001188 <pjpeg_decode_mcu+0xca0>
 100145c: 01031313     	slli	t1, t1, 0x10
 1001460: 41035613     	srai	a2, t1, 0x10
 1001464: 00062313     	slti	t1, a2, 0x0
 1001468: fff30313     	addi	t1, t1, -0x1
 100146c: d1dff06f     	j	0x1001188 <pjpeg_decode_mcu+0xca0>
 1001470: 00051603     	lh	a2, 0x0(a0)
 1001474: 04060613     	addi	a2, a2, 0x40
 1001478: 00765613     	srli	a2, a2, 0x7
 100147c: 08060613     	addi	a2, a2, 0x80
 1001480: 01061693     	slli	a3, a2, 0x10
 1001484: 0106d713     	srli	a4, a3, 0x10
 1001488: 00ebf863     	bgeu	s7, a4, 0x1001498 <pjpeg_decode_mcu+0xfb0>
 100148c: 4106d693     	srai	a3, a3, 0x10
 1001490: 0006a613     	slti	a2, a3, 0x0
 1001494: fff60613     	addi	a2, a2, -0x1
 1001498: 0ff67613     	andi	a2, a2, 0xff
 100149c: 00c51023     	sh	a2, 0x0(a0)
 10014a0: 00c51823     	sh	a2, 0x10(a0)
 10014a4: 02c51023     	sh	a2, 0x20(a0)
 10014a8: 00060693     	mv	a3, a2
 10014ac: 00060793     	mv	a5, a2
 10014b0: 00060713     	mv	a4, a2
 10014b4: 00060813     	mv	a6, a2
 10014b8: ce5ff06f     	j	0x100119c <pjpeg_decode_mcu+0xcb4>
 10014bc: 01800537     	lui	a0, 0x1800
 10014c0: 6d452503     	lw	a0, 0x6d4(a0)
 10014c4: 00251513     	slli	a0, a0, 0x2
 10014c8: 0100f5b7     	lui	a1, 0x100f
 10014cc: 32058593     	addi	a1, a1, 0x320
 10014d0: 00b50533     	add	a0, a0, a1
 10014d4: 00052503     	lw	a0, 0x0(a0)
 10014d8: 00050067     	jr	a0
 10014dc: 000d8693     	mv	a3, s11
 10014e0: 01801537     	lui	a0, 0x1801
 10014e4: 9a450513     	addi	a0, a0, -0x65c
 10014e8: 01801637     	lui	a2, 0x1801
 10014ec: 8a460613     	addi	a2, a2, -0x75c
 10014f0: 000c0593     	mv	a1, s8
 10014f4: 01012483     	lw	s1, 0x10(sp)
 10014f8: 0006c703     	lbu	a4, 0x0(a3)
 10014fc: 00268693     	addi	a3, a3, 0x2
 1001500: 00158793     	addi	a5, a1, 0x1
 1001504: 00e60023     	sb	a4, 0x0(a2)
 1001508: 00160613     	addi	a2, a2, 0x1
 100150c: 00e50023     	sb	a4, 0x0(a0)
 1001510: 00150513     	addi	a0, a0, 0x1
 1001514: 040c0813     	addi	a6, s8, 0x40
 1001518: 00e58023     	sb	a4, 0x0(a1)
 100151c: 00078593     	mv	a1, a5
 1001520: fd079ce3     	bne	a5, a6, 0x10014f8 <pjpeg_decode_mcu+0x1010>
 1001524: 894ff06f     	j	0x10005b8 <pjpeg_decode_mcu+0xd0>
 1001528: 00200613     	li	a2, 0x2
 100152c: 3cc58a63     	beq	a1, a2, 0x1001900 <pjpeg_decode_mcu+0x1418>
 1001530: 89159463     	bne	a1, a7, 0x10005b8 <pjpeg_decode_mcu+0xd0>
 1001534: 018005b7     	lui	a1, 0x1800
 1001538: 7a45c683     	lbu	a3, 0x7a4(a1)
 100153c: 0ff57513     	andi	a0, a0, 0xff
 1001540: 06700593     	li	a1, 0x67
 1001544: 02b505b3     	mul	a1, a0, a1
 1001548: 02a5867b     	custom1	a2, a1, a0
 100154c: 00d606b3     	add	a3, a2, a3
 1001550: 00dbf663     	bgeu	s7, a3, 0x100155c <pjpeg_decode_mcu+0x1074>
 1001554: 0006a693     	slti	a3, a3, 0x0
 1001558: fff68693     	addi	a3, a3, -0x1
 100155c: 018007b7     	lui	a5, 0x1800
 1001560: 7a478593     	addi	a1, a5, 0x7a4
 1001564: 0405c703     	lbu	a4, 0x40(a1)
 1001568: 00e60633     	add	a2, a2, a4
 100156c: 7ad78223     	sb	a3, 0x7a4(a5)
 1001570: 00cbf663     	bgeu	s7, a2, 0x100157c <pjpeg_decode_mcu+0x1094>
 1001574: 00062613     	slti	a2, a2, 0x0
 1001578: fff60613     	addi	a2, a2, -0x1
 100157c: 018016b7     	lui	a3, 0x1801
 1001580: 8a46c683     	lbu	a3, -0x75c(a3)
 1001584: 0505057b     	custom7	a0, a0, a6
 1001588: fa550513     	addi	a0, a0, -0x5b
 100158c: 40a686b3     	sub	a3, a3, a0
 1001590: 04c58023     	sb	a2, 0x40(a1)
 1001594: 00dbf663     	bgeu	s7, a3, 0x10015a0 <pjpeg_decode_mcu+0x10b8>
 1001598: 0006a693     	slti	a3, a3, 0x0
 100159c: fff68693     	addi	a3, a3, -0x1
 10015a0: 01801737     	lui	a4, 0x1801
 10015a4: 8a470593     	addi	a1, a4, -0x75c
 10015a8: 0405c603     	lbu	a2, 0x40(a1)
 10015ac: 40a60533     	sub	a0, a2, a0
 10015b0: 8ad70223     	sb	a3, -0x75c(a4)
 10015b4: 00abf663     	bgeu	s7, a0, 0x10015c0 <pjpeg_decode_mcu+0x10d8>
 10015b8: 00052513     	slti	a0, a0, 0x0
 10015bc: fff50513     	addi	a0, a0, -0x1
 10015c0: 04a58023     	sb	a0, 0x40(a1)
 10015c4: ff5fe06f     	j	0x10005b8 <pjpeg_decode_mcu+0xd0>
 10015c8: 00200613     	li	a2, 0x2
 10015cc: 3ac58a63     	beq	a1, a2, 0x1001980 <pjpeg_decode_mcu+0x1498>
 10015d0: 01158463     	beq	a1, a7, 0x10015d8 <pjpeg_decode_mcu+0x10f0>
 10015d4: fe5fe06f     	j	0x10005b8 <pjpeg_decode_mcu+0xd0>
 10015d8: 018005b7     	lui	a1, 0x1800
 10015dc: 7a45c683     	lbu	a3, 0x7a4(a1)
 10015e0: 0ff57513     	andi	a0, a0, 0xff
 10015e4: 06700593     	li	a1, 0x67
 10015e8: 02b505b3     	mul	a1, a0, a1
 10015ec: 02a5867b     	custom1	a2, a1, a0
 10015f0: 00d606b3     	add	a3, a2, a3
 10015f4: 00dbf663     	bgeu	s7, a3, 0x1001600 <pjpeg_decode_mcu+0x1118>
 10015f8: 0006a693     	slti	a3, a3, 0x0
 10015fc: fff68693     	addi	a3, a3, -0x1
 1001600: 018007b7     	lui	a5, 0x1800
 1001604: 7a478593     	addi	a1, a5, 0x7a4
 1001608: 0805c703     	lbu	a4, 0x80(a1)
 100160c: 00e60633     	add	a2, a2, a4
 1001610: 7ad78223     	sb	a3, 0x7a4(a5)
 1001614: 00cbf663     	bgeu	s7, a2, 0x1001620 <pjpeg_decode_mcu+0x1138>
 1001618: 00062613     	slti	a2, a2, 0x0
 100161c: fff60613     	addi	a2, a2, -0x1
 1001620: 018016b7     	lui	a3, 0x1801
 1001624: 8a46c683     	lbu	a3, -0x75c(a3)
 1001628: 0505057b     	custom7	a0, a0, a6
 100162c: fa550513     	addi	a0, a0, -0x5b
 1001630: 40a686b3     	sub	a3, a3, a0
 1001634: 08c58023     	sb	a2, 0x80(a1)
 1001638: 00dbf663     	bgeu	s7, a3, 0x1001644 <pjpeg_decode_mcu+0x115c>
 100163c: 0006a693     	slti	a3, a3, 0x0
 1001640: fff68693     	addi	a3, a3, -0x1
 1001644: 01801737     	lui	a4, 0x1801
 1001648: 8a470593     	addi	a1, a4, -0x75c
 100164c: 0805c603     	lbu	a2, 0x80(a1)
 1001650: 40a60533     	sub	a0, a2, a0
 1001654: 8ad70223     	sb	a3, -0x75c(a4)
 1001658: 00abf663     	bgeu	s7, a0, 0x1001664 <pjpeg_decode_mcu+0x117c>
 100165c: 00052513     	slti	a0, a0, 0x0
 1001660: fff50513     	addi	a0, a0, -0x1
 1001664: 08a58023     	sb	a0, 0x80(a1)
 1001668: f51fe06f     	j	0x10005b8 <pjpeg_decode_mcu+0xd0>
 100166c: 01012483     	lw	s1, 0x10(sp)
 1001670: 0ff4f513     	andi	a0, s1, 0xff
 1001674: 00500593     	li	a1, 0x5
 1001678: 00a5f463     	bgeu	a1, a0, 0x1001680 <pjpeg_decode_mcu+0x1198>
 100167c: f3dfe06f     	j	0x10005b8 <pjpeg_decode_mcu+0xd0>
 1001680: 00251513     	slli	a0, a0, 0x2
 1001684: 0100f5b7     	lui	a1, 0x100f
 1001688: 33458593     	addi	a1, a1, 0x334
 100168c: 00b50533     	add	a0, a0, a1
 1001690: 00052503     	lw	a0, 0x0(a0)
 1001694: 00050067     	jr	a0
 1001698: 000d8693     	mv	a3, s11
 100169c: 01801537     	lui	a0, 0x1801
 10016a0: 9a450513     	addi	a0, a0, -0x65c
 10016a4: 01801637     	lui	a2, 0x1801
 10016a8: 8a460613     	addi	a2, a2, -0x75c
 10016ac: 000c0593     	mv	a1, s8
 10016b0: 0006c703     	lbu	a4, 0x0(a3)
 10016b4: 00268693     	addi	a3, a3, 0x2
 10016b8: 00158793     	addi	a5, a1, 0x1
 10016bc: 00e60023     	sb	a4, 0x0(a2)
 10016c0: 00160613     	addi	a2, a2, 0x1
 10016c4: 00e50023     	sb	a4, 0x0(a0)
 10016c8: 00150513     	addi	a0, a0, 0x1
 10016cc: 040c0813     	addi	a6, s8, 0x40
 10016d0: 00e58023     	sb	a4, 0x0(a1)
 10016d4: 00078593     	mv	a1, a5
 10016d8: fd079ce3     	bne	a5, a6, 0x10016b0 <pjpeg_decode_mcu+0x11c8>
 10016dc: eddfe06f     	j	0x10005b8 <pjpeg_decode_mcu+0xd0>
 10016e0: 01012483     	lw	s1, 0x10(sp)
 10016e4: 0ff4f513     	andi	a0, s1, 0xff
 10016e8: 00100593     	li	a1, 0x1
 10016ec: 30a5ca63     	blt	a1, a0, 0x1001a00 <pjpeg_decode_mcu+0x1518>
 10016f0: 7c050a63     	beqz	a0, 0x1001ec4 <pjpeg_decode_mcu+0x19dc>
 10016f4: 00100593     	li	a1, 0x1
 10016f8: 00b50463     	beq	a0, a1, 0x1001700 <pjpeg_decode_mcu+0x1218>
 10016fc: ebdfe06f     	j	0x10005b8 <pjpeg_decode_mcu+0xd0>
 1001700: 040c0513     	addi	a0, s8, 0x40
 1001704: 018015b7     	lui	a1, 0x1801
 1001708: 8a458593     	addi	a1, a1, -0x75c
 100170c: 04058613     	addi	a2, a1, 0x40
 1001710: 018015b7     	lui	a1, 0x1801
 1001714: 9a458593     	addi	a1, a1, -0x65c
 1001718: 04058593     	addi	a1, a1, 0x40
 100171c: 000d8693     	mv	a3, s11
 1001720: 0006c703     	lbu	a4, 0x0(a3)
 1001724: 00268693     	addi	a3, a3, 0x2
 1001728: 00150793     	addi	a5, a0, 0x1
 100172c: 00e60023     	sb	a4, 0x0(a2)
 1001730: 00160613     	addi	a2, a2, 0x1
 1001734: 00e58023     	sb	a4, 0x0(a1)
 1001738: 00158593     	addi	a1, a1, 0x1
 100173c: 080c0813     	addi	a6, s8, 0x80
 1001740: 00e50023     	sb	a4, 0x0(a0)
 1001744: 00078513     	mv	a0, a5
 1001748: fd079ce3     	bne	a5, a6, 0x1001720 <pjpeg_decode_mcu+0x1238>
 100174c: e6dfe06f     	j	0x10005b8 <pjpeg_decode_mcu+0xd0>
 1001750: 01012483     	lw	s1, 0x10(sp)
 1001754: 0ff4f513     	andi	a0, s1, 0xff
 1001758: 00100593     	li	a1, 0x1
 100175c: 36a5cc63     	blt	a1, a0, 0x1001ad4 <pjpeg_decode_mcu+0x15ec>
 1001760: 200504e3     	beqz	a0, 0x1002168 <pjpeg_decode_mcu+0x1c80>
 1001764: 00100593     	li	a1, 0x1
 1001768: 00b50463     	beq	a0, a1, 0x1001770 <pjpeg_decode_mcu+0x1288>
 100176c: e4dfe06f     	j	0x10005b8 <pjpeg_decode_mcu+0xd0>
 1001770: 080c0513     	addi	a0, s8, 0x80
 1001774: 018015b7     	lui	a1, 0x1801
 1001778: 8a458593     	addi	a1, a1, -0x75c
 100177c: 08058613     	addi	a2, a1, 0x80
 1001780: 018015b7     	lui	a1, 0x1801
 1001784: 9a458593     	addi	a1, a1, -0x65c
 1001788: 08058593     	addi	a1, a1, 0x80
 100178c: 000d8693     	mv	a3, s11
 1001790: 0006c703     	lbu	a4, 0x0(a3)
 1001794: 00268693     	addi	a3, a3, 0x2
 1001798: 00150793     	addi	a5, a0, 0x1
 100179c: 00e60023     	sb	a4, 0x0(a2)
 10017a0: 00160613     	addi	a2, a2, 0x1
 10017a4: 00e58023     	sb	a4, 0x0(a1)
 10017a8: 00158593     	addi	a1, a1, 0x1
 10017ac: 0c0c0813     	addi	a6, s8, 0xc0
 10017b0: 00e50023     	sb	a4, 0x0(a0)
 10017b4: 00078513     	mv	a0, a5
 10017b8: fd079ce3     	bne	a5, a6, 0x1001790 <pjpeg_decode_mcu+0x12a8>
 10017bc: dfdfe06f     	j	0x10005b8 <pjpeg_decode_mcu+0xd0>
 10017c0: 01012483     	lw	s1, 0x10(sp)
 10017c4: 0ff4f593     	andi	a1, s1, 0xff
 10017c8: 5e058463     	beqz	a1, 0x1001db0 <pjpeg_decode_mcu+0x18c8>
 10017cc: 080d8513     	addi	a0, s11, 0x80
 10017d0: 00100613     	li	a2, 0x1
 10017d4: 56c58663     	beq	a1, a2, 0x1001d40 <pjpeg_decode_mcu+0x1858>
 10017d8: 00200613     	li	a2, 0x2
 10017dc: 00c58463     	beq	a1, a2, 0x10017e4 <pjpeg_decode_mcu+0x12fc>
 10017e0: dd9fe06f     	j	0x10005b8 <pjpeg_decode_mcu+0xd0>
 10017e4: 000c0593     	mv	a1, s8
 10017e8: 01801637     	lui	a2, 0x1801
 10017ec: 8a460613     	addi	a2, a2, -0x75c
 10017f0: 000d8693     	mv	a3, s11
 10017f4: 01c0006f     	j	0x1001810 <pjpeg_decode_mcu+0x1328>
 10017f8: 00268693     	addi	a3, a3, 0x2
 10017fc: 00158593     	addi	a1, a1, 0x1
 1001800: 00e60023     	sb	a4, 0x0(a2)
 1001804: 00160613     	addi	a2, a2, 0x1
 1001808: 00a69463     	bne	a3, a0, 0x1001810 <pjpeg_decode_mcu+0x1328>
 100180c: dadfe06f     	j	0x10005b8 <pjpeg_decode_mcu+0xd0>
 1001810: 0006c703     	lbu	a4, 0x0(a3)
 1001814: 0005c783     	lbu	a5, 0x0(a1)
 1001818: 06700813     	li	a6, 0x67
 100181c: 03070833     	mul	a6, a4, a6
 1001820: 00f707b3     	add	a5, a4, a5
 1001824: 02f807fb     	custom1	a5, a6, a5
 1001828: 00fbf663     	bgeu	s7, a5, 0x1001834 <pjpeg_decode_mcu+0x134c>
 100182c: 0007a793     	slti	a5, a5, 0x0
 1001830: fff78793     	addi	a5, a5, -0x1
 1001834: 00064803     	lbu	a6, 0x0(a2)
 1001838: 0487077b     	custom7	a4, a4, s0
 100183c: 40e80833     	sub	a6, a6, a4
 1001840: 05b80713     	addi	a4, a6, 0x5b
 1001844: 00f58023     	sb	a5, 0x0(a1)
 1001848: faebf8e3     	bgeu	s7, a4, 0x10017f8 <pjpeg_decode_mcu+0x1310>
 100184c: fa582713     	slti	a4, a6, -0x5b
 1001850: fff70713     	addi	a4, a4, -0x1
 1001854: fa5ff06f     	j	0x10017f8 <pjpeg_decode_mcu+0x1310>
 1001858: 018015b7     	lui	a1, 0x1801
 100185c: 8a45c583     	lbu	a1, -0x75c(a1)
 1001860: 0ff57513     	andi	a0, a0, 0xff
 1001864: 04e5067b     	custom7	a2, a0, a4
 1001868: 40c58633     	sub	a2, a1, a2
 100186c: 02c60593     	addi	a1, a2, 0x2c
 1001870: 00bbf663     	bgeu	s7, a1, 0x100187c <pjpeg_decode_mcu+0x1394>
 1001874: fd462593     	slti	a1, a2, -0x2c
 1001878: fff58593     	addi	a1, a1, -0x1
 100187c: 01801637     	lui	a2, 0x1801
 1001880: 9a464603     	lbu	a2, -0x65c(a2)
 1001884: 06a7857b     	custom9	a0, a5, a0
 1001888: 08a6057b     	custom11	a0, a2, a0
 100188c: 01801637     	lui	a2, 0x1801
 1001890: 8ab60223     	sb	a1, -0x75c(a2)
 1001894: f0abf863     	bgeu	s7, a0, 0x1000fa4 <pjpeg_decode_mcu+0xabc>
 1001898: 00052513     	slti	a0, a0, 0x0
 100189c: fff50513     	addi	a0, a0, -0x1
 10018a0: f04ff06f     	j	0x1000fa4 <pjpeg_decode_mcu+0xabc>
 10018a4: 018005b7     	lui	a1, 0x1800
 10018a8: 7a45c583     	lbu	a1, 0x7a4(a1)
 10018ac: 0ff57513     	andi	a0, a0, 0xff
 10018b0: 06700613     	li	a2, 0x67
 10018b4: 06a6067b     	custom9	a2, a2, a0
 10018b8: 00b605b3     	add	a1, a2, a1
 10018bc: f4d58593     	addi	a1, a1, -0xb3
 10018c0: 00bbf663     	bgeu	s7, a1, 0x10018cc <pjpeg_decode_mcu+0x13e4>
 10018c4: 0005a593     	slti	a1, a1, 0x0
 10018c8: fff58593     	addi	a1, a1, -0x1
 10018cc: 01801637     	lui	a2, 0x1801
 10018d0: 8a464603     	lbu	a2, -0x75c(a2)
 10018d4: 0505057b     	custom7	a0, a0, a6
 10018d8: 40a60633     	sub	a2, a2, a0
 10018dc: 05b60513     	addi	a0, a2, 0x5b
 10018e0: 018006b7     	lui	a3, 0x1800
 10018e4: 7ab68223     	sb	a1, 0x7a4(a3)
 10018e8: 00abf663     	bgeu	s7, a0, 0x10018f4 <pjpeg_decode_mcu+0x140c>
 10018ec: fa562513     	slti	a0, a2, -0x5b
 10018f0: fff50513     	addi	a0, a0, -0x1
 10018f4: 018015b7     	lui	a1, 0x1801
 10018f8: 8aa58223     	sb	a0, -0x75c(a1)
 10018fc: cbdfe06f     	j	0x10005b8 <pjpeg_decode_mcu+0xd0>
 1001900: 018015b7     	lui	a1, 0x1801
 1001904: 8a45c683     	lbu	a3, -0x75c(a1)
 1001908: 0ff57513     	andi	a0, a0, 0xff
 100190c: 04e505fb     	custom7	a1, a0, a4
 1001910: fd458613     	addi	a2, a1, -0x2c
 1001914: 40c686b3     	sub	a3, a3, a2
 1001918: 00dbf663     	bgeu	s7, a3, 0x1001924 <pjpeg_decode_mcu+0x143c>
 100191c: 0006a693     	slti	a3, a3, 0x0
 1001920: fff68693     	addi	a3, a3, -0x1
 1001924: 01801837     	lui	a6, 0x1801
 1001928: 8a480593     	addi	a1, a6, -0x75c
 100192c: 0405c703     	lbu	a4, 0x40(a1)
 1001930: 40c70633     	sub	a2, a4, a2
 1001934: 8ad80223     	sb	a3, -0x75c(a6)
 1001938: 00cbf663     	bgeu	s7, a2, 0x1001944 <pjpeg_decode_mcu+0x145c>
 100193c: 00062613     	slti	a2, a2, 0x0
 1001940: fff60613     	addi	a2, a2, -0x1
 1001944: 018016b7     	lui	a3, 0x1801
 1001948: 9a46c683     	lbu	a3, -0x65c(a3)
 100194c: 06a7857b     	custom9	a0, a5, a0
 1001950: 08a686fb     	custom11	a3, a3, a0
 1001954: 04c58023     	sb	a2, 0x40(a1)
 1001958: 00dbf663     	bgeu	s7, a3, 0x1001964 <pjpeg_decode_mcu+0x147c>
 100195c: 0006a693     	slti	a3, a3, 0x0
 1001960: fff68693     	addi	a3, a3, -0x1
 1001964: 01801737     	lui	a4, 0x1801
 1001968: 9a470593     	addi	a1, a4, -0x65c
 100196c: 0405c603     	lbu	a2, 0x40(a1)
 1001970: 08a6057b     	custom11	a0, a2, a0
 1001974: 9ad70223     	sb	a3, -0x65c(a4)
 1001978: c4abe0e3     	bltu	s7, a0, 0x10015b8 <pjpeg_decode_mcu+0x10d0>
 100197c: c45ff06f     	j	0x10015c0 <pjpeg_decode_mcu+0x10d8>
 1001980: 018015b7     	lui	a1, 0x1801
 1001984: 8a45c683     	lbu	a3, -0x75c(a1)
 1001988: 0ff57513     	andi	a0, a0, 0xff
 100198c: 04e505fb     	custom7	a1, a0, a4
 1001990: fd458613     	addi	a2, a1, -0x2c
 1001994: 40c686b3     	sub	a3, a3, a2
 1001998: 00dbf663     	bgeu	s7, a3, 0x10019a4 <pjpeg_decode_mcu+0x14bc>
 100199c: 0006a693     	slti	a3, a3, 0x0
 10019a0: fff68693     	addi	a3, a3, -0x1
 10019a4: 01801837     	lui	a6, 0x1801
 10019a8: 8a480593     	addi	a1, a6, -0x75c
 10019ac: 0805c703     	lbu	a4, 0x80(a1)
 10019b0: 40c70633     	sub	a2, a4, a2
 10019b4: 8ad80223     	sb	a3, -0x75c(a6)
 10019b8: 00cbf663     	bgeu	s7, a2, 0x10019c4 <pjpeg_decode_mcu+0x14dc>
 10019bc: 00062613     	slti	a2, a2, 0x0
 10019c0: fff60613     	addi	a2, a2, -0x1
 10019c4: 018016b7     	lui	a3, 0x1801
 10019c8: 9a46c683     	lbu	a3, -0x65c(a3)
 10019cc: 06a7857b     	custom9	a0, a5, a0
 10019d0: 08a686fb     	custom11	a3, a3, a0
 10019d4: 08c58023     	sb	a2, 0x80(a1)
 10019d8: 00dbf663     	bgeu	s7, a3, 0x10019e4 <pjpeg_decode_mcu+0x14fc>
 10019dc: 0006a693     	slti	a3, a3, 0x0
 10019e0: fff68693     	addi	a3, a3, -0x1
 10019e4: 01801737     	lui	a4, 0x1801
 10019e8: 9a470593     	addi	a1, a4, -0x65c
 10019ec: 0805c603     	lbu	a2, 0x80(a1)
 10019f0: 08a6057b     	custom11	a0, a2, a0
 10019f4: 9ad70223     	sb	a3, -0x65c(a4)
 10019f8: c6abe2e3     	bltu	s7, a0, 0x100165c <pjpeg_decode_mcu+0x1174>
 10019fc: c69ff06f     	j	0x1001664 <pjpeg_decode_mcu+0x117c>
 1001a00: 00200593     	li	a1, 0x2
 1001a04: 50b50463     	beq	a0, a1, 0x1001f0c <pjpeg_decode_mcu+0x1a24>
 1001a08: 01250463     	beq	a0, s2, 0x1001a10 <pjpeg_decode_mcu+0x1528>
 1001a0c: badfe06f     	j	0x10005b8 <pjpeg_decode_mcu+0xd0>
 1001a10: 00000713     	li	a4, 0x0
 1001a14: 000d8513     	mv	a0, s11
 1001a18: 018015b7     	lui	a1, 0x1801
 1001a1c: 8a458593     	addi	a1, a1, -0x75c
 1001a20: 000c0613     	mv	a2, s8
 1001a24: 06700313     	li	t1, 0x67
 1001a28: 00c0006f     	j	0x1001a34 <pjpeg_decode_mcu+0x154c>
 1001a2c: 00168713     	addi	a4, a3, 0x1
 1001a30: 3d56f463     	bgeu	a3, s5, 0x1001df8 <pjpeg_decode_mcu+0x1910>
 1001a34: 00000813     	li	a6, 0x0
 1001a38: 00070693     	mv	a3, a4
 1001a3c: 00850513     	addi	a0, a0, 0x8
 1001a40: 01c0006f     	j	0x1001a5c <pjpeg_decode_mcu+0x1574>
 1001a44: 00f580a3     	sb	a5, 0x1(a1)
 1001a48: 00260613     	addi	a2, a2, 0x2
 1001a4c: 00258593     	addi	a1, a1, 0x2
 1001a50: 00170813     	addi	a6, a4, 0x1
 1001a54: 00250513     	addi	a0, a0, 0x2
 1001a58: fd277ae3     	bgeu	a4, s2, 0x1001a2c <pjpeg_decode_mcu+0x1544>
 1001a5c: ff854783     	lbu	a5, -0x8(a0)
 1001a60: 00064283     	lbu	t0, 0x0(a2)
 1001a64: 02678733     	mul	a4, a5, t1
 1001a68: 02f708fb     	custom1	a7, a4, a5
 1001a6c: 005882b3     	add	t0, a7, t0
 1001a70: 00080713     	mv	a4, a6
 1001a74: 005bf663     	bgeu	s7, t0, 0x1001a80 <pjpeg_decode_mcu+0x1598>
 1001a78: 0002a293     	slti	t0, t0, 0x0
 1001a7c: fff28293     	addi	t0, t0, -0x1
 1001a80: 00164803     	lbu	a6, 0x1(a2)
 1001a84: 01088833     	add	a6, a7, a6
 1001a88: 00560023     	sb	t0, 0x0(a2)
 1001a8c: 010bf663     	bgeu	s7, a6, 0x1001a98 <pjpeg_decode_mcu+0x15b0>
 1001a90: 00082813     	slti	a6, a6, 0x0
 1001a94: fff80813     	addi	a6, a6, -0x1
 1001a98: 0005c883     	lbu	a7, 0x0(a1)
 1001a9c: 048787fb     	custom7	a5, a5, s0
 1001aa0: fa578793     	addi	a5, a5, -0x5b
 1001aa4: 40f888b3     	sub	a7, a7, a5
 1001aa8: 010600a3     	sb	a6, 0x1(a2)
 1001aac: 011bf663     	bgeu	s7, a7, 0x1001ab8 <pjpeg_decode_mcu+0x15d0>
 1001ab0: 0008a893     	slti	a7, a7, 0x0
 1001ab4: fff88893     	addi	a7, a7, -0x1
 1001ab8: 0015c803     	lbu	a6, 0x1(a1)
 1001abc: 40f807b3     	sub	a5, a6, a5
 1001ac0: 01158023     	sb	a7, 0x0(a1)
 1001ac4: f8fbf0e3     	bgeu	s7, a5, 0x1001a44 <pjpeg_decode_mcu+0x155c>
 1001ac8: 0007a793     	slti	a5, a5, 0x0
 1001acc: fff78793     	addi	a5, a5, -0x1
 1001ad0: f75ff06f     	j	0x1001a44 <pjpeg_decode_mcu+0x155c>
 1001ad4: 00200593     	li	a1, 0x2
 1001ad8: 6cb50c63     	beq	a0, a1, 0x10021b0 <pjpeg_decode_mcu+0x1cc8>
 1001adc: 01250463     	beq	a0, s2, 0x1001ae4 <pjpeg_decode_mcu+0x15fc>
 1001ae0: ad9fe06f     	j	0x10005b8 <pjpeg_decode_mcu+0xd0>
 1001ae4: 00000713     	li	a4, 0x0
 1001ae8: 000d8513     	mv	a0, s11
 1001aec: 018015b7     	lui	a1, 0x1801
 1001af0: 8a458593     	addi	a1, a1, -0x75c
 1001af4: 000c0613     	mv	a2, s8
 1001af8: 06700393     	li	t2, 0x67
 1001afc: 0100006f     	j	0x1001b0c <pjpeg_decode_mcu+0x1624>
 1001b00: 01058593     	addi	a1, a1, 0x10
 1001b04: 00168713     	addi	a4, a3, 0x1
 1001b08: 5926f863     	bgeu	a3, s2, 0x1002098 <pjpeg_decode_mcu+0x1bb0>
 1001b0c: 00070693     	mv	a3, a4
 1001b10: 00758713     	addi	a4, a1, 0x7
 1001b14: 00860613     	addi	a2, a2, 0x8
 1001b18: 00058893     	mv	a7, a1
 1001b1c: 0180006f     	j	0x1001b34 <pjpeg_decode_mcu+0x164c>
 1001b20: 00250513     	addi	a0, a0, 0x2
 1001b24: 01078423     	sb	a6, 0x8(a5)
 1001b28: 00178893     	addi	a7, a5, 0x1
 1001b2c: 00160613     	addi	a2, a2, 0x1
 1001b30: fce788e3     	beq	a5, a4, 0x1001b00 <pjpeg_decode_mcu+0x1618>
 1001b34: 00054803     	lbu	a6, 0x0(a0)
 1001b38: ff864303     	lbu	t1, -0x8(a2)
 1001b3c: 027807b3     	mul	a5, a6, t2
 1001b40: 030782fb     	custom1	t0, a5, a6
 1001b44: 00628333     	add	t1, t0, t1
 1001b48: 00088793     	mv	a5, a7
 1001b4c: 006bf663     	bgeu	s7, t1, 0x1001b58 <pjpeg_decode_mcu+0x1670>
 1001b50: 00032313     	slti	t1, t1, 0x0
 1001b54: fff30313     	addi	t1, t1, -0x1
 1001b58: 00064883     	lbu	a7, 0x0(a2)
 1001b5c: 011288b3     	add	a7, t0, a7
 1001b60: fe660c23     	sb	t1, -0x8(a2)
 1001b64: 011bf663     	bgeu	s7, a7, 0x1001b70 <pjpeg_decode_mcu+0x1688>
 1001b68: 0008a893     	slti	a7, a7, 0x0
 1001b6c: fff88893     	addi	a7, a7, -0x1
 1001b70: 0007c283     	lbu	t0, 0x0(a5)
 1001b74: 0488087b     	custom7	a6, a6, s0
 1001b78: fa580813     	addi	a6, a6, -0x5b
 1001b7c: 410282b3     	sub	t0, t0, a6
 1001b80: 01160023     	sb	a7, 0x0(a2)
 1001b84: 005bf663     	bgeu	s7, t0, 0x1001b90 <pjpeg_decode_mcu+0x16a8>
 1001b88: 0002a293     	slti	t0, t0, 0x0
 1001b8c: fff28293     	addi	t0, t0, -0x1
 1001b90: 0087c883     	lbu	a7, 0x8(a5)
 1001b94: 41088833     	sub	a6, a7, a6
 1001b98: 00578023     	sb	t0, 0x0(a5)
 1001b9c: f90bf2e3     	bgeu	s7, a6, 0x1001b20 <pjpeg_decode_mcu+0x1638>
 1001ba0: 00082813     	slti	a6, a6, 0x0
 1001ba4: fff80813     	addi	a6, a6, -0x1
 1001ba8: f79ff06f     	j	0x1001b20 <pjpeg_decode_mcu+0x1638>
 1001bac: 018015b7     	lui	a1, 0x1801
 1001bb0: 8a45c683     	lbu	a3, -0x75c(a1)
 1001bb4: 0ff57513     	andi	a0, a0, 0xff
 1001bb8: 04e505fb     	custom7	a1, a0, a4
 1001bbc: fd458613     	addi	a2, a1, -0x2c
 1001bc0: 40c686b3     	sub	a3, a3, a2
 1001bc4: 00dbf663     	bgeu	s7, a3, 0x1001bd0 <pjpeg_decode_mcu+0x16e8>
 1001bc8: 0006a693     	slti	a3, a3, 0x0
 1001bcc: fff68693     	addi	a3, a3, -0x1
 1001bd0: 01801837     	lui	a6, 0x1801
 1001bd4: 8a480593     	addi	a1, a6, -0x75c
 1001bd8: 0405c703     	lbu	a4, 0x40(a1)
 1001bdc: 40c70733     	sub	a4, a4, a2
 1001be0: 8ad80223     	sb	a3, -0x75c(a6)
 1001be4: 76ebe063     	bltu	s7, a4, 0x1002344 <pjpeg_decode_mcu+0x1e5c>
 1001be8: 0805c683     	lbu	a3, 0x80(a1)
 1001bec: 40c686b3     	sub	a3, a3, a2
 1001bf0: 04e58023     	sb	a4, 0x40(a1)
 1001bf4: 76dbe463     	bltu	s7, a3, 0x100235c <pjpeg_decode_mcu+0x1e74>
 1001bf8: 0c05c703     	lbu	a4, 0xc0(a1)
 1001bfc: 40c70633     	sub	a2, a4, a2
 1001c00: 08d58023     	sb	a3, 0x80(a1)
 1001c04: 00cbf663     	bgeu	s7, a2, 0x1001c10 <pjpeg_decode_mcu+0x1728>
 1001c08: 00062613     	slti	a2, a2, 0x0
 1001c0c: fff60613     	addi	a2, a2, -0x1
 1001c10: 018016b7     	lui	a3, 0x1801
 1001c14: 9a46c683     	lbu	a3, -0x65c(a3)
 1001c18: 06a7857b     	custom9	a0, a5, a0
 1001c1c: 08a686fb     	custom11	a3, a3, a0
 1001c20: 0cc58023     	sb	a2, 0xc0(a1)
 1001c24: 00dbf663     	bgeu	s7, a3, 0x1001c30 <pjpeg_decode_mcu+0x1748>
 1001c28: 0006a693     	slti	a3, a3, 0x0
 1001c2c: fff68693     	addi	a3, a3, -0x1
 1001c30: 01801737     	lui	a4, 0x1801
 1001c34: 9a470593     	addi	a1, a4, -0x65c
 1001c38: 0405c603     	lbu	a2, 0x40(a1)
 1001c3c: 08a6067b     	custom11	a2, a2, a0
 1001c40: 9ad70223     	sb	a3, -0x65c(a4)
 1001c44: 72cbea63     	bltu	s7, a2, 0x1002378 <pjpeg_decode_mcu+0x1e90>
 1001c48: 0805c683     	lbu	a3, 0x80(a1)
 1001c4c: 08a686fb     	custom11	a3, a3, a0
 1001c50: 04c58023     	sb	a2, 0x40(a1)
 1001c54: 72dbee63     	bltu	s7, a3, 0x1002390 <pjpeg_decode_mcu+0x1ea8>
 1001c58: 0c05c603     	lbu	a2, 0xc0(a1)
 1001c5c: 08a6057b     	custom11	a0, a2, a0
 1001c60: 08d58023     	sb	a3, 0x80(a1)
 1001c64: 00abf663     	bgeu	s7, a0, 0x1001c70 <pjpeg_decode_mcu+0x1788>
 1001c68: 00052513     	slti	a0, a0, 0x0
 1001c6c: fff50513     	addi	a0, a0, -0x1
 1001c70: 0ca58023     	sb	a0, 0xc0(a1)
 1001c74: 945fe06f     	j	0x10005b8 <pjpeg_decode_mcu+0xd0>
 1001c78: 018005b7     	lui	a1, 0x1800
 1001c7c: 7a45c683     	lbu	a3, 0x7a4(a1)
 1001c80: 0ff57513     	andi	a0, a0, 0xff
 1001c84: 06700593     	li	a1, 0x67
 1001c88: 02b505b3     	mul	a1, a0, a1
 1001c8c: 02a5867b     	custom1	a2, a1, a0
 1001c90: 00d606b3     	add	a3, a2, a3
 1001c94: 00dbf663     	bgeu	s7, a3, 0x1001ca0 <pjpeg_decode_mcu+0x17b8>
 1001c98: 0006a693     	slti	a3, a3, 0x0
 1001c9c: fff68693     	addi	a3, a3, -0x1
 1001ca0: 018007b7     	lui	a5, 0x1800
 1001ca4: 7a478593     	addi	a1, a5, 0x7a4
 1001ca8: 0405c703     	lbu	a4, 0x40(a1)
 1001cac: 00e60733     	add	a4, a2, a4
 1001cb0: 7ad78223     	sb	a3, 0x7a4(a5)
 1001cb4: 6eebec63     	bltu	s7, a4, 0x10023ac <pjpeg_decode_mcu+0x1ec4>
 1001cb8: 0805c683     	lbu	a3, 0x80(a1)
 1001cbc: 00d606b3     	add	a3, a2, a3
 1001cc0: 04e58023     	sb	a4, 0x40(a1)
 1001cc4: 70dbe063     	bltu	s7, a3, 0x10023c4 <pjpeg_decode_mcu+0x1edc>
 1001cc8: 0c05c703     	lbu	a4, 0xc0(a1)
 1001ccc: 00e60633     	add	a2, a2, a4
 1001cd0: 08d58023     	sb	a3, 0x80(a1)
 1001cd4: 00cbf663     	bgeu	s7, a2, 0x1001ce0 <pjpeg_decode_mcu+0x17f8>
 1001cd8: 00062613     	slti	a2, a2, 0x0
 1001cdc: fff60613     	addi	a2, a2, -0x1
 1001ce0: 018016b7     	lui	a3, 0x1801
 1001ce4: 8a46c683     	lbu	a3, -0x75c(a3)
 1001ce8: 0505057b     	custom7	a0, a0, a6
 1001cec: fa550513     	addi	a0, a0, -0x5b
 1001cf0: 40a686b3     	sub	a3, a3, a0
 1001cf4: 0cc58023     	sb	a2, 0xc0(a1)
 1001cf8: 00dbf663     	bgeu	s7, a3, 0x1001d04 <pjpeg_decode_mcu+0x181c>
 1001cfc: 0006a693     	slti	a3, a3, 0x0
 1001d00: fff68693     	addi	a3, a3, -0x1
 1001d04: 01801737     	lui	a4, 0x1801
 1001d08: 8a470593     	addi	a1, a4, -0x75c
 1001d0c: 0405c603     	lbu	a2, 0x40(a1)
 1001d10: 40a60633     	sub	a2, a2, a0
 1001d14: 8ad70223     	sb	a3, -0x75c(a4)
 1001d18: 6ccbe463     	bltu	s7, a2, 0x10023e0 <pjpeg_decode_mcu+0x1ef8>
 1001d1c: 0805c683     	lbu	a3, 0x80(a1)
 1001d20: 40a686b3     	sub	a3, a3, a0
 1001d24: 04c58023     	sb	a2, 0x40(a1)
 1001d28: 6cdbe863     	bltu	s7, a3, 0x10023f8 <pjpeg_decode_mcu+0x1f10>
 1001d2c: 0c05c603     	lbu	a2, 0xc0(a1)
 1001d30: 40a60533     	sub	a0, a2, a0
 1001d34: 08d58023     	sb	a3, 0x80(a1)
 1001d38: f2abe8e3     	bltu	s7, a0, 0x1001c68 <pjpeg_decode_mcu+0x1780>
 1001d3c: f35ff06f     	j	0x1001c70 <pjpeg_decode_mcu+0x1788>
 1001d40: 018015b7     	lui	a1, 0x1801
 1001d44: 8a458593     	addi	a1, a1, -0x75c
 1001d48: 01801637     	lui	a2, 0x1801
 1001d4c: 9a460613     	addi	a2, a2, -0x65c
 1001d50: 000d8693     	mv	a3, s11
 1001d54: 01c0006f     	j	0x1001d70 <pjpeg_decode_mcu+0x1888>
 1001d58: 00268693     	addi	a3, a3, 0x2
 1001d5c: 00158593     	addi	a1, a1, 0x1
 1001d60: 00e60023     	sb	a4, 0x0(a2)
 1001d64: 00160613     	addi	a2, a2, 0x1
 1001d68: 00a69463     	bne	a3, a0, 0x1001d70 <pjpeg_decode_mcu+0x1888>
 1001d6c: 84dfe06f     	j	0x10005b8 <pjpeg_decode_mcu+0xd0>
 1001d70: 0006c703     	lbu	a4, 0x0(a3)
 1001d74: 0005c783     	lbu	a5, 0x0(a1)
 1001d78: 0597087b     	custom7	a6, a4, s9
 1001d7c: 410787b3     	sub	a5, a5, a6
 1001d80: 02c78793     	addi	a5, a5, 0x2c
 1001d84: 00fbf663     	bgeu	s7, a5, 0x1001d90 <pjpeg_decode_mcu+0x18a8>
 1001d88: 0007a793     	slti	a5, a5, 0x0
 1001d8c: fff78793     	addi	a5, a5, -0x1
 1001d90: 00064803     	lbu	a6, 0x0(a2)
 1001d94: 06ed077b     	custom9	a4, s10, a4
 1001d98: 08e8077b     	custom11	a4, a6, a4
 1001d9c: 00f58023     	sb	a5, 0x0(a1)
 1001da0: faebfce3     	bgeu	s7, a4, 0x1001d58 <pjpeg_decode_mcu+0x1870>
 1001da4: 00072713     	slti	a4, a4, 0x0
 1001da8: fff70713     	addi	a4, a4, -0x1
 1001dac: fadff06f     	j	0x1001d58 <pjpeg_decode_mcu+0x1870>
 1001db0: 000d8693     	mv	a3, s11
 1001db4: 01801537     	lui	a0, 0x1801
 1001db8: 9a450513     	addi	a0, a0, -0x65c
 1001dbc: 01801637     	lui	a2, 0x1801
 1001dc0: 8a460613     	addi	a2, a2, -0x75c
 1001dc4: 000c0593     	mv	a1, s8
 1001dc8: 0006c703     	lbu	a4, 0x0(a3)
 1001dcc: 00268693     	addi	a3, a3, 0x2
 1001dd0: 00158793     	addi	a5, a1, 0x1
 1001dd4: 00e60023     	sb	a4, 0x0(a2)
 1001dd8: 00160613     	addi	a2, a2, 0x1
 1001ddc: 00e50023     	sb	a4, 0x0(a0)
 1001de0: 00150513     	addi	a0, a0, 0x1
 1001de4: 040c0813     	addi	a6, s8, 0x40
 1001de8: 00e58023     	sb	a4, 0x0(a1)
 1001dec: 00078593     	mv	a1, a5
 1001df0: fd079ce3     	bne	a5, a6, 0x1001dc8 <pjpeg_decode_mcu+0x18e0>
 1001df4: fc4fe06f     	j	0x10005b8 <pjpeg_decode_mcu+0xd0>
 1001df8: 00000713     	li	a4, 0x0
 1001dfc: 040c0513     	addi	a0, s8, 0x40
 1001e00: 018015b7     	lui	a1, 0x1801
 1001e04: 8a458593     	addi	a1, a1, -0x75c
 1001e08: 04058593     	addi	a1, a1, 0x40
 1001e0c: 008d8613     	addi	a2, s11, 0x8
 1001e10: 0100006f     	j	0x1001e20 <pjpeg_decode_mcu+0x1938>
 1001e14: 00168713     	addi	a4, a3, 0x1
 1001e18: 0156e463     	bltu	a3, s5, 0x1001e20 <pjpeg_decode_mcu+0x1938>
 1001e1c: f9cfe06f     	j	0x10005b8 <pjpeg_decode_mcu+0xd0>
 1001e20: 00000813     	li	a6, 0x0
 1001e24: 00070693     	mv	a3, a4
 1001e28: 00860613     	addi	a2, a2, 0x8
 1001e2c: 06700313     	li	t1, 0x67
 1001e30: 01c0006f     	j	0x1001e4c <pjpeg_decode_mcu+0x1964>
 1001e34: 00f580a3     	sb	a5, 0x1(a1)
 1001e38: 00250513     	addi	a0, a0, 0x2
 1001e3c: 00258593     	addi	a1, a1, 0x2
 1001e40: 00170813     	addi	a6, a4, 0x1
 1001e44: 00260613     	addi	a2, a2, 0x2
 1001e48: fd2776e3     	bgeu	a4, s2, 0x1001e14 <pjpeg_decode_mcu+0x192c>
 1001e4c: ff864783     	lbu	a5, -0x8(a2)
 1001e50: 00054283     	lbu	t0, 0x0(a0)
 1001e54: 02678733     	mul	a4, a5, t1
 1001e58: 02f708fb     	custom1	a7, a4, a5
 1001e5c: 005882b3     	add	t0, a7, t0
 1001e60: 00080713     	mv	a4, a6
 1001e64: 005bf663     	bgeu	s7, t0, 0x1001e70 <pjpeg_decode_mcu+0x1988>
 1001e68: 0002a293     	slti	t0, t0, 0x0
 1001e6c: fff28293     	addi	t0, t0, -0x1
 1001e70: 00154803     	lbu	a6, 0x1(a0)
 1001e74: 01088833     	add	a6, a7, a6
 1001e78: 00550023     	sb	t0, 0x0(a0)
 1001e7c: 010bf663     	bgeu	s7, a6, 0x1001e88 <pjpeg_decode_mcu+0x19a0>
 1001e80: 00082813     	slti	a6, a6, 0x0
 1001e84: fff80813     	addi	a6, a6, -0x1
 1001e88: 0005c883     	lbu	a7, 0x0(a1)
 1001e8c: 048787fb     	custom7	a5, a5, s0
 1001e90: fa578793     	addi	a5, a5, -0x5b
 1001e94: 40f888b3     	sub	a7, a7, a5
 1001e98: 010500a3     	sb	a6, 0x1(a0)
 1001e9c: 011bf663     	bgeu	s7, a7, 0x1001ea8 <pjpeg_decode_mcu+0x19c0>
 1001ea0: 0008a893     	slti	a7, a7, 0x0
 1001ea4: fff88893     	addi	a7, a7, -0x1
 1001ea8: 0015c803     	lbu	a6, 0x1(a1)
 1001eac: 40f807b3     	sub	a5, a6, a5
 1001eb0: 01158023     	sb	a7, 0x0(a1)
 1001eb4: f8fbf0e3     	bgeu	s7, a5, 0x1001e34 <pjpeg_decode_mcu+0x194c>
 1001eb8: 0007a793     	slti	a5, a5, 0x0
 1001ebc: fff78793     	addi	a5, a5, -0x1
 1001ec0: f75ff06f     	j	0x1001e34 <pjpeg_decode_mcu+0x194c>
 1001ec4: 000d8693     	mv	a3, s11
 1001ec8: 01801537     	lui	a0, 0x1801
 1001ecc: 9a450513     	addi	a0, a0, -0x65c
 1001ed0: 01801637     	lui	a2, 0x1801
 1001ed4: 8a460613     	addi	a2, a2, -0x75c
 1001ed8: 000c0593     	mv	a1, s8
 1001edc: 0006c703     	lbu	a4, 0x0(a3)
 1001ee0: 00268693     	addi	a3, a3, 0x2
 1001ee4: 00158793     	addi	a5, a1, 0x1
 1001ee8: 00e60023     	sb	a4, 0x0(a2)
 1001eec: 00160613     	addi	a2, a2, 0x1
 1001ef0: 00e50023     	sb	a4, 0x0(a0)
 1001ef4: 00150513     	addi	a0, a0, 0x1
 1001ef8: 040c0813     	addi	a6, s8, 0x40
 1001efc: 00e58023     	sb	a4, 0x0(a1)
 1001f00: 00078593     	mv	a1, a5
 1001f04: fd079ce3     	bne	a5, a6, 0x1001edc <pjpeg_decode_mcu+0x19f4>
 1001f08: eb0fe06f     	j	0x10005b8 <pjpeg_decode_mcu+0xd0>
 1001f0c: 00000713     	li	a4, 0x0
 1001f10: 000d8513     	mv	a0, s11
 1001f14: 018015b7     	lui	a1, 0x1801
 1001f18: 9a458593     	addi	a1, a1, -0x65c
 1001f1c: 01801637     	lui	a2, 0x1801
 1001f20: 8a460613     	addi	a2, a2, -0x75c
 1001f24: 00c0006f     	j	0x1001f30 <pjpeg_decode_mcu+0x1a48>
 1001f28: 00168713     	addi	a4, a3, 0x1
 1001f2c: 0b56f063     	bgeu	a3, s5, 0x1001fcc <pjpeg_decode_mcu+0x1ae4>
 1001f30: 00000813     	li	a6, 0x0
 1001f34: 00070693     	mv	a3, a4
 1001f38: 00850513     	addi	a0, a0, 0x8
 1001f3c: 01c0006f     	j	0x1001f58 <pjpeg_decode_mcu+0x1a70>
 1001f40: 00f580a3     	sb	a5, 0x1(a1)
 1001f44: 00260613     	addi	a2, a2, 0x2
 1001f48: 00258593     	addi	a1, a1, 0x2
 1001f4c: 00170813     	addi	a6, a4, 0x1
 1001f50: 00250513     	addi	a0, a0, 0x2
 1001f54: fd277ae3     	bgeu	a4, s2, 0x1001f28 <pjpeg_decode_mcu+0x1a40>
 1001f58: ff854783     	lbu	a5, -0x8(a0)
 1001f5c: 00064703     	lbu	a4, 0x0(a2)
 1001f60: 059788fb     	custom7	a7, a5, s9
 1001f64: fd488893     	addi	a7, a7, -0x2c
 1001f68: 411702b3     	sub	t0, a4, a7
 1001f6c: 00080713     	mv	a4, a6
 1001f70: 005bf663     	bgeu	s7, t0, 0x1001f7c <pjpeg_decode_mcu+0x1a94>
 1001f74: 0002a293     	slti	t0, t0, 0x0
 1001f78: fff28293     	addi	t0, t0, -0x1
 1001f7c: 00164803     	lbu	a6, 0x1(a2)
 1001f80: 41180833     	sub	a6, a6, a7
 1001f84: 00560023     	sb	t0, 0x0(a2)
 1001f88: 010bf663     	bgeu	s7, a6, 0x1001f94 <pjpeg_decode_mcu+0x1aac>
 1001f8c: 00082813     	slti	a6, a6, 0x0
 1001f90: fff80813     	addi	a6, a6, -0x1
 1001f94: 0005c883     	lbu	a7, 0x0(a1)
 1001f98: 06fd07fb     	custom9	a5, s10, a5
 1001f9c: 08f888fb     	custom11	a7, a7, a5
 1001fa0: 010600a3     	sb	a6, 0x1(a2)
 1001fa4: 011bf663     	bgeu	s7, a7, 0x1001fb0 <pjpeg_decode_mcu+0x1ac8>
 1001fa8: 0008a893     	slti	a7, a7, 0x0
 1001fac: fff88893     	addi	a7, a7, -0x1
 1001fb0: 0015c803     	lbu	a6, 0x1(a1)
 1001fb4: 08f807fb     	custom11	a5, a6, a5
 1001fb8: 01158023     	sb	a7, 0x0(a1)
 1001fbc: f8fbf2e3     	bgeu	s7, a5, 0x1001f40 <pjpeg_decode_mcu+0x1a58>
 1001fc0: 0007a793     	slti	a5, a5, 0x0
 1001fc4: fff78793     	addi	a5, a5, -0x1
 1001fc8: f79ff06f     	j	0x1001f40 <pjpeg_decode_mcu+0x1a58>
 1001fcc: 00000713     	li	a4, 0x0
 1001fd0: 01801537     	lui	a0, 0x1801
 1001fd4: 8a450513     	addi	a0, a0, -0x75c
 1001fd8: 04050513     	addi	a0, a0, 0x40
 1001fdc: 018015b7     	lui	a1, 0x1801
 1001fe0: 9a458593     	addi	a1, a1, -0x65c
 1001fe4: 04058593     	addi	a1, a1, 0x40
 1001fe8: 008d8613     	addi	a2, s11, 0x8
 1001fec: 0100006f     	j	0x1001ffc <pjpeg_decode_mcu+0x1b14>
 1001ff0: 00168713     	addi	a4, a3, 0x1
 1001ff4: 0156e463     	bltu	a3, s5, 0x1001ffc <pjpeg_decode_mcu+0x1b14>
 1001ff8: dc0fe06f     	j	0x10005b8 <pjpeg_decode_mcu+0xd0>
 1001ffc: 00000813     	li	a6, 0x0
 1002000: 00070693     	mv	a3, a4
 1002004: 00860613     	addi	a2, a2, 0x8
 1002008: 01c0006f     	j	0x1002024 <pjpeg_decode_mcu+0x1b3c>
 100200c: 00f580a3     	sb	a5, 0x1(a1)
 1002010: 00250513     	addi	a0, a0, 0x2
 1002014: 00258593     	addi	a1, a1, 0x2
 1002018: 00170813     	addi	a6, a4, 0x1
 100201c: 00260613     	addi	a2, a2, 0x2
 1002020: fd2778e3     	bgeu	a4, s2, 0x1001ff0 <pjpeg_decode_mcu+0x1b08>
 1002024: ff864783     	lbu	a5, -0x8(a2)
 1002028: 00054703     	lbu	a4, 0x0(a0)
 100202c: 059788fb     	custom7	a7, a5, s9
 1002030: fd488893     	addi	a7, a7, -0x2c
 1002034: 411702b3     	sub	t0, a4, a7
 1002038: 00080713     	mv	a4, a6
 100203c: 005bf663     	bgeu	s7, t0, 0x1002048 <pjpeg_decode_mcu+0x1b60>
 1002040: 0002a293     	slti	t0, t0, 0x0
 1002044: fff28293     	addi	t0, t0, -0x1
 1002048: 00154803     	lbu	a6, 0x1(a0)
 100204c: 41180833     	sub	a6, a6, a7
 1002050: 00550023     	sb	t0, 0x0(a0)
 1002054: 010bf663     	bgeu	s7, a6, 0x1002060 <pjpeg_decode_mcu+0x1b78>
 1002058: 00082813     	slti	a6, a6, 0x0
 100205c: fff80813     	addi	a6, a6, -0x1
 1002060: 0005c883     	lbu	a7, 0x0(a1)
 1002064: 06fd07fb     	custom9	a5, s10, a5
 1002068: 08f888fb     	custom11	a7, a7, a5
 100206c: 010500a3     	sb	a6, 0x1(a0)
 1002070: 011bf663     	bgeu	s7, a7, 0x100207c <pjpeg_decode_mcu+0x1b94>
 1002074: 0008a893     	slti	a7, a7, 0x0
 1002078: fff88893     	addi	a7, a7, -0x1
 100207c: 0015c803     	lbu	a6, 0x1(a1)
 1002080: 08f807fb     	custom11	a5, a6, a5
 1002084: 01158023     	sb	a7, 0x0(a1)
 1002088: f8fbf2e3     	bgeu	s7, a5, 0x100200c <pjpeg_decode_mcu+0x1b24>
 100208c: 0007a793     	slti	a5, a5, 0x0
 1002090: fff78793     	addi	a5, a5, -0x1
 1002094: f79ff06f     	j	0x100200c <pjpeg_decode_mcu+0x1b24>
 1002098: 00000713     	li	a4, 0x0
 100209c: 080c0513     	addi	a0, s8, 0x80
 10020a0: 018015b7     	lui	a1, 0x1801
 10020a4: 8a458593     	addi	a1, a1, -0x75c
 10020a8: 08058593     	addi	a1, a1, 0x80
 10020ac: 040d8613     	addi	a2, s11, 0x40
 10020b0: 0140006f     	j	0x10020c4 <pjpeg_decode_mcu+0x1bdc>
 10020b4: 01058593     	addi	a1, a1, 0x10
 10020b8: 00168713     	addi	a4, a3, 0x1
 10020bc: 0126e463     	bltu	a3, s2, 0x10020c4 <pjpeg_decode_mcu+0x1bdc>
 10020c0: cf8fe06f     	j	0x10005b8 <pjpeg_decode_mcu+0xd0>
 10020c4: 00070693     	mv	a3, a4
 10020c8: 00758713     	addi	a4, a1, 0x7
 10020cc: 00850513     	addi	a0, a0, 0x8
 10020d0: 00058893     	mv	a7, a1
 10020d4: 06700393     	li	t2, 0x67
 10020d8: 0180006f     	j	0x10020f0 <pjpeg_decode_mcu+0x1c08>
 10020dc: 00260613     	addi	a2, a2, 0x2
 10020e0: 01078423     	sb	a6, 0x8(a5)
 10020e4: 00178893     	addi	a7, a5, 0x1
 10020e8: 00150513     	addi	a0, a0, 0x1
 10020ec: fce784e3     	beq	a5, a4, 0x10020b4 <pjpeg_decode_mcu+0x1bcc>
 10020f0: 00064803     	lbu	a6, 0x0(a2)
 10020f4: ff854303     	lbu	t1, -0x8(a0)
 10020f8: 027807b3     	mul	a5, a6, t2
 10020fc: 030782fb     	custom1	t0, a5, a6
 1002100: 00628333     	add	t1, t0, t1
 1002104: 00088793     	mv	a5, a7
 1002108: 006bf663     	bgeu	s7, t1, 0x1002114 <pjpeg_decode_mcu+0x1c2c>
 100210c: 00032313     	slti	t1, t1, 0x0
 1002110: fff30313     	addi	t1, t1, -0x1
 1002114: 00054883     	lbu	a7, 0x0(a0)
 1002118: 011288b3     	add	a7, t0, a7
 100211c: fe650c23     	sb	t1, -0x8(a0)
 1002120: 011bf663     	bgeu	s7, a7, 0x100212c <pjpeg_decode_mcu+0x1c44>
 1002124: 0008a893     	slti	a7, a7, 0x0
 1002128: fff88893     	addi	a7, a7, -0x1
 100212c: 0007c283     	lbu	t0, 0x0(a5)
 1002130: 0488087b     	custom7	a6, a6, s0
 1002134: fa580813     	addi	a6, a6, -0x5b
 1002138: 410282b3     	sub	t0, t0, a6
 100213c: 01150023     	sb	a7, 0x0(a0)
 1002140: 005bf663     	bgeu	s7, t0, 0x100214c <pjpeg_decode_mcu+0x1c64>
 1002144: 0002a293     	slti	t0, t0, 0x0
 1002148: fff28293     	addi	t0, t0, -0x1
 100214c: 0087c883     	lbu	a7, 0x8(a5)
 1002150: 41088833     	sub	a6, a7, a6
 1002154: 00578023     	sb	t0, 0x0(a5)
 1002158: f90bf2e3     	bgeu	s7, a6, 0x10020dc <pjpeg_decode_mcu+0x1bf4>
 100215c: 00082813     	slti	a6, a6, 0x0
 1002160: fff80813     	addi	a6, a6, -0x1
 1002164: f79ff06f     	j	0x10020dc <pjpeg_decode_mcu+0x1bf4>
 1002168: 000d8693     	mv	a3, s11
 100216c: 01801537     	lui	a0, 0x1801
 1002170: 9a450513     	addi	a0, a0, -0x65c
 1002174: 01801637     	lui	a2, 0x1801
 1002178: 8a460613     	addi	a2, a2, -0x75c
 100217c: 000c0593     	mv	a1, s8
 1002180: 0006c703     	lbu	a4, 0x0(a3)
 1002184: 00268693     	addi	a3, a3, 0x2
 1002188: 00158793     	addi	a5, a1, 0x1
 100218c: 00e60023     	sb	a4, 0x0(a2)
 1002190: 00160613     	addi	a2, a2, 0x1
 1002194: 00e50023     	sb	a4, 0x0(a0)
 1002198: 00150513     	addi	a0, a0, 0x1
 100219c: 040c0813     	addi	a6, s8, 0x40
 10021a0: 00e58023     	sb	a4, 0x0(a1)
 10021a4: 00078593     	mv	a1, a5
 10021a8: fd079ce3     	bne	a5, a6, 0x1002180 <pjpeg_decode_mcu+0x1c98>
 10021ac: c0cfe06f     	j	0x10005b8 <pjpeg_decode_mcu+0xd0>
 10021b0: 00000713     	li	a4, 0x0
 10021b4: 000d8513     	mv	a0, s11
 10021b8: 018015b7     	lui	a1, 0x1801
 10021bc: 9a458593     	addi	a1, a1, -0x65c
 10021c0: 01801637     	lui	a2, 0x1801
 10021c4: 8a460613     	addi	a2, a2, -0x75c
 10021c8: 0100006f     	j	0x10021d8 <pjpeg_decode_mcu+0x1cf0>
 10021cc: 01058593     	addi	a1, a1, 0x10
 10021d0: 00168713     	addi	a4, a3, 0x1
 10021d4: 0b26f063     	bgeu	a3, s2, 0x1002274 <pjpeg_decode_mcu+0x1d8c>
 10021d8: 00070693     	mv	a3, a4
 10021dc: 00758713     	addi	a4, a1, 0x7
 10021e0: 00860613     	addi	a2, a2, 0x8
 10021e4: 00058893     	mv	a7, a1
 10021e8: 0180006f     	j	0x1002200 <pjpeg_decode_mcu+0x1d18>
 10021ec: 00250513     	addi	a0, a0, 0x2
 10021f0: 01078423     	sb	a6, 0x8(a5)
 10021f4: 00178893     	addi	a7, a5, 0x1
 10021f8: 00160613     	addi	a2, a2, 0x1
 10021fc: fce788e3     	beq	a5, a4, 0x10021cc <pjpeg_decode_mcu+0x1ce4>
 1002200: 00054803     	lbu	a6, 0x0(a0)
 1002204: ff864783     	lbu	a5, -0x8(a2)
 1002208: 059802fb     	custom7	t0, a6, s9
 100220c: fd428293     	addi	t0, t0, -0x2c
 1002210: 40578333     	sub	t1, a5, t0
 1002214: 00088793     	mv	a5, a7
 1002218: 006bf663     	bgeu	s7, t1, 0x1002224 <pjpeg_decode_mcu+0x1d3c>
 100221c: 00032313     	slti	t1, t1, 0x0
 1002220: fff30313     	addi	t1, t1, -0x1
 1002224: 00064883     	lbu	a7, 0x0(a2)
 1002228: 405888b3     	sub	a7, a7, t0
 100222c: fe660c23     	sb	t1, -0x8(a2)
 1002230: 011bf663     	bgeu	s7, a7, 0x100223c <pjpeg_decode_mcu+0x1d54>
 1002234: 0008a893     	slti	a7, a7, 0x0
 1002238: fff88893     	addi	a7, a7, -0x1
 100223c: 0007c283     	lbu	t0, 0x0(a5)
 1002240: 070d087b     	custom9	a6, s10, a6
 1002244: 090282fb     	custom11	t0, t0, a6
 1002248: 01160023     	sb	a7, 0x0(a2)
 100224c: 005bf663     	bgeu	s7, t0, 0x1002258 <pjpeg_decode_mcu+0x1d70>
 1002250: 0002a293     	slti	t0, t0, 0x0
 1002254: fff28293     	addi	t0, t0, -0x1
 1002258: 0087c883     	lbu	a7, 0x8(a5)
 100225c: 0908887b     	custom11	a6, a7, a6
 1002260: 00578023     	sb	t0, 0x0(a5)
 1002264: f90bf4e3     	bgeu	s7, a6, 0x10021ec <pjpeg_decode_mcu+0x1d04>
 1002268: 00082813     	slti	a6, a6, 0x0
 100226c: fff80813     	addi	a6, a6, -0x1
 1002270: f7dff06f     	j	0x10021ec <pjpeg_decode_mcu+0x1d04>
 1002274: 00000713     	li	a4, 0x0
 1002278: 01801537     	lui	a0, 0x1801
 100227c: 8a450513     	addi	a0, a0, -0x75c
 1002280: 08050513     	addi	a0, a0, 0x80
 1002284: 018015b7     	lui	a1, 0x1801
 1002288: 9a458593     	addi	a1, a1, -0x65c
 100228c: 08058593     	addi	a1, a1, 0x80
 1002290: 040d8613     	addi	a2, s11, 0x40
 1002294: 0140006f     	j	0x10022a8 <pjpeg_decode_mcu+0x1dc0>
 1002298: 01058593     	addi	a1, a1, 0x10
 100229c: 00168713     	addi	a4, a3, 0x1
 10022a0: 0126e463     	bltu	a3, s2, 0x10022a8 <pjpeg_decode_mcu+0x1dc0>
 10022a4: b14fe06f     	j	0x10005b8 <pjpeg_decode_mcu+0xd0>
 10022a8: 00070693     	mv	a3, a4
 10022ac: 00758713     	addi	a4, a1, 0x7
 10022b0: 00850513     	addi	a0, a0, 0x8
 10022b4: 00058893     	mv	a7, a1
 10022b8: 0180006f     	j	0x10022d0 <pjpeg_decode_mcu+0x1de8>
 10022bc: 00260613     	addi	a2, a2, 0x2
 10022c0: 01078423     	sb	a6, 0x8(a5)
 10022c4: 00178893     	addi	a7, a5, 0x1
 10022c8: 00150513     	addi	a0, a0, 0x1
 10022cc: fce786e3     	beq	a5, a4, 0x1002298 <pjpeg_decode_mcu+0x1db0>
 10022d0: 00064803     	lbu	a6, 0x0(a2)
 10022d4: ff854783     	lbu	a5, -0x8(a0)
 10022d8: 059802fb     	custom7	t0, a6, s9
 10022dc: fd428293     	addi	t0, t0, -0x2c
 10022e0: 40578333     	sub	t1, a5, t0
 10022e4: 00088793     	mv	a5, a7
 10022e8: 006bf663     	bgeu	s7, t1, 0x10022f4 <pjpeg_decode_mcu+0x1e0c>
 10022ec: 00032313     	slti	t1, t1, 0x0
 10022f0: fff30313     	addi	t1, t1, -0x1
 10022f4: 00054883     	lbu	a7, 0x0(a0)
 10022f8: 405888b3     	sub	a7, a7, t0
 10022fc: fe650c23     	sb	t1, -0x8(a0)
 1002300: 011bf663     	bgeu	s7, a7, 0x100230c <pjpeg_decode_mcu+0x1e24>
 1002304: 0008a893     	slti	a7, a7, 0x0
 1002308: fff88893     	addi	a7, a7, -0x1
 100230c: 0007c283     	lbu	t0, 0x0(a5)
 1002310: 070d087b     	custom9	a6, s10, a6
 1002314: 090282fb     	custom11	t0, t0, a6
 1002318: 01150023     	sb	a7, 0x0(a0)
 100231c: 005bf663     	bgeu	s7, t0, 0x1002328 <pjpeg_decode_mcu+0x1e40>
 1002320: 0002a293     	slti	t0, t0, 0x0
 1002324: fff28293     	addi	t0, t0, -0x1
 1002328: 0087c883     	lbu	a7, 0x8(a5)
 100232c: 0908887b     	custom11	a6, a7, a6
 1002330: 00578023     	sb	t0, 0x0(a5)
 1002334: f90bf4e3     	bgeu	s7, a6, 0x10022bc <pjpeg_decode_mcu+0x1dd4>
 1002338: 00082813     	slti	a6, a6, 0x0
 100233c: fff80813     	addi	a6, a6, -0x1
 1002340: f7dff06f     	j	0x10022bc <pjpeg_decode_mcu+0x1dd4>
 1002344: 00072713     	slti	a4, a4, 0x0
 1002348: fff70713     	addi	a4, a4, -0x1
 100234c: 0805c683     	lbu	a3, 0x80(a1)
 1002350: 40c686b3     	sub	a3, a3, a2
 1002354: 04e58023     	sb	a4, 0x40(a1)
 1002358: 8adbf0e3     	bgeu	s7, a3, 0x1001bf8 <pjpeg_decode_mcu+0x1710>
 100235c: 0006a693     	slti	a3, a3, 0x0
 1002360: fff68693     	addi	a3, a3, -0x1
 1002364: 0c05c703     	lbu	a4, 0xc0(a1)
 1002368: 40c70633     	sub	a2, a4, a2
 100236c: 08d58023     	sb	a3, 0x80(a1)
 1002370: 88cbece3     	bltu	s7, a2, 0x1001c08 <pjpeg_decode_mcu+0x1720>
 1002374: 89dff06f     	j	0x1001c10 <pjpeg_decode_mcu+0x1728>
 1002378: 00062613     	slti	a2, a2, 0x0
 100237c: fff60613     	addi	a2, a2, -0x1
 1002380: 0805c683     	lbu	a3, 0x80(a1)
 1002384: 08a686fb     	custom11	a3, a3, a0
 1002388: 04c58023     	sb	a2, 0x40(a1)
 100238c: 8cdbf6e3     	bgeu	s7, a3, 0x1001c58 <pjpeg_decode_mcu+0x1770>
 1002390: 0006a693     	slti	a3, a3, 0x0
 1002394: fff68693     	addi	a3, a3, -0x1
 1002398: 0c05c603     	lbu	a2, 0xc0(a1)
 100239c: 08a6057b     	custom11	a0, a2, a0
 10023a0: 08d58023     	sb	a3, 0x80(a1)
 10023a4: 8cabe2e3     	bltu	s7, a0, 0x1001c68 <pjpeg_decode_mcu+0x1780>
 10023a8: 8c9ff06f     	j	0x1001c70 <pjpeg_decode_mcu+0x1788>
 10023ac: 00072713     	slti	a4, a4, 0x0
 10023b0: fff70713     	addi	a4, a4, -0x1
 10023b4: 0805c683     	lbu	a3, 0x80(a1)
 10023b8: 00d606b3     	add	a3, a2, a3
 10023bc: 04e58023     	sb	a4, 0x40(a1)
 10023c0: 90dbf4e3     	bgeu	s7, a3, 0x1001cc8 <pjpeg_decode_mcu+0x17e0>
 10023c4: 0006a693     	slti	a3, a3, 0x0
 10023c8: fff68693     	addi	a3, a3, -0x1
 10023cc: 0c05c703     	lbu	a4, 0xc0(a1)
 10023d0: 00e60633     	add	a2, a2, a4
 10023d4: 08d58023     	sb	a3, 0x80(a1)
 10023d8: 90cbe0e3     	bltu	s7, a2, 0x1001cd8 <pjpeg_decode_mcu+0x17f0>
 10023dc: 905ff06f     	j	0x1001ce0 <pjpeg_decode_mcu+0x17f8>
 10023e0: 00062613     	slti	a2, a2, 0x0
 10023e4: fff60613     	addi	a2, a2, -0x1
 10023e8: 0805c683     	lbu	a3, 0x80(a1)
 10023ec: 40a686b3     	sub	a3, a3, a0
 10023f0: 04c58023     	sb	a2, 0x40(a1)
 10023f4: 92dbfce3     	bgeu	s7, a3, 0x1001d2c <pjpeg_decode_mcu+0x1844>
 10023f8: 0006a693     	slti	a3, a3, 0x0
 10023fc: fff68693     	addi	a3, a3, -0x1
 1002400: 0c05c603     	lbu	a2, 0xc0(a1)
 1002404: 40a60533     	sub	a0, a2, a0
 1002408: 08d58023     	sb	a3, 0x80(a1)
 100240c: 84abeee3     	bltu	s7, a0, 0x1001c68 <pjpeg_decode_mcu+0x1780>
 1002410: 861ff06f     	j	0x1001c70 <pjpeg_decode_mcu+0x1788>
 1002414: 00000513     	li	a0, 0x0
 1002418: 00000593     	li	a1, 0x0
 100241c: 745010ef     	jal	0x1004360 <upsampleCb>
 1002420: 00400513     	li	a0, 0x4
 1002424: 04000593     	li	a1, 0x40
 1002428: 739010ef     	jal	0x1004360 <upsampleCb>
 100242c: 02000513     	li	a0, 0x20
 1002430: 08000593     	li	a1, 0x80
 1002434: 72d010ef     	jal	0x1004360 <upsampleCb>
 1002438: 02400513     	li	a0, 0x24
 100243c: 0c000593     	li	a1, 0xc0
 1002440: 721010ef     	jal	0x1004360 <upsampleCb>
 1002444: 974fe06f     	j	0x10005b8 <pjpeg_decode_mcu+0xd0>
 1002448: 080c0513     	addi	a0, s8, 0x80
 100244c: 018015b7     	lui	a1, 0x1801
 1002450: 8a458593     	addi	a1, a1, -0x75c
 1002454: 08058613     	addi	a2, a1, 0x80
 1002458: 018015b7     	lui	a1, 0x1801
 100245c: 9a458593     	addi	a1, a1, -0x65c
 1002460: 08058593     	addi	a1, a1, 0x80
 1002464: 000d8693     	mv	a3, s11
 1002468: 0006c703     	lbu	a4, 0x0(a3)
 100246c: 00268693     	addi	a3, a3, 0x2
 1002470: 00150793     	addi	a5, a0, 0x1
 1002474: 00e60023     	sb	a4, 0x0(a2)
 1002478: 00160613     	addi	a2, a2, 0x1
 100247c: 00e58023     	sb	a4, 0x0(a1)
 1002480: 00158593     	addi	a1, a1, 0x1
 1002484: 0c0c0813     	addi	a6, s8, 0xc0
 1002488: 00e50023     	sb	a4, 0x0(a0)
 100248c: 00078513     	mv	a0, a5
 1002490: fd079ce3     	bne	a5, a6, 0x1002468 <pjpeg_decode_mcu+0x1f80>
 1002494: 924fe06f     	j	0x10005b8 <pjpeg_decode_mcu+0xd0>
 1002498: 0c0c0513     	addi	a0, s8, 0xc0
 100249c: 018015b7     	lui	a1, 0x1801
 10024a0: 8a458593     	addi	a1, a1, -0x75c
 10024a4: 0c058613     	addi	a2, a1, 0xc0
 10024a8: 018015b7     	lui	a1, 0x1801
 10024ac: 9a458593     	addi	a1, a1, -0x65c
 10024b0: 0c058593     	addi	a1, a1, 0xc0
 10024b4: 000d8693     	mv	a3, s11
 10024b8: 0006c703     	lbu	a4, 0x0(a3)
 10024bc: 00268693     	addi	a3, a3, 0x2
 10024c0: 00150793     	addi	a5, a0, 0x1
 10024c4: 00e60023     	sb	a4, 0x0(a2)
 10024c8: 00160613     	addi	a2, a2, 0x1
 10024cc: 00e58023     	sb	a4, 0x0(a1)
 10024d0: 00158593     	addi	a1, a1, 0x1
 10024d4: 100c0813     	addi	a6, s8, 0x100
 10024d8: 00e50023     	sb	a4, 0x0(a0)
 10024dc: 00078513     	mv	a0, a5
 10024e0: fd079ce3     	bne	a5, a6, 0x10024b8 <pjpeg_decode_mcu+0x1fd0>
 10024e4: 8d4fe06f     	j	0x10005b8 <pjpeg_decode_mcu+0xd0>
 10024e8: 040c0513     	addi	a0, s8, 0x40
 10024ec: 018015b7     	lui	a1, 0x1801
 10024f0: 8a458593     	addi	a1, a1, -0x75c
 10024f4: 04058613     	addi	a2, a1, 0x40
 10024f8: 018015b7     	lui	a1, 0x1801
 10024fc: 9a458593     	addi	a1, a1, -0x65c
 1002500: 04058593     	addi	a1, a1, 0x40
 1002504: 000d8693     	mv	a3, s11
 1002508: 0006c703     	lbu	a4, 0x0(a3)
 100250c: 00268693     	addi	a3, a3, 0x2
 1002510: 00150793     	addi	a5, a0, 0x1
 1002514: 00e60023     	sb	a4, 0x0(a2)
 1002518: 00160613     	addi	a2, a2, 0x1
 100251c: 00e58023     	sb	a4, 0x0(a1)
 1002520: 00158593     	addi	a1, a1, 0x1
 1002524: 080c0813     	addi	a6, s8, 0x80
 1002528: 00e50023     	sb	a4, 0x0(a0)
 100252c: 00078513     	mv	a0, a5
 1002530: fd079ce3     	bne	a5, a6, 0x1002508 <pjpeg_decode_mcu+0x2020>
 1002534: 884fe06f     	j	0x10005b8 <pjpeg_decode_mcu+0xd0>
 1002538: 00000513     	li	a0, 0x0
 100253c: 00000593     	li	a1, 0x0
 1002540: 7d5010ef     	jal	0x1004514 <upsampleCr>
 1002544: 00400513     	li	a0, 0x4
 1002548: 04000593     	li	a1, 0x40
 100254c: 7c9010ef     	jal	0x1004514 <upsampleCr>
 1002550: 02000513     	li	a0, 0x20
 1002554: 08000593     	li	a1, 0x80
 1002558: 7bd010ef     	jal	0x1004514 <upsampleCr>
 100255c: 02400513     	li	a0, 0x24
 1002560: 0c000593     	li	a1, 0xc0
 1002564: 7b1010ef     	jal	0x1004514 <upsampleCr>
 1002568: 850fe06f     	j	0x10005b8 <pjpeg_decode_mcu+0xd0>
 100256c: 01c00513     	li	a0, 0x1c
 1002570: 1840006f     	j	0x10026f4 <pjpeg_decode_mcu+0x220c>
 1002574: 01800537     	lui	a0, 0x1800
 1002578: 6c054503     	lbu	a0, 0x6c0(a0)
 100257c: 18051463     	bnez	a0, 0x1002704 <pjpeg_decode_mcu+0x221c>
 1002580: 018005b7     	lui	a1, 0x1800
 1002584: 6c259603     	lh	a2, 0x6c2(a1)
 1002588: fff60613     	addi	a2, a2, -0x1
 100258c: 6cc59123     	sh	a2, 0x6c2(a1)
 1002590: 1740006f     	j	0x1002704 <pjpeg_decode_mcu+0x221c>
 1002594: 01800ab7     	lui	s5, 0x1800
 1002598: 701ac503     	lbu	a0, 0x701(s5)
 100259c: 60000993     	li	s3, 0x600
 10025a0: 01800b37     	lui	s6, 0x1800
 10025a4: 00400b93     	li	s7, 0x4
 10025a8: 01800c37     	lui	s8, 0x1800
 10025ac: 01800cb7     	lui	s9, 0x1800
 10025b0: 01801a37     	lui	s4, 0x1801
 10025b4: f84a0a13     	addi	s4, s4, -0x7c
 10025b8: 004a0413     	addi	s0, s4, 0x4
 10025bc: 018004b7     	lui	s1, 0x1800
 10025c0: 70148493     	addi	s1, s1, 0x701
 10025c4: 01800d37     	lui	s10, 0x1800
 10025c8: 0ff00d93     	li	s11, 0xff
 10025cc: 01800937     	lui	s2, 0x1800
 10025d0: 0300006f     	j	0x1002600 <pjpeg_decode_mcu+0x2118>
 10025d4: 703b4583     	lbu	a1, 0x703(s6)
 10025d8: 00ba0633     	add	a2, s4, a1
 10025dc: 00064603     	lbu	a2, 0x0(a2)
 10025e0: fff50513     	addi	a0, a0, -0x1
 10025e4: 70aa80a3     	sb	a0, 0x701(s5)
 10025e8: 00158593     	addi	a1, a1, 0x1
 10025ec: 70bb01a3     	sb	a1, 0x703(s6)
 10025f0: 05b60a63     	beq	a2, s11, 0x1002644 <pjpeg_decode_mcu+0x215c>
 10025f4: fff98993     	addi	s3, s3, -0x1
 10025f8: 01099593     	slli	a1, s3, 0x10
 10025fc: 0e058a63     	beqz	a1, 0x10026f0 <pjpeg_decode_mcu+0x2208>
 1002600: 0ff57593     	andi	a1, a0, 0xff
 1002604: fc0598e3     	bnez	a1, 0x10025d4 <pjpeg_decode_mcu+0x20ec>
 1002608: 6c4c2703     	lw	a4, 0x6c4(s8)
 100260c: 6c8ca683     	lw	a3, 0x6c8(s9)
 1002610: 717b01a3     	sb	s7, 0x703(s6)
 1002614: 0fc00593     	li	a1, 0xfc
 1002618: 00040513     	mv	a0, s0
 100261c: 00048613     	mv	a2, s1
 1002620: 000700e7     	jalr	a4
 1002624: 00050463     	beqz	a0, 0x100262c <pjpeg_decode_mcu+0x2144>
 1002628: 6ca90023     	sb	a0, 0x6c0(s2)
 100262c: 701ac503     	lbu	a0, 0x701(s5)
 1002630: fa0512e3     	bnez	a0, 0x10025d4 <pjpeg_decode_mcu+0x20ec>
 1002634: 702d4583     	lbu	a1, 0x702(s10)
 1002638: fff5c613     	not	a2, a1
 100263c: 70cd0123     	sb	a2, 0x702(s10)
 1002640: fbb58ae3     	beq	a1, s11, 0x10025f4 <pjpeg_decode_mcu+0x210c>
 1002644: 01800ab7     	lui	s5, 0x1800
 1002648: 00400b13     	li	s6, 0x4
 100264c: 01800bb7     	lui	s7, 0x1800
 1002650: 01800c37     	lui	s8, 0x1800
 1002654: 018004b7     	lui	s1, 0x1800
 1002658: 70148493     	addi	s1, s1, 0x701
 100265c: 01800cb7     	lui	s9, 0x1800
 1002660: 01800d37     	lui	s10, 0x1800
 1002664: 0ff00d93     	li	s11, 0xff
 1002668: 01800937     	lui	s2, 0x1800
 100266c: 0300006f     	j	0x100269c <pjpeg_decode_mcu+0x21b4>
 1002670: 703ac583     	lbu	a1, 0x703(s5)
 1002674: 00ba0633     	add	a2, s4, a1
 1002678: 00064603     	lbu	a2, 0x0(a2)
 100267c: fff50513     	addi	a0, a0, -0x1
 1002680: 70ac80a3     	sb	a0, 0x701(s9)
 1002684: 00158593     	addi	a1, a1, 0x1
 1002688: 70ba81a3     	sb	a1, 0x703(s5)
 100268c: 0bb61c63     	bne	a2, s11, 0x1002744 <pjpeg_decode_mcu+0x225c>
 1002690: fff98993     	addi	s3, s3, -0x1
 1002694: 01099593     	slli	a1, s3, 0x10
 1002698: 04058c63     	beqz	a1, 0x10026f0 <pjpeg_decode_mcu+0x2208>
 100269c: 0ff57593     	andi	a1, a0, 0xff
 10026a0: fc0598e3     	bnez	a1, 0x1002670 <pjpeg_decode_mcu+0x2188>
 10026a4: 6c4ba703     	lw	a4, 0x6c4(s7)
 10026a8: 6c8c2683     	lw	a3, 0x6c8(s8)
 10026ac: 716a81a3     	sb	s6, 0x703(s5)
 10026b0: 0fc00593     	li	a1, 0xfc
 10026b4: 00040513     	mv	a0, s0
 10026b8: 00048613     	mv	a2, s1
 10026bc: 000700e7     	jalr	a4
 10026c0: 00050463     	beqz	a0, 0x10026c8 <pjpeg_decode_mcu+0x21e0>
 10026c4: 6ca90023     	sb	a0, 0x6c0(s2)
 10026c8: 701cc503     	lbu	a0, 0x701(s9)
 10026cc: fa0512e3     	bnez	a0, 0x1002670 <pjpeg_decode_mcu+0x2188>
 10026d0: 702d4503     	lbu	a0, 0x702(s10)
 10026d4: fff54593     	not	a1, a0
 10026d8: 70bd0123     	sb	a1, 0x702(s10)
 10026dc: 07b50263     	beq	a0, s11, 0x1002740 <pjpeg_decode_mcu+0x2258>
 10026e0: 00000513     	li	a0, 0x0
 10026e4: fff98993     	addi	s3, s3, -0x1
 10026e8: 01099593     	slli	a1, s3, 0x10
 10026ec: fa0598e3     	bnez	a1, 0x100269c <pjpeg_decode_mcu+0x21b4>
 10026f0: 01d00513     	li	a0, 0x1d
 10026f4: 018005b7     	lui	a1, 0x1800
 10026f8: 6c05c583     	lbu	a1, 0x6c0(a1)
 10026fc: 00058463     	beqz	a1, 0x1002704 <pjpeg_decode_mcu+0x221c>
 1002700: 00058513     	mv	a0, a1
 1002704: 04c12083     	lw	ra, 0x4c(sp)
 1002708: 04812403     	lw	s0, 0x48(sp)
 100270c: 04412483     	lw	s1, 0x44(sp)
 1002710: 04012903     	lw	s2, 0x40(sp)
 1002714: 03c12983     	lw	s3, 0x3c(sp)
 1002718: 03812a03     	lw	s4, 0x38(sp)
 100271c: 03412a83     	lw	s5, 0x34(sp)
 1002720: 03012b03     	lw	s6, 0x30(sp)
 1002724: 02c12b83     	lw	s7, 0x2c(sp)
 1002728: 02812c03     	lw	s8, 0x28(sp)
 100272c: 02412c83     	lw	s9, 0x24(sp)
 1002730: 02012d03     	lw	s10, 0x20(sp)
 1002734: 01c12d83     	lw	s11, 0x1c(sp)
 1002738: 05010113     	addi	sp, sp, 0x50
 100273c: 00008067     	ret
 1002740: 0d900613     	li	a2, 0xd9
 1002744: 018005b7     	lui	a1, 0x1800
 1002748: 6fe5d683     	lhu	a3, 0x6fe(a1)
 100274c: 0d068713     	addi	a4, a3, 0xd0
 1002750: 01d00513     	li	a0, 0x1d
 1002754: fac710e3     	bne	a4, a2, 0x10026f4 <pjpeg_decode_mcu+0x220c>
 1002758: 01800537     	lui	a0, 0x1800
 100275c: 6e051a23     	sh	zero, 0x6f4(a0)
 1002760: 6f450513     	addi	a0, a0, 0x6f4
 1002764: 00051123     	sh	zero, 0x2(a0)
 1002768: 01800637     	lui	a2, 0x1800
 100276c: 6e261603     	lh	a2, 0x6e2(a2)
 1002770: 00168693     	addi	a3, a3, 0x1
 1002774: 0076f693     	andi	a3, a3, 0x7
 1002778: 6ed59f23     	sh	a3, 0x6fe(a1)
 100277c: 01800437     	lui	s0, 0x1800
 1002780: 70441583     	lh	a1, 0x704(s0)
 1002784: 00051223     	sh	zero, 0x4(a0)
 1002788: 018004b7     	lui	s1, 0x1800
 100278c: 6ec49223     	sh	a2, 0x6e4(s1)
 1002790: 00859593     	slli	a1, a1, 0x8
 1002794: 01800937     	lui	s2, 0x1800
 1002798: 70090023     	sb	zero, 0x700(s2)
 100279c: 70b41223     	sh	a1, 0x704(s0)
 10027a0: 00100513     	li	a0, 0x1
 10027a4: 1f9010ef     	jal	0x100419c <getOctet>
 10027a8: 70441583     	lh	a1, 0x704(s0)
 10027ac: 70094603     	lbu	a2, 0x700(s2)
 10027b0: 00a5e5b3     	or	a1, a1, a0
 10027b4: 00800693     	li	a3, 0x8
 10027b8: 6e44d503     	lhu	a0, 0x6e4(s1)
 10027bc: 40c686b3     	sub	a3, a3, a2
 10027c0: 00d595b3     	sll	a1, a1, a3
 10027c4: 70b41223     	sh	a1, 0x704(s0)
 10027c8: 018005b7     	lui	a1, 0x1800
 10027cc: d8dfd06f     	j	0x1000558 <pjpeg_decode_mcu+0x70>

010027d0 <pjpeg_decode_init>:
 10027d0: fb010113     	addi	sp, sp, -0x50
 10027d4: 04112623     	sw	ra, 0x4c(sp)
 10027d8: 04812423     	sw	s0, 0x48(sp)
 10027dc: 04912223     	sw	s1, 0x44(sp)
 10027e0: 05212023     	sw	s2, 0x40(sp)
 10027e4: 03312e23     	sw	s3, 0x3c(sp)
 10027e8: 03412c23     	sw	s4, 0x38(sp)
 10027ec: 03512a23     	sw	s5, 0x34(sp)
 10027f0: 03612823     	sw	s6, 0x30(sp)
 10027f4: 03712623     	sw	s7, 0x2c(sp)
 10027f8: 03812423     	sw	s8, 0x28(sp)
 10027fc: 03912223     	sw	s9, 0x24(sp)
 1002800: 03a12023     	sw	s10, 0x20(sp)
 1002804: 01b12e23     	sw	s11, 0x1c(sp)
 1002808: 00068493     	mv	s1, a3
 100280c: 00060993     	mv	s3, a2
 1002810: 00058913     	mv	s2, a1
 1002814: 00050a13     	mv	s4, a0
 1002818: 02c00613     	li	a2, 0x2c
 100281c: 00000593     	li	a1, 0x0
 1002820: 682090ef     	jal	0x100bea2 <memset>
 1002824: 01800537     	lui	a0, 0x1800
 1002828: 6d252223     	sw	s2, 0x6c4(a0)
 100282c: 01800537     	lui	a0, 0x1800
 1002830: 6d352423     	sw	s3, 0x6c8(a0)
 1002834: 01800437     	lui	s0, 0x1800
 1002838: 6c040023     	sb	zero, 0x6c0(s0)
 100283c: 01800537     	lui	a0, 0x1800
 1002840: 6c950623     	sb	s1, 0x6cc(a0)
 1002844: 01800537     	lui	a0, 0x1800
 1002848: 6c051723     	sh	zero, 0x6ce(a0)
 100284c: 01800537     	lui	a0, 0x1800
 1002850: 6c051823     	sh	zero, 0x6d0(a0)
 1002854: 01800537     	lui	a0, 0x1800
 1002858: 6c050923     	sb	zero, 0x6d2(a0)
 100285c: 01800537     	lui	a0, 0x1800
 1002860: 6e051123     	sh	zero, 0x6e2(a0)
 1002864: 01800537     	lui	a0, 0x1800
 1002868: 70050323     	sb	zero, 0x706(a0)
 100286c: 01800537     	lui	a0, 0x1800
 1002870: 700503a3     	sb	zero, 0x707(a0)
 1002874: 01800537     	lui	a0, 0x1800
 1002878: 70050423     	sb	zero, 0x708(a0)
 100287c: 01800537     	lui	a0, 0x1800
 1002880: 70050123     	sb	zero, 0x702(a0)
 1002884: 018004b7     	lui	s1, 0x1800
 1002888: 700480a3     	sb	zero, 0x701(s1)
 100288c: 70148613     	addi	a2, s1, 0x701
 1002890: 01800537     	lui	a0, 0x1800
 1002894: 70050023     	sb	zero, 0x700(a0)
 1002898: 01800537     	lui	a0, 0x1800
 100289c: 70051223     	sh	zero, 0x704(a0)
 10028a0: 01800537     	lui	a0, 0x1800
 10028a4: 00400593     	li	a1, 0x4
 10028a8: 70b501a3     	sb	a1, 0x703(a0)
 10028ac: 01801ab7     	lui	s5, 0x1801
 10028b0: f84a8a93     	addi	s5, s5, -0x7c
 10028b4: 004a8b13     	addi	s6, s5, 0x4
 10028b8: 0fc00593     	li	a1, 0xfc
 10028bc: 000b0513     	mv	a0, s6
 10028c0: 00098693     	mv	a3, s3
 10028c4: 000900e7     	jalr	s2
 10028c8: 00050463     	beqz	a0, 0x10028d0 <pjpeg_decode_init+0x100>
 10028cc: 6ca40023     	sb	a0, 0x6c0(s0)
 10028d0: 7014c583     	lbu	a1, 0x701(s1)
 10028d4: 02058663     	beqz	a1, 0x1002900 <pjpeg_decode_init+0x130>
 10028d8: 01800637     	lui	a2, 0x1800
 10028dc: 70364683     	lbu	a3, 0x703(a2)
 10028e0: fff58593     	addi	a1, a1, -0x1
 10028e4: 01800737     	lui	a4, 0x1800
 10028e8: 00da8533     	add	a0, s5, a3
 10028ec: 00054503     	lbu	a0, 0x0(a0)
 10028f0: 70b700a3     	sb	a1, 0x701(a4)
 10028f4: 00168693     	addi	a3, a3, 0x1
 10028f8: 70d601a3     	sb	a3, 0x703(a2)
 10028fc: 0240006f     	j	0x1002920 <pjpeg_decode_init+0x150>
 1002900: 01800537     	lui	a0, 0x1800
 1002904: 70254603     	lbu	a2, 0x702(a0)
 1002908: fff64693     	not	a3, a2
 100290c: 70d50123     	sb	a3, 0x702(a0)
 1002910: f0160513     	addi	a0, a2, -0xff
 1002914: 00153513     	seqz	a0, a0
 1002918: fff50513     	addi	a0, a0, -0x1
 100291c: fd956513     	ori	a0, a0, -0x27
 1002920: 01800737     	lui	a4, 0x1800
 1002924: 70475603     	lhu	a2, 0x704(a4)
 1002928: 0ff57513     	andi	a0, a0, 0xff
 100292c: 00a666b3     	or	a3, a2, a0
 1002930: 01800537     	lui	a0, 0x1800
 1002934: 70054603     	lbu	a2, 0x700(a0)
 1002938: 01800537     	lui	a0, 0x1800
 100293c: 6c054503     	lbu	a0, 0x6c0(a0)
 1002940: 00800793     	li	a5, 0x8
 1002944: 40c787b3     	sub	a5, a5, a2
 1002948: 00f696b3     	sll	a3, a3, a5
 100294c: 70d71223     	sh	a3, 0x704(a4)
 1002950: 3e051863     	bnez	a0, 0x1002d40 <pjpeg_decode_init+0x570>
 1002954: 00700513     	li	a0, 0x7
 1002958: 01069913     	slli	s2, a3, 0x10
 100295c: 0ac56663     	bltu	a0, a2, 0x1002a08 <pjpeg_decode_init+0x238>
 1002960: 00c69533     	sll	a0, a3, a2
 1002964: 01800637     	lui	a2, 0x1800
 1002968: 0ff5f693     	andi	a3, a1, 0xff
 100296c: 70a61223     	sh	a0, 0x704(a2)
 1002970: 04069663     	bnez	a3, 0x10029bc <pjpeg_decode_init+0x1ec>
 1002974: 01800537     	lui	a0, 0x1800
 1002978: 6c452703     	lw	a4, 0x6c4(a0)
 100297c: 01800537     	lui	a0, 0x1800
 1002980: 6c852683     	lw	a3, 0x6c8(a0)
 1002984: 01800537     	lui	a0, 0x1800
 1002988: 00400593     	li	a1, 0x4
 100298c: 70b501a3     	sb	a1, 0x703(a0)
 1002990: 01800637     	lui	a2, 0x1800
 1002994: 70160613     	addi	a2, a2, 0x701
 1002998: 0fc00593     	li	a1, 0xfc
 100299c: 000b0513     	mv	a0, s6
 10029a0: 000700e7     	jalr	a4
 10029a4: 00050663     	beqz	a0, 0x10029b0 <pjpeg_decode_init+0x1e0>
 10029a8: 018005b7     	lui	a1, 0x1800
 10029ac: 6ca58023     	sb	a0, 0x6c0(a1)
 10029b0: 01800537     	lui	a0, 0x1800
 10029b4: 70154583     	lbu	a1, 0x701(a0)
 10029b8: 3c058c63     	beqz	a1, 0x1002d90 <pjpeg_decode_init+0x5c0>
 10029bc: 01800637     	lui	a2, 0x1800
 10029c0: 70364683     	lbu	a3, 0x703(a2)
 10029c4: fff58593     	addi	a1, a1, -0x1
 10029c8: 01800737     	lui	a4, 0x1800
 10029cc: 00da8533     	add	a0, s5, a3
 10029d0: 00054503     	lbu	a0, 0x0(a0)
 10029d4: 70b700a3     	sb	a1, 0x701(a4)
 10029d8: 00168693     	addi	a3, a3, 0x1
 10029dc: 70d601a3     	sb	a3, 0x703(a2)
 10029e0: 01800637     	lui	a2, 0x1800
 10029e4: 70465683     	lhu	a3, 0x704(a2)
 10029e8: 01800637     	lui	a2, 0x1800
 10029ec: 70064603     	lbu	a2, 0x700(a2)
 10029f0: 0ff57513     	andi	a0, a0, 0xff
 10029f4: 00a6e533     	or	a0, a3, a0
 10029f8: 00800693     	li	a3, 0x8
 10029fc: 40c686b3     	sub	a3, a3, a2
 1002a00: 00d51533     	sll	a0, a0, a3
 1002a04: 00c0006f     	j	0x1002a10 <pjpeg_decode_init+0x240>
 1002a08: ff860613     	addi	a2, a2, -0x8
 1002a0c: 00895513     	srli	a0, s2, 0x8
 1002a10: 000106b7     	lui	a3, 0x10
 1002a14: fff68493     	addi	s1, a3, -0x1
 1002a18: 018006b7     	lui	a3, 0x1800
 1002a1c: 70c68023     	sb	a2, 0x700(a3)
 1002a20: 0ff67693     	andi	a3, a2, 0xff
 1002a24: 00700713     	li	a4, 0x7
 1002a28: 00957433     	and	s0, a0, s1
 1002a2c: 01412623     	sw	s4, 0xc(sp)
 1002a30: 01612a23     	sw	s6, 0x14(sp)
 1002a34: 00912823     	sw	s1, 0x10(sp)
 1002a38: 0ad76663     	bltu	a4, a3, 0x1002ae4 <pjpeg_decode_init+0x314>
 1002a3c: 00c51533     	sll	a0, a0, a2
 1002a40: 01800637     	lui	a2, 0x1800
 1002a44: 0ff5f693     	andi	a3, a1, 0xff
 1002a48: 70a61223     	sh	a0, 0x704(a2)
 1002a4c: 04069663     	bnez	a3, 0x1002a98 <pjpeg_decode_init+0x2c8>
 1002a50: 01800537     	lui	a0, 0x1800
 1002a54: 6c452703     	lw	a4, 0x6c4(a0)
 1002a58: 01800537     	lui	a0, 0x1800
 1002a5c: 6c852683     	lw	a3, 0x6c8(a0)
 1002a60: 01800537     	lui	a0, 0x1800
 1002a64: 00400593     	li	a1, 0x4
 1002a68: 70b501a3     	sb	a1, 0x703(a0)
 1002a6c: 01800637     	lui	a2, 0x1800
 1002a70: 70160613     	addi	a2, a2, 0x701
 1002a74: 0fc00593     	li	a1, 0xfc
 1002a78: 000b0513     	mv	a0, s6
 1002a7c: 000700e7     	jalr	a4
 1002a80: 00050663     	beqz	a0, 0x1002a8c <pjpeg_decode_init+0x2bc>
 1002a84: 018005b7     	lui	a1, 0x1800
 1002a88: 6ca58023     	sb	a0, 0x6c0(a1)
 1002a8c: 01800537     	lui	a0, 0x1800
 1002a90: 70154583     	lbu	a1, 0x701(a0)
 1002a94: 32058063     	beqz	a1, 0x1002db4 <pjpeg_decode_init+0x5e4>
 1002a98: 01800637     	lui	a2, 0x1800
 1002a9c: 70364683     	lbu	a3, 0x703(a2)
 1002aa0: fff58593     	addi	a1, a1, -0x1
 1002aa4: 01800737     	lui	a4, 0x1800
 1002aa8: 00da8533     	add	a0, s5, a3
 1002aac: 00054503     	lbu	a0, 0x0(a0)
 1002ab0: 70b700a3     	sb	a1, 0x701(a4)
 1002ab4: 00168693     	addi	a3, a3, 0x1
 1002ab8: 70d601a3     	sb	a3, 0x703(a2)
 1002abc: 01800637     	lui	a2, 0x1800
 1002ac0: 70465683     	lhu	a3, 0x704(a2)
 1002ac4: 01800637     	lui	a2, 0x1800
 1002ac8: 70064603     	lbu	a2, 0x700(a2)
 1002acc: 0ff57513     	andi	a0, a0, 0xff
 1002ad0: 00a6e533     	or	a0, a3, a0
 1002ad4: 00800693     	li	a3, 0x8
 1002ad8: 40c686b3     	sub	a3, a3, a2
 1002adc: 00d516b3     	sll	a3, a0, a3
 1002ae0: 00c0006f     	j	0x1002aec <pjpeg_decode_init+0x31c>
 1002ae4: ff860613     	addi	a2, a2, -0x8
 1002ae8: 00841693     	slli	a3, s0, 0x8
 1002aec: 01800ab7     	lui	s5, 0x1800
 1002af0: 70da9223     	sh	a3, 0x704(s5)
 1002af4: 01800b37     	lui	s6, 0x1800
 1002af8: 70cb0023     	sb	a2, 0x700(s6)
 1002afc: 01895513     	srli	a0, s2, 0x18
 1002b00: 0ff00b93     	li	s7, 0xff
 1002b04: 00845993     	srli	s3, s0, 0x8
 1002b08: 11756263     	bltu	a0, s7, 0x1002c0c <pjpeg_decode_init+0x43c>
 1002b0c: 0d800513     	li	a0, 0xd8
 1002b10: 0ea99e63     	bne	s3, a0, 0x1002c0c <pjpeg_decode_init+0x43c>
 1002b14: 01a10513     	addi	a0, sp, 0x1a
 1002b18: 61d010ef     	jal	0x1004934 <processMarkers>
 1002b1c: 20051a63     	bnez	a0, 0x1002d30 <pjpeg_decode_init+0x560>
 1002b20: 01a14503     	lbu	a0, 0x1a(sp)
 1002b24: 0c900593     	li	a1, 0xc9
 1002b28: 2ab50c63     	beq	a0, a1, 0x1002de0 <pjpeg_decode_init+0x610>
 1002b2c: 0c200593     	li	a1, 0xc2
 1002b30: 2ab50463     	beq	a0, a1, 0x1002dd8 <pjpeg_decode_init+0x608>
 1002b34: 0c000593     	li	a1, 0xc0
 1002b38: 2ab51863     	bne	a0, a1, 0x1002de8 <pjpeg_decode_init+0x618>
 1002b3c: 01000513     	li	a0, 0x10
 1002b40: 38d010ef     	jal	0x10046cc <getBits1>
 1002b44: 018005b7     	lui	a1, 0x1800
 1002b48: 01800637     	lui	a2, 0x1800
 1002b4c: 70064603     	lbu	a2, 0x700(a2)
 1002b50: 7045d403     	lhu	s0, 0x704(a1)
 1002b54: 00700693     	li	a3, 0x7
 1002b58: 00050913     	mv	s2, a0
 1002b5c: 28c6ea63     	bltu	a3, a2, 0x1002df0 <pjpeg_decode_init+0x620>
 1002b60: 018004b7     	lui	s1, 0x1800
 1002b64: 7014c703     	lbu	a4, 0x701(s1)
 1002b68: 00c41633     	sll	a2, s0, a2
 1002b6c: 70c59223     	sh	a2, 0x704(a1)
 1002b70: 018019b7     	lui	s3, 0x1801
 1002b74: f8498993     	addi	s3, s3, -0x7c
 1002b78: 01412503     	lw	a0, 0x14(sp)
 1002b7c: 04071463     	bnez	a4, 0x1002bc4 <pjpeg_decode_init+0x3f4>
 1002b80: 018005b7     	lui	a1, 0x1800
 1002b84: 6c45a703     	lw	a4, 0x6c4(a1)
 1002b88: 018005b7     	lui	a1, 0x1800
 1002b8c: 6c85a683     	lw	a3, 0x6c8(a1)
 1002b90: 01800637     	lui	a2, 0x1800
 1002b94: 00400593     	li	a1, 0x4
 1002b98: 70b601a3     	sb	a1, 0x703(a2)
 1002b9c: 01800637     	lui	a2, 0x1800
 1002ba0: 70160613     	addi	a2, a2, 0x701
 1002ba4: 0fc00593     	li	a1, 0xfc
 1002ba8: 000700e7     	jalr	a4
 1002bac: 00050663     	beqz	a0, 0x1002bb8 <pjpeg_decode_init+0x3e8>
 1002bb0: 018005b7     	lui	a1, 0x1800
 1002bb4: 6ca58023     	sb	a0, 0x6c0(a1)
 1002bb8: 01800537     	lui	a0, 0x1800
 1002bbc: 70154703     	lbu	a4, 0x701(a0)
 1002bc0: 36070e63     	beqz	a4, 0x1002f3c <pjpeg_decode_init+0x76c>
 1002bc4: 01800637     	lui	a2, 0x1800
 1002bc8: 70364683     	lbu	a3, 0x703(a2)
 1002bcc: fff70513     	addi	a0, a4, -0x1
 1002bd0: 00d985b3     	add	a1, s3, a3
 1002bd4: 0005c583     	lbu	a1, 0x0(a1)
 1002bd8: 70a480a3     	sb	a0, 0x701(s1)
 1002bdc: 00168693     	addi	a3, a3, 0x1
 1002be0: 70d601a3     	sb	a3, 0x703(a2)
 1002be4: 01800537     	lui	a0, 0x1800
 1002be8: 70455603     	lhu	a2, 0x704(a0)
 1002bec: 01800537     	lui	a0, 0x1800
 1002bf0: 70054503     	lbu	a0, 0x700(a0)
 1002bf4: 0ff5f593     	andi	a1, a1, 0xff
 1002bf8: 00b665b3     	or	a1, a2, a1
 1002bfc: 00800613     	li	a2, 0x8
 1002c00: 40a60633     	sub	a2, a2, a0
 1002c04: 00c595b3     	sll	a1, a1, a2
 1002c08: 1f00006f     	j	0x1002df8 <pjpeg_decode_init+0x628>
 1002c0c: 00001c37     	lui	s8, 0x1
 1002c10: fffc0c13     	addi	s8, s8, -0x1
 1002c14: 00700c93     	li	s9, 0x7
 1002c18: 01800d37     	lui	s10, 0x1800
 1002c1c: 01800a37     	lui	s4, 0x1800
 1002c20: 00800493     	li	s1, 0x8
 1002c24: 0d800d93     	li	s11, 0xd8
 1002c28: 0d900413     	li	s0, 0xd9
 1002c2c: 0100006f     	j	0x1002c3c <pjpeg_decode_init+0x46c>
 1002c30: fffc0c13     	addi	s8, s8, -0x1
 1002c34: 010c1513     	slli	a0, s8, 0x10
 1002c38: 0e050a63     	beqz	a0, 0x1002d2c <pjpeg_decode_init+0x55c>
 1002c3c: 0ff67513     	andi	a0, a2, 0xff
 1002c40: 01069913     	slli	s2, a3, 0x10
 1002c44: 01095693     	srli	a3, s2, 0x10
 1002c48: 08acea63     	bltu	s9, a0, 0x1002cdc <pjpeg_decode_init+0x50c>
 1002c4c: 00c69533     	sll	a0, a3, a2
 1002c50: 0ff5f613     	andi	a2, a1, 0xff
 1002c54: 70aa9223     	sh	a0, 0x704(s5)
 1002c58: 04061263     	bnez	a2, 0x1002c9c <pjpeg_decode_init+0x4cc>
 1002c5c: 01800537     	lui	a0, 0x1800
 1002c60: 6c452703     	lw	a4, 0x6c4(a0)
 1002c64: 01800537     	lui	a0, 0x1800
 1002c68: 6c852683     	lw	a3, 0x6c8(a0)
 1002c6c: 00400513     	li	a0, 0x4
 1002c70: 70ad01a3     	sb	a0, 0x703(s10)
 1002c74: 0fc00593     	li	a1, 0xfc
 1002c78: 01412503     	lw	a0, 0x14(sp)
 1002c7c: 01800637     	lui	a2, 0x1800
 1002c80: 70160613     	addi	a2, a2, 0x701
 1002c84: 000700e7     	jalr	a4
 1002c88: 00050663     	beqz	a0, 0x1002c94 <pjpeg_decode_init+0x4c4>
 1002c8c: 018005b7     	lui	a1, 0x1800
 1002c90: 6ca58023     	sb	a0, 0x6c0(a1)
 1002c94: 701a4583     	lbu	a1, 0x701(s4)
 1002c98: 06058863     	beqz	a1, 0x1002d08 <pjpeg_decode_init+0x538>
 1002c9c: 703d4603     	lbu	a2, 0x703(s10)
 1002ca0: fff58593     	addi	a1, a1, -0x1
 1002ca4: 01801537     	lui	a0, 0x1801
 1002ca8: f8450513     	addi	a0, a0, -0x7c
 1002cac: 00c50533     	add	a0, a0, a2
 1002cb0: 00054503     	lbu	a0, 0x0(a0)
 1002cb4: 70ba00a3     	sb	a1, 0x701(s4)
 1002cb8: 00160613     	addi	a2, a2, 0x1
 1002cbc: 70cd01a3     	sb	a2, 0x703(s10)
 1002cc0: 704ad683     	lhu	a3, 0x704(s5)
 1002cc4: 700b4603     	lbu	a2, 0x700(s6)
 1002cc8: 0ff57513     	andi	a0, a0, 0xff
 1002ccc: 00a6e533     	or	a0, a3, a0
 1002cd0: 40c486b3     	sub	a3, s1, a2
 1002cd4: 00d516b3     	sll	a3, a0, a3
 1002cd8: 00c0006f     	j	0x1002ce4 <pjpeg_decode_init+0x514>
 1002cdc: ff860613     	addi	a2, a2, -0x8
 1002ce0: 00869693     	slli	a3, a3, 0x8
 1002ce4: 70da9223     	sh	a3, 0x704(s5)
 1002ce8: 70cb0023     	sb	a2, 0x700(s6)
 1002cec: 0ff9f513     	andi	a0, s3, 0xff
 1002cf0: 01895993     	srli	s3, s2, 0x18
 1002cf4: f3751ee3     	bne	a0, s7, 0x1002c30 <pjpeg_decode_init+0x460>
 1002cf8: 01300513     	li	a0, 0x13
 1002cfc: 09b98063     	beq	s3, s11, 0x1002d7c <pjpeg_decode_init+0x5ac>
 1002d00: f28998e3     	bne	s3, s0, 0x1002c30 <pjpeg_decode_init+0x460>
 1002d04: 02c0006f     	j	0x1002d30 <pjpeg_decode_init+0x560>
 1002d08: 018006b7     	lui	a3, 0x1800
 1002d0c: 7026c503     	lbu	a0, 0x702(a3)
 1002d10: fff54613     	not	a2, a0
 1002d14: 70c68123     	sb	a2, 0x702(a3)
 1002d18: f0150513     	addi	a0, a0, -0xff
 1002d1c: 00153513     	seqz	a0, a0
 1002d20: fff50513     	addi	a0, a0, -0x1
 1002d24: fd956513     	ori	a0, a0, -0x27
 1002d28: f99ff06f     	j	0x1002cc0 <pjpeg_decode_init+0x4f0>
 1002d2c: 01300513     	li	a0, 0x13
 1002d30: 018005b7     	lui	a1, 0x1800
 1002d34: 6c05c583     	lbu	a1, 0x6c0(a1)
 1002d38: 00058463     	beqz	a1, 0x1002d40 <pjpeg_decode_init+0x570>
 1002d3c: 00058513     	mv	a0, a1
 1002d40: 04c12083     	lw	ra, 0x4c(sp)
 1002d44: 04812403     	lw	s0, 0x48(sp)
 1002d48: 04412483     	lw	s1, 0x44(sp)
 1002d4c: 04012903     	lw	s2, 0x40(sp)
 1002d50: 03c12983     	lw	s3, 0x3c(sp)
 1002d54: 03812a03     	lw	s4, 0x38(sp)
 1002d58: 03412a83     	lw	s5, 0x34(sp)
 1002d5c: 03012b03     	lw	s6, 0x30(sp)
 1002d60: 02c12b83     	lw	s7, 0x2c(sp)
 1002d64: 02812c03     	lw	s8, 0x28(sp)
 1002d68: 02412c83     	lw	s9, 0x24(sp)
 1002d6c: 02012d03     	lw	s10, 0x20(sp)
 1002d70: 01c12d83     	lw	s11, 0x1c(sp)
 1002d74: 05010113     	addi	sp, sp, 0x50
 1002d78: 00008067     	ret
 1002d7c: 01069693     	slli	a3, a3, 0x10
 1002d80: 0186d693     	srli	a3, a3, 0x18
 1002d84: 0ff00593     	li	a1, 0xff
 1002d88: d8b6f6e3     	bgeu	a3, a1, 0x1002b14 <pjpeg_decode_init+0x344>
 1002d8c: fa5ff06f     	j	0x1002d30 <pjpeg_decode_init+0x560>
 1002d90: 01800537     	lui	a0, 0x1800
 1002d94: 70254603     	lbu	a2, 0x702(a0)
 1002d98: fff64693     	not	a3, a2
 1002d9c: 70d50123     	sb	a3, 0x702(a0)
 1002da0: f0160513     	addi	a0, a2, -0xff
 1002da4: 00153513     	seqz	a0, a0
 1002da8: fff50513     	addi	a0, a0, -0x1
 1002dac: fd956513     	ori	a0, a0, -0x27
 1002db0: c31ff06f     	j	0x10029e0 <pjpeg_decode_init+0x210>
 1002db4: 01800537     	lui	a0, 0x1800
 1002db8: 70254603     	lbu	a2, 0x702(a0)
 1002dbc: fff64693     	not	a3, a2
 1002dc0: 70d50123     	sb	a3, 0x702(a0)
 1002dc4: f0160513     	addi	a0, a2, -0xff
 1002dc8: 00153513     	seqz	a0, a0
 1002dcc: fff50513     	addi	a0, a0, -0x1
 1002dd0: fd956513     	ori	a0, a0, -0x27
 1002dd4: ce9ff06f     	j	0x1002abc <pjpeg_decode_init+0x2ec>
 1002dd8: 02500513     	li	a0, 0x25
 1002ddc: f55ff06f     	j	0x1002d30 <pjpeg_decode_init+0x560>
 1002de0: 01100513     	li	a0, 0x11
 1002de4: f4dff06f     	j	0x1002d30 <pjpeg_decode_init+0x560>
 1002de8: 01400513     	li	a0, 0x14
 1002dec: f45ff06f     	j	0x1002d30 <pjpeg_decode_init+0x560>
 1002df0: ff860513     	addi	a0, a2, -0x8
 1002df4: 00841593     	slli	a1, s0, 0x8
 1002df8: 01800637     	lui	a2, 0x1800
 1002dfc: 70b61223     	sh	a1, 0x704(a2)
 1002e00: 018005b7     	lui	a1, 0x1800
 1002e04: 70a58023     	sb	a0, 0x700(a1)
 1002e08: f0047593     	andi	a1, s0, -0x100
 1002e0c: 00100513     	li	a0, 0x1
 1002e10: 00b51613     	slli	a2, a0, 0xb
 1002e14: 00700513     	li	a0, 0x7
 1002e18: f0c59ce3     	bne	a1, a2, 0x1002d30 <pjpeg_decode_init+0x560>
 1002e1c: 01000513     	li	a0, 0x10
 1002e20: 0ad010ef     	jal	0x10046cc <getBits1>
 1002e24: 018005b7     	lui	a1, 0x1800
 1002e28: 6ca59823     	sh	a0, 0x6d0(a1)
 1002e2c: ffffc5b7     	lui	a1, 0xffffc
 1002e30: fff58593     	addi	a1, a1, -0x1
 1002e34: 00b50533     	add	a0, a0, a1
 1002e38: 01051513     	slli	a0, a0, 0x10
 1002e3c: 01e55593     	srli	a1, a0, 0x1e
 1002e40: 00300413     	li	s0, 0x3
 1002e44: 00800513     	li	a0, 0x8
 1002e48: ee85e4e3     	bltu	a1, s0, 0x1002d30 <pjpeg_decode_init+0x560>
 1002e4c: 0000c537     	lui	a0, 0xc
 1002e50: fff50493     	addi	s1, a0, -0x1
 1002e54: 01000513     	li	a0, 0x10
 1002e58: 075010ef     	jal	0x10046cc <getBits1>
 1002e5c: 018005b7     	lui	a1, 0x1800
 1002e60: 6ca59723     	sh	a0, 0x6ce(a1)
 1002e64: 00950533     	add	a0, a0, s1
 1002e68: 01051513     	slli	a0, a0, 0x10
 1002e6c: 01e55593     	srli	a1, a0, 0x1e
 1002e70: 00900513     	li	a0, 0x9
 1002e74: ea85eee3     	bltu	a1, s0, 0x1002d30 <pjpeg_decode_init+0x560>
 1002e78: 018005b7     	lui	a1, 0x1800
 1002e7c: 01800537     	lui	a0, 0x1800
 1002e80: 70054603     	lbu	a2, 0x700(a0)
 1002e84: 7045d403     	lhu	s0, 0x704(a1)
 1002e88: 00700513     	li	a0, 0x7
 1002e8c: 0cc56a63     	bltu	a0, a2, 0x1002f60 <pjpeg_decode_init+0x790>
 1002e90: 018004b7     	lui	s1, 0x1800
 1002e94: 7014c683     	lbu	a3, 0x701(s1)
 1002e98: 00c41633     	sll	a2, s0, a2
 1002e9c: 70c59223     	sh	a2, 0x704(a1)
 1002ea0: 018019b7     	lui	s3, 0x1801
 1002ea4: f8498993     	addi	s3, s3, -0x7c
 1002ea8: 01412503     	lw	a0, 0x14(sp)
 1002eac: 04069463     	bnez	a3, 0x1002ef4 <pjpeg_decode_init+0x724>
 1002eb0: 018005b7     	lui	a1, 0x1800
 1002eb4: 6c45a703     	lw	a4, 0x6c4(a1)
 1002eb8: 018005b7     	lui	a1, 0x1800
 1002ebc: 6c85a683     	lw	a3, 0x6c8(a1)
 1002ec0: 01800637     	lui	a2, 0x1800
 1002ec4: 00400593     	li	a1, 0x4
 1002ec8: 70b601a3     	sb	a1, 0x703(a2)
 1002ecc: 01800637     	lui	a2, 0x1800
 1002ed0: 70160613     	addi	a2, a2, 0x701
 1002ed4: 0fc00593     	li	a1, 0xfc
 1002ed8: 000700e7     	jalr	a4
 1002edc: 00050663     	beqz	a0, 0x1002ee8 <pjpeg_decode_init+0x718>
 1002ee0: 018005b7     	lui	a1, 0x1800
 1002ee4: 6ca58023     	sb	a0, 0x6c0(a1)
 1002ee8: 01800537     	lui	a0, 0x1800
 1002eec: 70154683     	lbu	a3, 0x701(a0)
 1002ef0: 4e068663     	beqz	a3, 0x10033dc <pjpeg_decode_init+0xc0c>
 1002ef4: 018005b7     	lui	a1, 0x1800
 1002ef8: 7035c603     	lbu	a2, 0x703(a1)
 1002efc: fff68693     	addi	a3, a3, -0x1
 1002f00: 00c98533     	add	a0, s3, a2
 1002f04: 00054503     	lbu	a0, 0x0(a0)
 1002f08: 70d480a3     	sb	a3, 0x701(s1)
 1002f0c: 00160613     	addi	a2, a2, 0x1
 1002f10: 70c581a3     	sb	a2, 0x703(a1)
 1002f14: 018005b7     	lui	a1, 0x1800
 1002f18: 7045d603     	lhu	a2, 0x704(a1)
 1002f1c: 018005b7     	lui	a1, 0x1800
 1002f20: 7005c583     	lbu	a1, 0x700(a1)
 1002f24: 0ff57513     	andi	a0, a0, 0xff
 1002f28: 00a66533     	or	a0, a2, a0
 1002f2c: 00800613     	li	a2, 0x8
 1002f30: 40b60633     	sub	a2, a2, a1
 1002f34: 00c51633     	sll	a2, a0, a2
 1002f38: 0300006f     	j	0x1002f68 <pjpeg_decode_init+0x798>
 1002f3c: 01800537     	lui	a0, 0x1800
 1002f40: 70254583     	lbu	a1, 0x702(a0)
 1002f44: fff5c613     	not	a2, a1
 1002f48: 70c50123     	sb	a2, 0x702(a0)
 1002f4c: f0158513     	addi	a0, a1, -0xff
 1002f50: 00153513     	seqz	a0, a0
 1002f54: fff50513     	addi	a0, a0, -0x1
 1002f58: fd956593     	ori	a1, a0, -0x27
 1002f5c: c89ff06f     	j	0x1002be4 <pjpeg_decode_init+0x414>
 1002f60: ff860593     	addi	a1, a2, -0x8
 1002f64: 00841613     	slli	a2, s0, 0x8
 1002f68: 01800537     	lui	a0, 0x1800
 1002f6c: 70c51223     	sh	a2, 0x704(a0)
 1002f70: 01800537     	lui	a0, 0x1800
 1002f74: 70b50023     	sb	a1, 0x700(a0)
 1002f78: 00845693     	srli	a3, s0, 0x8
 1002f7c: 01800537     	lui	a0, 0x1800
 1002f80: 6cd50923     	sb	a3, 0x6d2(a0)
 1002f84: 3ff00713     	li	a4, 0x3ff
 1002f88: 00a00513     	li	a0, 0xa
 1002f8c: da8762e3     	bltu	a4, s0, 0x1002d30 <pjpeg_decode_init+0x560>
 1002f90: 00d6857b     	custom0	a0, a3, a3
 1002f94: 00850713     	addi	a4, a0, 0x8
 1002f98: 00b00513     	li	a0, 0xb
 1002f9c: d8e91ae3     	bne	s2, a4, 0x1002d30 <pjpeg_decode_init+0x560>
 1002fa0: 3c068463     	beqz	a3, 0x1003368 <pjpeg_decode_init+0xb98>
 1002fa4: 00000a93     	li	s5, 0x0
 1002fa8: 01061613     	slli	a2, a2, 0x10
 1002fac: 01065413     	srli	s0, a2, 0x10
 1002fb0: 00700b13     	li	s6, 0x7
 1002fb4: 01800bb7     	lui	s7, 0x1800
 1002fb8: 01800c37     	lui	s8, 0x1800
 1002fbc: 01800cb7     	lui	s9, 0x1800
 1002fc0: 00400d13     	li	s10, 0x4
 1002fc4: 01800a37     	lui	s4, 0x1800
 1002fc8: 01800db7     	lui	s11, 0x1800
 1002fcc: 00300913     	li	s2, 0x3
 1002fd0: 01012983     	lw	s3, 0x10(sp)
 1002fd4: 0ff5f513     	andi	a0, a1, 0xff
 1002fd8: 08ab6863     	bltu	s6, a0, 0x1003068 <pjpeg_decode_init+0x898>
 1002fdc: 701c4503     	lbu	a0, 0x701(s8)
 1002fe0: 00b415b3     	sll	a1, s0, a1
 1002fe4: 70bb9223     	sh	a1, 0x704(s7)
 1002fe8: 02051e63     	bnez	a0, 0x1003024 <pjpeg_decode_init+0x854>
 1002fec: 6c4a2703     	lw	a4, 0x6c4(s4)
 1002ff0: 01800537     	lui	a0, 0x1800
 1002ff4: 6c852683     	lw	a3, 0x6c8(a0)
 1002ff8: 71ac81a3     	sb	s10, 0x703(s9)
 1002ffc: 0fc00593     	li	a1, 0xfc
 1003000: 01412503     	lw	a0, 0x14(sp)
 1003004: 01800637     	lui	a2, 0x1800
 1003008: 70160613     	addi	a2, a2, 0x701
 100300c: 000700e7     	jalr	a4
 1003010: 00050663     	beqz	a0, 0x100301c <pjpeg_decode_init+0x84c>
 1003014: 018005b7     	lui	a1, 0x1800
 1003018: 6ca58023     	sb	a0, 0x6c0(a1)
 100301c: 701c4503     	lbu	a0, 0x701(s8)
 1003020: 2a050c63     	beqz	a0, 0x10032d8 <pjpeg_decode_init+0xb08>
 1003024: 703cc583     	lbu	a1, 0x703(s9)
 1003028: fff50613     	addi	a2, a0, -0x1
 100302c: 01801537     	lui	a0, 0x1801
 1003030: f8450513     	addi	a0, a0, -0x7c
 1003034: 00b50533     	add	a0, a0, a1
 1003038: 00054503     	lbu	a0, 0x0(a0)
 100303c: 70cc00a3     	sb	a2, 0x701(s8)
 1003040: 00158593     	addi	a1, a1, 0x1
 1003044: 70bc81a3     	sb	a1, 0x703(s9)
 1003048: 704bd603     	lhu	a2, 0x704(s7)
 100304c: 700dc583     	lbu	a1, 0x700(s11)
 1003050: 0ff57513     	andi	a0, a0, 0xff
 1003054: 00a66533     	or	a0, a2, a0
 1003058: 00800613     	li	a2, 0x8
 100305c: 40b60633     	sub	a2, a2, a1
 1003060: 00c51533     	sll	a0, a0, a2
 1003064: 00c0006f     	j	0x1003070 <pjpeg_decode_init+0x8a0>
 1003068: ff858593     	addi	a1, a1, -0x8
 100306c: 00841513     	slli	a0, s0, 0x8
 1003070: 70bd8023     	sb	a1, 0x700(s11)
 1003074: 0ff5f613     	andi	a2, a1, 0xff
 1003078: 00845413     	srli	s0, s0, 0x8
 100307c: 018006b7     	lui	a3, 0x1800
 1003080: 70968693     	addi	a3, a3, 0x709
 1003084: 015686b3     	add	a3, a3, s5
 1003088: 00868023     	sb	s0, 0x0(a3)
 100308c: 01357433     	and	s0, a0, s3
 1003090: 08c96863     	bltu	s2, a2, 0x1003120 <pjpeg_decode_init+0x950>
 1003094: 701c4603     	lbu	a2, 0x701(s8)
 1003098: 00b51533     	sll	a0, a0, a1
 100309c: 70ab9223     	sh	a0, 0x704(s7)
 10030a0: 02061e63     	bnez	a2, 0x10030dc <pjpeg_decode_init+0x90c>
 10030a4: 6c4a2703     	lw	a4, 0x6c4(s4)
 10030a8: 01800537     	lui	a0, 0x1800
 10030ac: 6c852683     	lw	a3, 0x6c8(a0)
 10030b0: 71ac81a3     	sb	s10, 0x703(s9)
 10030b4: 0fc00593     	li	a1, 0xfc
 10030b8: 01412503     	lw	a0, 0x14(sp)
 10030bc: 01800637     	lui	a2, 0x1800
 10030c0: 70160613     	addi	a2, a2, 0x701
 10030c4: 000700e7     	jalr	a4
 10030c8: 00050663     	beqz	a0, 0x10030d4 <pjpeg_decode_init+0x904>
 10030cc: 018005b7     	lui	a1, 0x1800
 10030d0: 6ca58023     	sb	a0, 0x6c0(a1)
 10030d4: 701c4603     	lbu	a2, 0x701(s8)
 10030d8: 22060263     	beqz	a2, 0x10032fc <pjpeg_decode_init+0xb2c>
 10030dc: 703cc583     	lbu	a1, 0x703(s9)
 10030e0: fff60613     	addi	a2, a2, -0x1
 10030e4: 01801537     	lui	a0, 0x1801
 10030e8: f8450513     	addi	a0, a0, -0x7c
 10030ec: 00b50533     	add	a0, a0, a1
 10030f0: 00054503     	lbu	a0, 0x0(a0)
 10030f4: 70cc00a3     	sb	a2, 0x701(s8)
 10030f8: 00158593     	addi	a1, a1, 0x1
 10030fc: 70bc81a3     	sb	a1, 0x703(s9)
 1003100: 704bd583     	lhu	a1, 0x704(s7)
 1003104: 700dc603     	lbu	a2, 0x700(s11)
 1003108: 0ff57513     	andi	a0, a0, 0xff
 100310c: 00a5e533     	or	a0, a1, a0
 1003110: 40cd05b3     	sub	a1, s10, a2
 1003114: 00b51533     	sll	a0, a0, a1
 1003118: 00460593     	addi	a1, a2, 0x4
 100311c: 00c0006f     	j	0x1003128 <pjpeg_decode_init+0x958>
 1003120: ffc58593     	addi	a1, a1, -0x4
 1003124: 00441513     	slli	a0, s0, 0x4
 1003128: 70bd8023     	sb	a1, 0x700(s11)
 100312c: 0ff5f613     	andi	a2, a1, 0xff
 1003130: 00c45413     	srli	s0, s0, 0xc
 1003134: 018006b7     	lui	a3, 0x1800
 1003138: 70c68693     	addi	a3, a3, 0x70c
 100313c: 015686b3     	add	a3, a3, s5
 1003140: 00868023     	sb	s0, 0x0(a3)
 1003144: 013574b3     	and	s1, a0, s3
 1003148: 08c96863     	bltu	s2, a2, 0x10031d8 <pjpeg_decode_init+0xa08>
 100314c: 701c4603     	lbu	a2, 0x701(s8)
 1003150: 00b51533     	sll	a0, a0, a1
 1003154: 70ab9223     	sh	a0, 0x704(s7)
 1003158: 02061e63     	bnez	a2, 0x1003194 <pjpeg_decode_init+0x9c4>
 100315c: 6c4a2703     	lw	a4, 0x6c4(s4)
 1003160: 01800537     	lui	a0, 0x1800
 1003164: 6c852683     	lw	a3, 0x6c8(a0)
 1003168: 71ac81a3     	sb	s10, 0x703(s9)
 100316c: 0fc00593     	li	a1, 0xfc
 1003170: 01412503     	lw	a0, 0x14(sp)
 1003174: 01800637     	lui	a2, 0x1800
 1003178: 70160613     	addi	a2, a2, 0x701
 100317c: 000700e7     	jalr	a4
 1003180: 00050663     	beqz	a0, 0x100318c <pjpeg_decode_init+0x9bc>
 1003184: 018005b7     	lui	a1, 0x1800
 1003188: 6ca58023     	sb	a0, 0x6c0(a1)
 100318c: 701c4603     	lbu	a2, 0x701(s8)
 1003190: 18060863     	beqz	a2, 0x1003320 <pjpeg_decode_init+0xb50>
 1003194: 703cc583     	lbu	a1, 0x703(s9)
 1003198: fff60613     	addi	a2, a2, -0x1
 100319c: 01801537     	lui	a0, 0x1801
 10031a0: f8450513     	addi	a0, a0, -0x7c
 10031a4: 00b50533     	add	a0, a0, a1
 10031a8: 00054503     	lbu	a0, 0x0(a0)
 10031ac: 70cc00a3     	sb	a2, 0x701(s8)
 10031b0: 00158593     	addi	a1, a1, 0x1
 10031b4: 70bc81a3     	sb	a1, 0x703(s9)
 10031b8: 704bd583     	lhu	a1, 0x704(s7)
 10031bc: 700dc603     	lbu	a2, 0x700(s11)
 10031c0: 0ff57513     	andi	a0, a0, 0xff
 10031c4: 00a5e533     	or	a0, a1, a0
 10031c8: 40cd05b3     	sub	a1, s10, a2
 10031cc: 00b51433     	sll	s0, a0, a1
 10031d0: 00460593     	addi	a1, a2, 0x4
 10031d4: 00c0006f     	j	0x10031e0 <pjpeg_decode_init+0xa10>
 10031d8: ffc58593     	addi	a1, a1, -0x4
 10031dc: 00449413     	slli	s0, s1, 0x4
 10031e0: 70bd8023     	sb	a1, 0x700(s11)
 10031e4: 0ff5f513     	andi	a0, a1, 0xff
 10031e8: 00c4d493     	srli	s1, s1, 0xc
 10031ec: 01800637     	lui	a2, 0x1800
 10031f0: 70f60613     	addi	a2, a2, 0x70f
 10031f4: 01560633     	add	a2, a2, s5
 10031f8: 00960023     	sb	s1, 0x0(a2)
 10031fc: 013474b3     	and	s1, s0, s3
 1003200: 08ab6863     	bltu	s6, a0, 0x1003290 <pjpeg_decode_init+0xac0>
 1003204: 701c4503     	lbu	a0, 0x701(s8)
 1003208: 00b415b3     	sll	a1, s0, a1
 100320c: 70bb9223     	sh	a1, 0x704(s7)
 1003210: 02051e63     	bnez	a0, 0x100324c <pjpeg_decode_init+0xa7c>
 1003214: 6c4a2703     	lw	a4, 0x6c4(s4)
 1003218: 01800537     	lui	a0, 0x1800
 100321c: 6c852683     	lw	a3, 0x6c8(a0)
 1003220: 71ac81a3     	sb	s10, 0x703(s9)
 1003224: 0fc00593     	li	a1, 0xfc
 1003228: 01412503     	lw	a0, 0x14(sp)
 100322c: 01800637     	lui	a2, 0x1800
 1003230: 70160613     	addi	a2, a2, 0x701
 1003234: 000700e7     	jalr	a4
 1003238: 00050663     	beqz	a0, 0x1003244 <pjpeg_decode_init+0xa74>
 100323c: 018005b7     	lui	a1, 0x1800
 1003240: 6ca58023     	sb	a0, 0x6c0(a1)
 1003244: 701c4503     	lbu	a0, 0x701(s8)
 1003248: 0e050e63     	beqz	a0, 0x1003344 <pjpeg_decode_init+0xb74>
 100324c: 703cc583     	lbu	a1, 0x703(s9)
 1003250: fff50613     	addi	a2, a0, -0x1
 1003254: 01801537     	lui	a0, 0x1801
 1003258: f8450513     	addi	a0, a0, -0x7c
 100325c: 00b50533     	add	a0, a0, a1
 1003260: 00054503     	lbu	a0, 0x0(a0)
 1003264: 70cc00a3     	sb	a2, 0x701(s8)
 1003268: 00158593     	addi	a1, a1, 0x1
 100326c: 70bc81a3     	sb	a1, 0x703(s9)
 1003270: 704bd603     	lhu	a2, 0x704(s7)
 1003274: 700dc583     	lbu	a1, 0x700(s11)
 1003278: 0ff57513     	andi	a0, a0, 0xff
 100327c: 00a66533     	or	a0, a2, a0
 1003280: 00800613     	li	a2, 0x8
 1003284: 40b60633     	sub	a2, a2, a1
 1003288: 00c51533     	sll	a0, a0, a2
 100328c: 00c0006f     	j	0x1003298 <pjpeg_decode_init+0xac8>
 1003290: ff858593     	addi	a1, a1, -0x8
 1003294: 00849513     	slli	a0, s1, 0x8
 1003298: 70ab9223     	sh	a0, 0x704(s7)
 100329c: 70bd8023     	sb	a1, 0x700(s11)
 10032a0: 00845413     	srli	s0, s0, 0x8
 10032a4: 01800637     	lui	a2, 0x1800
 10032a8: 6ee60613     	addi	a2, a2, 0x6ee
 10032ac: 01560633     	add	a2, a2, s5
 10032b0: 00860023     	sb	s0, 0x0(a2)
 10032b4: 20000613     	li	a2, 0x200
 10032b8: 10c4fe63     	bgeu	s1, a2, 0x10033d4 <pjpeg_decode_init+0xc04>
 10032bc: 01800637     	lui	a2, 0x1800
 10032c0: 6d264603     	lbu	a2, 0x6d2(a2)
 10032c4: 01051513     	slli	a0, a0, 0x10
 10032c8: 001a8a93     	addi	s5, s5, 0x1
 10032cc: 01055413     	srli	s0, a0, 0x10
 10032d0: d0cae2e3     	bltu	s5, a2, 0x1002fd4 <pjpeg_decode_init+0x804>
 10032d4: 09c0006f     	j	0x1003370 <pjpeg_decode_init+0xba0>
 10032d8: 01800637     	lui	a2, 0x1800
 10032dc: 70264503     	lbu	a0, 0x702(a2)
 10032e0: fff54593     	not	a1, a0
 10032e4: 70b60123     	sb	a1, 0x702(a2)
 10032e8: f0150513     	addi	a0, a0, -0xff
 10032ec: 00153513     	seqz	a0, a0
 10032f0: fff50513     	addi	a0, a0, -0x1
 10032f4: fd956513     	ori	a0, a0, -0x27
 10032f8: d51ff06f     	j	0x1003048 <pjpeg_decode_init+0x878>
 10032fc: 01800637     	lui	a2, 0x1800
 1003300: 70264503     	lbu	a0, 0x702(a2)
 1003304: fff54593     	not	a1, a0
 1003308: 70b60123     	sb	a1, 0x702(a2)
 100330c: f0150513     	addi	a0, a0, -0xff
 1003310: 00153513     	seqz	a0, a0
 1003314: fff50513     	addi	a0, a0, -0x1
 1003318: fd956513     	ori	a0, a0, -0x27
 100331c: de5ff06f     	j	0x1003100 <pjpeg_decode_init+0x930>
 1003320: 01800637     	lui	a2, 0x1800
 1003324: 70264503     	lbu	a0, 0x702(a2)
 1003328: fff54593     	not	a1, a0
 100332c: 70b60123     	sb	a1, 0x702(a2)
 1003330: f0150513     	addi	a0, a0, -0xff
 1003334: 00153513     	seqz	a0, a0
 1003338: fff50513     	addi	a0, a0, -0x1
 100333c: fd956513     	ori	a0, a0, -0x27
 1003340: e79ff06f     	j	0x10031b8 <pjpeg_decode_init+0x9e8>
 1003344: 01800637     	lui	a2, 0x1800
 1003348: 70264503     	lbu	a0, 0x702(a2)
 100334c: fff54593     	not	a1, a0
 1003350: 70b60123     	sb	a1, 0x702(a2)
 1003354: f0150513     	addi	a0, a0, -0xff
 1003358: 00153513     	seqz	a0, a0
 100335c: fff50513     	addi	a0, a0, -0x1
 1003360: fd956513     	ori	a0, a0, -0x27
 1003364: f0dff06f     	j	0x1003270 <pjpeg_decode_init+0xaa0>
 1003368: 00000613     	li	a2, 0x0
 100336c: 01012983     	lw	s3, 0x10(sp)
 1003370: 01800537     	lui	a0, 0x1800
 1003374: 6c054503     	lbu	a0, 0x6c0(a0)
 1003378: 9c0514e3     	bnez	a0, 0x1002d40 <pjpeg_decode_init+0x570>
 100337c: 00300513     	li	a0, 0x3
 1003380: 08a60063     	beq	a2, a0, 0x1003400 <pjpeg_decode_init+0xc30>
 1003384: 00100593     	li	a1, 0x1
 1003388: 01a00513     	li	a0, 0x1a
 100338c: 9ab61ae3     	bne	a2, a1, 0x1002d40 <pjpeg_decode_init+0x570>
 1003390: 01800537     	lui	a0, 0x1800
 1003394: 70c54603     	lbu	a2, 0x70c(a0)
 1003398: 01b00513     	li	a0, 0x1b
 100339c: 9ab612e3     	bne	a2, a1, 0x1002d40 <pjpeg_decode_init+0x570>
 10033a0: 018005b7     	lui	a1, 0x1800
 10033a4: 70f5c603     	lbu	a2, 0x70f(a1)
 10033a8: 00100593     	li	a1, 0x1
 10033ac: 98b61ae3     	bne	a2, a1, 0x1002d40 <pjpeg_decode_init+0x570>
 10033b0: 01800537     	lui	a0, 0x1800
 10033b4: 6c052a23     	sw	zero, 0x6d4(a0)
 10033b8: 01800537     	lui	a0, 0x1800
 10033bc: 6eb50323     	sb	a1, 0x6e6(a0)
 10033c0: 01800537     	lui	a0, 0x1800
 10033c4: 6e050423     	sb	zero, 0x6e8(a0)
 10033c8: 00700593     	li	a1, 0x7
 10033cc: 00300513     	li	a0, 0x3
 10033d0: 0b80006f     	j	0x1003488 <pjpeg_decode_init+0xcb8>
 10033d4: 02400513     	li	a0, 0x24
 10033d8: 959ff06f     	j	0x1002d30 <pjpeg_decode_init+0x560>
 10033dc: 01800537     	lui	a0, 0x1800
 10033e0: 70254583     	lbu	a1, 0x702(a0)
 10033e4: fff5c613     	not	a2, a1
 10033e8: 70c50123     	sb	a2, 0x702(a0)
 10033ec: f0158513     	addi	a0, a1, -0xff
 10033f0: 00153513     	seqz	a0, a0
 10033f4: fff50513     	addi	a0, a0, -0x1
 10033f8: fd956513     	ori	a0, a0, -0x27
 10033fc: b19ff06f     	j	0x1002f14 <pjpeg_decode_init+0x744>
 1003400: 018005b7     	lui	a1, 0x1800
 1003404: 70c58593     	addi	a1, a1, 0x70c
 1003408: 0015c603     	lbu	a2, 0x1(a1)
 100340c: 00100693     	li	a3, 0x1
 1003410: 01b00513     	li	a0, 0x1b
 1003414: 92d616e3     	bne	a2, a3, 0x1002d40 <pjpeg_decode_init+0x570>
 1003418: 01800637     	lui	a2, 0x1800
 100341c: 70f60613     	addi	a2, a2, 0x70f
 1003420: 00164703     	lbu	a4, 0x1(a2)
 1003424: 90d71ee3     	bne	a4, a3, 0x1002d40 <pjpeg_decode_init+0x570>
 1003428: 0025c683     	lbu	a3, 0x2(a1)
 100342c: 00100593     	li	a1, 0x1
 1003430: 90b698e3     	bne	a3, a1, 0x1002d40 <pjpeg_decode_init+0x570>
 1003434: 00264603     	lbu	a2, 0x2(a2)
 1003438: 90b614e3     	bne	a2, a1, 0x1002d40 <pjpeg_decode_init+0x570>
 100343c: 018005b7     	lui	a1, 0x1800
 1003440: 70c5c603     	lbu	a2, 0x70c(a1)
 1003444: 018005b7     	lui	a1, 0x1800
 1003448: 70f5c583     	lbu	a1, 0x70f(a1)
 100344c: 00100693     	li	a3, 0x1
 1003450: 18d61463     	bne	a2, a3, 0x10035d8 <pjpeg_decode_init+0xe08>
 1003454: 18d59263     	bne	a1, a3, 0x10035d8 <pjpeg_decode_init+0xe08>
 1003458: 01800537     	lui	a0, 0x1800
 100345c: 00100593     	li	a1, 0x1
 1003460: 6cb52a23     	sw	a1, 0x6d4(a0)
 1003464: 018005b7     	lui	a1, 0x1800
 1003468: 00300513     	li	a0, 0x3
 100346c: 6ea58323     	sb	a0, 0x6e6(a1)
 1003470: 018005b7     	lui	a1, 0x1800
 1003474: 10000613     	li	a2, 0x100
 1003478: 6ec59423     	sh	a2, 0x6e8(a1)
 100347c: 00200613     	li	a2, 0x2
 1003480: 6ec58523     	sb	a2, 0x6ea(a1)
 1003484: 00700593     	li	a1, 0x7
 1003488: 00800693     	li	a3, 0x8
 100348c: 00800713     	li	a4, 0x8
 1003490: 00300613     	li	a2, 0x3
 1003494: 00700793     	li	a5, 0x7
 1003498: 01800837     	lui	a6, 0x1800
 100349c: 018008b7     	lui	a7, 0x1800
 10034a0: 6ce8d883     	lhu	a7, 0x6ce(a7)
 10034a4: 6cd80e23     	sb	a3, 0x6dc(a6)
 10034a8: 018006b7     	lui	a3, 0x1800
 10034ac: 6ce68ea3     	sb	a4, 0x6dd(a3)
 10034b0: 011787b3     	add	a5, a5, a7
 10034b4: 018006b7     	lui	a3, 0x1800
 10034b8: 6d06d683     	lhu	a3, 0x6d0(a3)
 10034bc: 00c7d633     	srl	a2, a5, a2
 10034c0: 01800737     	lui	a4, 0x1800
 10034c4: 6cc71c23     	sh	a2, 0x6d8(a4)
 10034c8: 00d585b3     	add	a1, a1, a3
 10034cc: 00a5d533     	srl	a0, a1, a0
 10034d0: 018005b7     	lui	a1, 0x1800
 10034d4: 6ca59d23     	sh	a0, 0x6da(a1)
 10034d8: 02c50533     	mul	a0, a0, a2
 10034dc: 018005b7     	lui	a1, 0x1800
 10034e0: 6ca59123     	sh	a0, 0x6c2(a1)
 10034e4: 01b10513     	addi	a0, sp, 0x1b
 10034e8: 44c010ef     	jal	0x1004934 <processMarkers>
 10034ec: 840512e3     	bnez	a0, 0x1002d30 <pjpeg_decode_init+0x560>
 10034f0: 01b14583     	lbu	a1, 0x1b(sp)
 10034f4: 0d900513     	li	a0, 0xd9
 10034f8: 16a58863     	beq	a1, a0, 0x1003668 <pjpeg_decode_init+0xe98>
 10034fc: 0da00613     	li	a2, 0xda
 1003500: 01200513     	li	a0, 0x12
 1003504: 82c596e3     	bne	a1, a2, 0x1002d30 <pjpeg_decode_init+0x560>
 1003508: 01000513     	li	a0, 0x10
 100350c: 1c0010ef     	jal	0x10046cc <getBits1>
 1003510: 018005b7     	lui	a1, 0x1800
 1003514: 01800637     	lui	a2, 0x1800
 1003518: 70064603     	lbu	a2, 0x700(a2)
 100351c: 7045d403     	lhu	s0, 0x704(a1)
 1003520: 00700693     	li	a3, 0x7
 1003524: 00050913     	mv	s2, a0
 1003528: 18c6ec63     	bltu	a3, a2, 0x10036c0 <pjpeg_decode_init+0xef0>
 100352c: 018004b7     	lui	s1, 0x1800
 1003530: 7014c503     	lbu	a0, 0x701(s1)
 1003534: 00c41633     	sll	a2, s0, a2
 1003538: 70c59223     	sh	a2, 0x704(a1)
 100353c: 04051663     	bnez	a0, 0x1003588 <pjpeg_decode_init+0xdb8>
 1003540: 01800537     	lui	a0, 0x1800
 1003544: 6c452703     	lw	a4, 0x6c4(a0)
 1003548: 01800537     	lui	a0, 0x1800
 100354c: 6c852683     	lw	a3, 0x6c8(a0)
 1003550: 01800537     	lui	a0, 0x1800
 1003554: 00400593     	li	a1, 0x4
 1003558: 70b501a3     	sb	a1, 0x703(a0)
 100355c: 01800637     	lui	a2, 0x1800
 1003560: 70160613     	addi	a2, a2, 0x701
 1003564: 0fc00593     	li	a1, 0xfc
 1003568: 01412503     	lw	a0, 0x14(sp)
 100356c: 000700e7     	jalr	a4
 1003570: 00050663     	beqz	a0, 0x100357c <pjpeg_decode_init+0xdac>
 1003574: 018005b7     	lui	a1, 0x1800
 1003578: 6ca58023     	sb	a0, 0x6c0(a1)
 100357c: 01800537     	lui	a0, 0x1800
 1003580: 70154503     	lbu	a0, 0x701(a0)
 1003584: 1e050ee3     	beqz	a0, 0x1003f80 <pjpeg_decode_init+0x17b0>
 1003588: 018005b7     	lui	a1, 0x1800
 100358c: 7035c603     	lbu	a2, 0x703(a1)
 1003590: fff50693     	addi	a3, a0, -0x1
 1003594: 01801537     	lui	a0, 0x1801
 1003598: f8450513     	addi	a0, a0, -0x7c
 100359c: 00c50533     	add	a0, a0, a2
 10035a0: 00054503     	lbu	a0, 0x0(a0)
 10035a4: 70d480a3     	sb	a3, 0x701(s1)
 10035a8: 00160613     	addi	a2, a2, 0x1
 10035ac: 70c581a3     	sb	a2, 0x703(a1)
 10035b0: 018005b7     	lui	a1, 0x1800
 10035b4: 7045d603     	lhu	a2, 0x704(a1)
 10035b8: 018005b7     	lui	a1, 0x1800
 10035bc: 7005c583     	lbu	a1, 0x700(a1)
 10035c0: 0ff57513     	andi	a0, a0, 0xff
 10035c4: 00a66533     	or	a0, a2, a0
 10035c8: 00800613     	li	a2, 0x8
 10035cc: 40b60633     	sub	a2, a2, a1
 10035d0: 00c51b33     	sll	s6, a0, a2
 10035d4: 0f40006f     	j	0x10036c8 <pjpeg_decode_init+0xef8>
 10035d8: 04d61263     	bne	a2, a3, 0x100361c <pjpeg_decode_init+0xe4c>
 10035dc: 00200693     	li	a3, 0x2
 10035e0: 02d59e63     	bne	a1, a3, 0x100361c <pjpeg_decode_init+0xe4c>
 10035e4: 01800537     	lui	a0, 0x1800
 10035e8: 00300613     	li	a2, 0x3
 10035ec: 6cc52a23     	sw	a2, 0x6d4(a0)
 10035f0: 018005b7     	lui	a1, 0x1800
 10035f4: 00400513     	li	a0, 0x4
 10035f8: 6ea58323     	sb	a0, 0x6e6(a1)
 10035fc: 018005b7     	lui	a1, 0x1800
 1003600: 020106b7     	lui	a3, 0x2010
 1003604: 6ed5a423     	sw	a3, 0x6e8(a1)
 1003608: 00700793     	li	a5, 0x7
 100360c: 00f00593     	li	a1, 0xf
 1003610: 01000713     	li	a4, 0x10
 1003614: 00800693     	li	a3, 0x8
 1003618: e81ff06f     	j	0x1003498 <pjpeg_decode_init+0xcc8>
 100361c: 00200693     	li	a3, 0x2
 1003620: 04d61863     	bne	a2, a3, 0x1003670 <pjpeg_decode_init+0xea0>
 1003624: 00100713     	li	a4, 0x1
 1003628: 04e59463     	bne	a1, a4, 0x1003670 <pjpeg_decode_init+0xea0>
 100362c: 01800537     	lui	a0, 0x1800
 1003630: 00200593     	li	a1, 0x2
 1003634: 6cb52a23     	sw	a1, 0x6d4(a0)
 1003638: 01800537     	lui	a0, 0x1800
 100363c: 00400613     	li	a2, 0x4
 1003640: 6ec50323     	sb	a2, 0x6e6(a0)
 1003644: 01800537     	lui	a0, 0x1800
 1003648: 020105b7     	lui	a1, 0x2010
 100364c: 6eb52423     	sw	a1, 0x6e8(a0)
 1003650: 00f00793     	li	a5, 0xf
 1003654: 00700593     	li	a1, 0x7
 1003658: 00300513     	li	a0, 0x3
 100365c: 00800713     	li	a4, 0x8
 1003660: 01000693     	li	a3, 0x10
 1003664: e35ff06f     	j	0x1003498 <pjpeg_decode_init+0xcc8>
 1003668: 01200513     	li	a0, 0x12
 100366c: ec4ff06f     	j	0x1002d30 <pjpeg_decode_init+0x560>
 1003670: ecd61863     	bne	a2, a3, 0x1002d40 <pjpeg_decode_init+0x570>
 1003674: 00200613     	li	a2, 0x2
 1003678: ecc59463     	bne	a1, a2, 0x1002d40 <pjpeg_decode_init+0x570>
 100367c: 018005b7     	lui	a1, 0x1800
 1003680: 00400513     	li	a0, 0x4
 1003684: 6ca5aa23     	sw	a0, 0x6d4(a1)
 1003688: 018005b7     	lui	a1, 0x1800
 100368c: 00600613     	li	a2, 0x6
 1003690: 6ec58323     	sb	a2, 0x6e6(a1)
 1003694: 018005b7     	lui	a1, 0x1800
 1003698: 6e05a423     	sw	zero, 0x6e8(a1)
 100369c: 6e858593     	addi	a1, a1, 0x6e8
 10036a0: 20100613     	li	a2, 0x201
 10036a4: 00c59223     	sh	a2, 0x4(a1)
 10036a8: 00f00593     	li	a1, 0xf
 10036ac: 01000693     	li	a3, 0x10
 10036b0: 01000713     	li	a4, 0x10
 10036b4: 00400613     	li	a2, 0x4
 10036b8: 00f00793     	li	a5, 0xf
 10036bc: dddff06f     	j	0x1003498 <pjpeg_decode_init+0xcc8>
 10036c0: ff860593     	addi	a1, a2, -0x8
 10036c4: 00841b13     	slli	s6, s0, 0x8
 10036c8: 01800537     	lui	a0, 0x1800
 10036cc: 71651223     	sh	s6, 0x704(a0)
 10036d0: 01800537     	lui	a0, 0x1800
 10036d4: 70b50023     	sb	a1, 0x700(a0)
 10036d8: 00845413     	srli	s0, s0, 0x8
 10036dc: 01800537     	lui	a0, 0x1800
 10036e0: 70850323     	sb	s0, 0x706(a0)
 10036e4: 00141613     	slli	a2, s0, 0x1
 10036e8: ffa90513     	addi	a0, s2, -0x6
 10036ec: 01051513     	slli	a0, a0, 0x10
 10036f0: 01055693     	srli	a3, a0, 0x10
 10036f4: 00e00513     	li	a0, 0xe
 10036f8: e2d61c63     	bne	a2, a3, 0x1002d30 <pjpeg_decode_init+0x560>
 10036fc: ffc40613     	addi	a2, s0, -0x4
 1003700: ffd00693     	li	a3, -0x3
 1003704: e2d66663     	bltu	a2, a3, 0x1002d30 <pjpeg_decode_init+0x560>
 1003708: ffd90a13     	addi	s4, s2, -0x3
 100370c: 24040c63     	beqz	s0, 0x1003964 <pjpeg_decode_init+0x1194>
 1003710: 00000b93     	li	s7, 0x0
 1003714: 00700c13     	li	s8, 0x7
 1003718: 01800cb7     	lui	s9, 0x1800
 100371c: 01800d37     	lui	s10, 0x1800
 1003720: 01800db7     	lui	s11, 0x1800
 1003724: 00400493     	li	s1, 0x4
 1003728: 01800937     	lui	s2, 0x1800
 100372c: 0ff5f513     	andi	a0, a1, 0xff
 1003730: 010b1a93     	slli	s5, s6, 0x10
 1003734: 010ad413     	srli	s0, s5, 0x10
 1003738: 08ac6a63     	bltu	s8, a0, 0x10037cc <pjpeg_decode_init+0xffc>
 100373c: 701d4503     	lbu	a0, 0x701(s10)
 1003740: 00b415b3     	sll	a1, s0, a1
 1003744: 70bc9223     	sh	a1, 0x704(s9)
 1003748: 04051063     	bnez	a0, 0x1003788 <pjpeg_decode_init+0xfb8>
 100374c: 01800537     	lui	a0, 0x1800
 1003750: 6c452703     	lw	a4, 0x6c4(a0)
 1003754: 01800537     	lui	a0, 0x1800
 1003758: 6c852683     	lw	a3, 0x6c8(a0)
 100375c: 709d81a3     	sb	s1, 0x703(s11)
 1003760: 0fc00593     	li	a1, 0xfc
 1003764: 01412503     	lw	a0, 0x14(sp)
 1003768: 01800637     	lui	a2, 0x1800
 100376c: 70160613     	addi	a2, a2, 0x701
 1003770: 000700e7     	jalr	a4
 1003774: 00050663     	beqz	a0, 0x1003780 <pjpeg_decode_init+0xfb0>
 1003778: 018005b7     	lui	a1, 0x1800
 100377c: 6ca58023     	sb	a0, 0x6c0(a1)
 1003780: 701d4503     	lbu	a0, 0x701(s10)
 1003784: 18050c63     	beqz	a0, 0x100391c <pjpeg_decode_init+0x114c>
 1003788: 703dc583     	lbu	a1, 0x703(s11)
 100378c: fff50613     	addi	a2, a0, -0x1
 1003790: 01801537     	lui	a0, 0x1801
 1003794: f8450513     	addi	a0, a0, -0x7c
 1003798: 00b50533     	add	a0, a0, a1
 100379c: 00054503     	lbu	a0, 0x0(a0)
 10037a0: 70cd00a3     	sb	a2, 0x701(s10)
 10037a4: 00158593     	addi	a1, a1, 0x1
 10037a8: 70bd81a3     	sb	a1, 0x703(s11)
 10037ac: 704cd603     	lhu	a2, 0x704(s9)
 10037b0: 70094583     	lbu	a1, 0x700(s2)
 10037b4: 0ff57513     	andi	a0, a0, 0xff
 10037b8: 00a66533     	or	a0, a2, a0
 10037bc: 00800613     	li	a2, 0x8
 10037c0: 40b60633     	sub	a2, a2, a1
 10037c4: 00c51433     	sll	s0, a0, a2
 10037c8: 00c0006f     	j	0x10037d4 <pjpeg_decode_init+0x1004>
 10037cc: ff858593     	addi	a1, a1, -0x8
 10037d0: 00841413     	slli	s0, s0, 0x8
 10037d4: 0ff5f513     	andi	a0, a1, 0xff
 10037d8: 70b90023     	sb	a1, 0x700(s2)
 10037dc: 08ac6a63     	bltu	s8, a0, 0x1003870 <pjpeg_decode_init+0x10a0>
 10037e0: 701d4503     	lbu	a0, 0x701(s10)
 10037e4: 00b415b3     	sll	a1, s0, a1
 10037e8: 70bc9223     	sh	a1, 0x704(s9)
 10037ec: 04051063     	bnez	a0, 0x100382c <pjpeg_decode_init+0x105c>
 10037f0: 01800537     	lui	a0, 0x1800
 10037f4: 6c452703     	lw	a4, 0x6c4(a0)
 10037f8: 01800537     	lui	a0, 0x1800
 10037fc: 6c852683     	lw	a3, 0x6c8(a0)
 1003800: 709d81a3     	sb	s1, 0x703(s11)
 1003804: 0fc00593     	li	a1, 0xfc
 1003808: 01412503     	lw	a0, 0x14(sp)
 100380c: 01800637     	lui	a2, 0x1800
 1003810: 70160613     	addi	a2, a2, 0x701
 1003814: 000700e7     	jalr	a4
 1003818: 00050663     	beqz	a0, 0x1003824 <pjpeg_decode_init+0x1054>
 100381c: 018005b7     	lui	a1, 0x1800
 1003820: 6ca58023     	sb	a0, 0x6c0(a1)
 1003824: 701d4503     	lbu	a0, 0x701(s10)
 1003828: 10050c63     	beqz	a0, 0x1003940 <pjpeg_decode_init+0x1170>
 100382c: 703dc583     	lbu	a1, 0x703(s11)
 1003830: fff50613     	addi	a2, a0, -0x1
 1003834: 01801537     	lui	a0, 0x1801
 1003838: f8450513     	addi	a0, a0, -0x7c
 100383c: 00b50533     	add	a0, a0, a1
 1003840: 00054503     	lbu	a0, 0x0(a0)
 1003844: 70cd00a3     	sb	a2, 0x701(s10)
 1003848: 00158593     	addi	a1, a1, 0x1
 100384c: 70bd81a3     	sb	a1, 0x703(s11)
 1003850: 704cd603     	lhu	a2, 0x704(s9)
 1003854: 70094583     	lbu	a1, 0x700(s2)
 1003858: 0ff57513     	andi	a0, a0, 0xff
 100385c: 00a66533     	or	a0, a2, a0
 1003860: 00800613     	li	a2, 0x8
 1003864: 40b60633     	sub	a2, a2, a1
 1003868: 00c51b33     	sll	s6, a0, a2
 100386c: 0100006f     	j	0x100387c <pjpeg_decode_init+0x10ac>
 1003870: ff858593     	addi	a1, a1, -0x8
 1003874: 01041513     	slli	a0, s0, 0x10
 1003878: 00855b13     	srli	s6, a0, 0x8
 100387c: 01800537     	lui	a0, 0x1800
 1003880: 6d254603     	lbu	a2, 0x6d2(a0)
 1003884: 716c9223     	sh	s6, 0x704(s9)
 1003888: 70b90023     	sb	a1, 0x700(s2)
 100388c: 00f00513     	li	a0, 0xf
 1003890: ca060063     	beqz	a2, 0x1002d30 <pjpeg_decode_init+0x560>
 1003894: 00000713     	li	a4, 0x0
 1003898: 018ad793     	srli	a5, s5, 0x18
 100389c: 00845413     	srli	s0, s0, 0x8
 10038a0: ffea0a13     	addi	s4, s4, -0x2
 10038a4: 40c00833     	neg	a6, a2
 10038a8: 018008b7     	lui	a7, 0x1800
 10038ac: 70988893     	addi	a7, a7, 0x709
 10038b0: 018006b7     	lui	a3, 0x1800
 10038b4: 6f168693     	addi	a3, a3, 0x6f1
 10038b8: 01800637     	lui	a2, 0x1800
 10038bc: 6fa60613     	addi	a2, a2, 0x6fa
 10038c0: 0008c283     	lbu	t0, 0x0(a7)
 10038c4: 00f28e63     	beq	t0, a5, 0x10038e0 <pjpeg_decode_init+0x1110>
 10038c8: 00160613     	addi	a2, a2, 0x1
 10038cc: 00168693     	addi	a3, a3, 0x1
 10038d0: fff70713     	addi	a4, a4, -0x1
 10038d4: 00188893     	addi	a7, a7, 0x1
 10038d8: fee814e3     	bne	a6, a4, 0x10038c0 <pjpeg_decode_init+0x10f0>
 10038dc: c54ff06f     	j	0x1002d30 <pjpeg_decode_init+0x560>
 10038e0: 40e00533     	neg	a0, a4
 10038e4: 01800737     	lui	a4, 0x1800
 10038e8: 71270713     	addi	a4, a4, 0x712
 10038ec: 01770733     	add	a4, a4, s7
 10038f0: 00a70023     	sb	a0, 0x0(a4)
 10038f4: 01841513     	slli	a0, s0, 0x18
 10038f8: 01c55513     	srli	a0, a0, 0x1c
 10038fc: 01800737     	lui	a4, 0x1800
 1003900: 70674703     	lbu	a4, 0x706(a4)
 1003904: 00a68023     	sb	a0, 0x0(a3)
 1003908: 00f47413     	andi	s0, s0, 0xf
 100390c: 001b8b93     	addi	s7, s7, 0x1
 1003910: 00860023     	sb	s0, 0x0(a2)
 1003914: e0ebece3     	bltu	s7, a4, 0x100372c <pjpeg_decode_init+0xf5c>
 1003918: 04c0006f     	j	0x1003964 <pjpeg_decode_init+0x1194>
 100391c: 01800637     	lui	a2, 0x1800
 1003920: 70264503     	lbu	a0, 0x702(a2)
 1003924: fff54593     	not	a1, a0
 1003928: 70b60123     	sb	a1, 0x702(a2)
 100392c: f0150513     	addi	a0, a0, -0xff
 1003930: 00153513     	seqz	a0, a0
 1003934: fff50513     	addi	a0, a0, -0x1
 1003938: fd956513     	ori	a0, a0, -0x27
 100393c: e71ff06f     	j	0x10037ac <pjpeg_decode_init+0xfdc>
 1003940: 01800637     	lui	a2, 0x1800
 1003944: 70264503     	lbu	a0, 0x702(a2)
 1003948: fff54593     	not	a1, a0
 100394c: 70b60123     	sb	a1, 0x702(a2)
 1003950: f0150513     	addi	a0, a0, -0xff
 1003954: 00153513     	seqz	a0, a0
 1003958: fff50513     	addi	a0, a0, -0x1
 100395c: fd956513     	ori	a0, a0, -0x27
 1003960: ef1ff06f     	j	0x1003850 <pjpeg_decode_init+0x1080>
 1003964: 0ff5f513     	andi	a0, a1, 0xff
 1003968: 010b1613     	slli	a2, s6, 0x10
 100396c: 00700693     	li	a3, 0x7
 1003970: 01065613     	srli	a2, a2, 0x10
 1003974: 0aa6ea63     	bltu	a3, a0, 0x1003a28 <pjpeg_decode_init+0x1258>
 1003978: 01800437     	lui	s0, 0x1800
 100397c: 70144503     	lbu	a0, 0x701(s0)
 1003980: 00b615b3     	sll	a1, a2, a1
 1003984: 01800637     	lui	a2, 0x1800
 1003988: 70b61223     	sh	a1, 0x704(a2)
 100398c: 04051663     	bnez	a0, 0x10039d8 <pjpeg_decode_init+0x1208>
 1003990: 01800537     	lui	a0, 0x1800
 1003994: 6c452703     	lw	a4, 0x6c4(a0)
 1003998: 01800537     	lui	a0, 0x1800
 100399c: 6c852683     	lw	a3, 0x6c8(a0)
 10039a0: 01800537     	lui	a0, 0x1800
 10039a4: 00400593     	li	a1, 0x4
 10039a8: 70b501a3     	sb	a1, 0x703(a0)
 10039ac: 01800637     	lui	a2, 0x1800
 10039b0: 70160613     	addi	a2, a2, 0x701
 10039b4: 0fc00593     	li	a1, 0xfc
 10039b8: 01412503     	lw	a0, 0x14(sp)
 10039bc: 000700e7     	jalr	a4
 10039c0: 00050663     	beqz	a0, 0x10039cc <pjpeg_decode_init+0x11fc>
 10039c4: 018005b7     	lui	a1, 0x1800
 10039c8: 6ca58023     	sb	a0, 0x6c0(a1)
 10039cc: 01800537     	lui	a0, 0x1800
 10039d0: 70154503     	lbu	a0, 0x701(a0)
 10039d4: 5c050c63     	beqz	a0, 0x1003fac <pjpeg_decode_init+0x17dc>
 10039d8: 01800637     	lui	a2, 0x1800
 10039dc: 70364683     	lbu	a3, 0x703(a2)
 10039e0: fff50513     	addi	a0, a0, -0x1
 10039e4: 018015b7     	lui	a1, 0x1801
 10039e8: f8458593     	addi	a1, a1, -0x7c
 10039ec: 00d585b3     	add	a1, a1, a3
 10039f0: 0005c583     	lbu	a1, 0x0(a1)
 10039f4: 70a400a3     	sb	a0, 0x701(s0)
 10039f8: 00168693     	addi	a3, a3, 0x1
 10039fc: 70d601a3     	sb	a3, 0x703(a2)
 1003a00: 01800537     	lui	a0, 0x1800
 1003a04: 70455603     	lhu	a2, 0x704(a0)
 1003a08: 01800537     	lui	a0, 0x1800
 1003a0c: 70054503     	lbu	a0, 0x700(a0)
 1003a10: 0ff5f593     	andi	a1, a1, 0xff
 1003a14: 00b665b3     	or	a1, a2, a1
 1003a18: 00800613     	li	a2, 0x8
 1003a1c: 40a60633     	sub	a2, a2, a0
 1003a20: 00c59433     	sll	s0, a1, a2
 1003a24: 00c0006f     	j	0x1003a30 <pjpeg_decode_init+0x1260>
 1003a28: ff858513     	addi	a0, a1, -0x8
 1003a2c: 00861413     	slli	s0, a2, 0x8
 1003a30: 018005b7     	lui	a1, 0x1800
 1003a34: 70a58023     	sb	a0, 0x700(a1)
 1003a38: 0ff57593     	andi	a1, a0, 0xff
 1003a3c: 008b5613     	srli	a2, s6, 0x8
 1003a40: 018006b7     	lui	a3, 0x1800
 1003a44: 00700713     	li	a4, 0x7
 1003a48: 6cc68f23     	sb	a2, 0x6de(a3)
 1003a4c: 0ab76a63     	bltu	a4, a1, 0x1003b00 <pjpeg_decode_init+0x1330>
 1003a50: 018004b7     	lui	s1, 0x1800
 1003a54: 7014c583     	lbu	a1, 0x701(s1)
 1003a58: 00a41533     	sll	a0, s0, a0
 1003a5c: 01800637     	lui	a2, 0x1800
 1003a60: 70a61223     	sh	a0, 0x704(a2)
 1003a64: 04059663     	bnez	a1, 0x1003ab0 <pjpeg_decode_init+0x12e0>
 1003a68: 01800537     	lui	a0, 0x1800
 1003a6c: 6c452703     	lw	a4, 0x6c4(a0)
 1003a70: 01800537     	lui	a0, 0x1800
 1003a74: 6c852683     	lw	a3, 0x6c8(a0)
 1003a78: 01800537     	lui	a0, 0x1800
 1003a7c: 00400593     	li	a1, 0x4
 1003a80: 70b501a3     	sb	a1, 0x703(a0)
 1003a84: 01800637     	lui	a2, 0x1800
 1003a88: 70160613     	addi	a2, a2, 0x701
 1003a8c: 0fc00593     	li	a1, 0xfc
 1003a90: 01412503     	lw	a0, 0x14(sp)
 1003a94: 000700e7     	jalr	a4
 1003a98: 00050663     	beqz	a0, 0x1003aa4 <pjpeg_decode_init+0x12d4>
 1003a9c: 018005b7     	lui	a1, 0x1800
 1003aa0: 6ca58023     	sb	a0, 0x6c0(a1)
 1003aa4: 01800537     	lui	a0, 0x1800
 1003aa8: 70154583     	lbu	a1, 0x701(a0)
 1003aac: 52058263     	beqz	a1, 0x1003fd0 <pjpeg_decode_init+0x1800>
 1003ab0: 01800537     	lui	a0, 0x1800
 1003ab4: 70354603     	lbu	a2, 0x703(a0)
 1003ab8: fff58693     	addi	a3, a1, -0x1
 1003abc: 018015b7     	lui	a1, 0x1801
 1003ac0: f8458593     	addi	a1, a1, -0x7c
 1003ac4: 00c585b3     	add	a1, a1, a2
 1003ac8: 0005c583     	lbu	a1, 0x0(a1)
 1003acc: 70d480a3     	sb	a3, 0x701(s1)
 1003ad0: 00160613     	addi	a2, a2, 0x1
 1003ad4: 70c501a3     	sb	a2, 0x703(a0)
 1003ad8: 01800537     	lui	a0, 0x1800
 1003adc: 70455603     	lhu	a2, 0x704(a0)
 1003ae0: 01800537     	lui	a0, 0x1800
 1003ae4: 70054503     	lbu	a0, 0x700(a0)
 1003ae8: 0ff5f593     	andi	a1, a1, 0xff
 1003aec: 00b665b3     	or	a1, a2, a1
 1003af0: 00800613     	li	a2, 0x8
 1003af4: 40a60633     	sub	a2, a2, a0
 1003af8: 00c595b3     	sll	a1, a1, a2
 1003afc: 0100006f     	j	0x1003b0c <pjpeg_decode_init+0x133c>
 1003b00: ff850513     	addi	a0, a0, -0x8
 1003b04: 01041593     	slli	a1, s0, 0x10
 1003b08: 0085d593     	srli	a1, a1, 0x8
 1003b0c: 01800637     	lui	a2, 0x1800
 1003b10: 70a60023     	sb	a0, 0x700(a2)
 1003b14: 0ff57613     	andi	a2, a0, 0xff
 1003b18: 00845413     	srli	s0, s0, 0x8
 1003b1c: 018006b7     	lui	a3, 0x1800
 1003b20: 6c868fa3     	sb	s0, 0x6df(a3)
 1003b24: 00300693     	li	a3, 0x3
 1003b28: 0135f433     	and	s0, a1, s3
 1003b2c: 0ac6ec63     	bltu	a3, a2, 0x1003be4 <pjpeg_decode_init+0x1414>
 1003b30: 018004b7     	lui	s1, 0x1800
 1003b34: 7014c603     	lbu	a2, 0x701(s1)
 1003b38: 00a59533     	sll	a0, a1, a0
 1003b3c: 018005b7     	lui	a1, 0x1800
 1003b40: 70a59223     	sh	a0, 0x704(a1)
 1003b44: 04061663     	bnez	a2, 0x1003b90 <pjpeg_decode_init+0x13c0>
 1003b48: 01800537     	lui	a0, 0x1800
 1003b4c: 6c452703     	lw	a4, 0x6c4(a0)
 1003b50: 01800537     	lui	a0, 0x1800
 1003b54: 6c852683     	lw	a3, 0x6c8(a0)
 1003b58: 01800537     	lui	a0, 0x1800
 1003b5c: 00400593     	li	a1, 0x4
 1003b60: 70b501a3     	sb	a1, 0x703(a0)
 1003b64: 01800637     	lui	a2, 0x1800
 1003b68: 70160613     	addi	a2, a2, 0x701
 1003b6c: 0fc00593     	li	a1, 0xfc
 1003b70: 01412503     	lw	a0, 0x14(sp)
 1003b74: 000700e7     	jalr	a4
 1003b78: 00050663     	beqz	a0, 0x1003b84 <pjpeg_decode_init+0x13b4>
 1003b7c: 018005b7     	lui	a1, 0x1800
 1003b80: 6ca58023     	sb	a0, 0x6c0(a1)
 1003b84: 01800537     	lui	a0, 0x1800
 1003b88: 70154603     	lbu	a2, 0x701(a0)
 1003b8c: 46060463     	beqz	a2, 0x1003ff4 <pjpeg_decode_init+0x1824>
 1003b90: 018005b7     	lui	a1, 0x1800
 1003b94: 7035c683     	lbu	a3, 0x703(a1)
 1003b98: fff60613     	addi	a2, a2, -0x1
 1003b9c: 01801537     	lui	a0, 0x1801
 1003ba0: f8450513     	addi	a0, a0, -0x7c
 1003ba4: 00d50533     	add	a0, a0, a3
 1003ba8: 00054503     	lbu	a0, 0x0(a0)
 1003bac: 70c480a3     	sb	a2, 0x701(s1)
 1003bb0: 00168693     	addi	a3, a3, 0x1
 1003bb4: 70d581a3     	sb	a3, 0x703(a1)
 1003bb8: 018005b7     	lui	a1, 0x1800
 1003bbc: 7045d583     	lhu	a1, 0x704(a1)
 1003bc0: 01800637     	lui	a2, 0x1800
 1003bc4: 70064603     	lbu	a2, 0x700(a2)
 1003bc8: 0ff57513     	andi	a0, a0, 0xff
 1003bcc: 00a5e533     	or	a0, a1, a0
 1003bd0: 00400593     	li	a1, 0x4
 1003bd4: 40c585b3     	sub	a1, a1, a2
 1003bd8: 00b515b3     	sll	a1, a0, a1
 1003bdc: 00460513     	addi	a0, a2, 0x4
 1003be0: 00c0006f     	j	0x1003bec <pjpeg_decode_init+0x141c>
 1003be4: ffc50513     	addi	a0, a0, -0x4
 1003be8: 00441593     	slli	a1, s0, 0x4
 1003bec: 01800637     	lui	a2, 0x1800
 1003bf0: 70a60023     	sb	a0, 0x700(a2)
 1003bf4: 0ff57613     	andi	a2, a0, 0xff
 1003bf8: 00c45413     	srli	s0, s0, 0xc
 1003bfc: 018006b7     	lui	a3, 0x1800
 1003c00: 6e868023     	sb	s0, 0x6e0(a3)
 1003c04: 00300693     	li	a3, 0x3
 1003c08: 0135f933     	and	s2, a1, s3
 1003c0c: 0ac6ec63     	bltu	a3, a2, 0x1003cc4 <pjpeg_decode_init+0x14f4>
 1003c10: 01800437     	lui	s0, 0x1800
 1003c14: 70144603     	lbu	a2, 0x701(s0)
 1003c18: 00a59533     	sll	a0, a1, a0
 1003c1c: 018005b7     	lui	a1, 0x1800
 1003c20: 70a59223     	sh	a0, 0x704(a1)
 1003c24: 04061663     	bnez	a2, 0x1003c70 <pjpeg_decode_init+0x14a0>
 1003c28: 01800537     	lui	a0, 0x1800
 1003c2c: 6c452703     	lw	a4, 0x6c4(a0)
 1003c30: 01800537     	lui	a0, 0x1800
 1003c34: 6c852683     	lw	a3, 0x6c8(a0)
 1003c38: 01800537     	lui	a0, 0x1800
 1003c3c: 00400593     	li	a1, 0x4
 1003c40: 70b501a3     	sb	a1, 0x703(a0)
 1003c44: 01800637     	lui	a2, 0x1800
 1003c48: 70160613     	addi	a2, a2, 0x701
 1003c4c: 0fc00593     	li	a1, 0xfc
 1003c50: 01412503     	lw	a0, 0x14(sp)
 1003c54: 000700e7     	jalr	a4
 1003c58: 00050663     	beqz	a0, 0x1003c64 <pjpeg_decode_init+0x1494>
 1003c5c: 018005b7     	lui	a1, 0x1800
 1003c60: 6ca58023     	sb	a0, 0x6c0(a1)
 1003c64: 01800537     	lui	a0, 0x1800
 1003c68: 70154603     	lbu	a2, 0x701(a0)
 1003c6c: 3a060663     	beqz	a2, 0x1004018 <pjpeg_decode_init+0x1848>
 1003c70: 018005b7     	lui	a1, 0x1800
 1003c74: 7035c683     	lbu	a3, 0x703(a1)
 1003c78: fff60613     	addi	a2, a2, -0x1
 1003c7c: 01801537     	lui	a0, 0x1801
 1003c80: f8450513     	addi	a0, a0, -0x7c
 1003c84: 00d50533     	add	a0, a0, a3
 1003c88: 00054503     	lbu	a0, 0x0(a0)
 1003c8c: 70c400a3     	sb	a2, 0x701(s0)
 1003c90: 00168693     	addi	a3, a3, 0x1
 1003c94: 70d581a3     	sb	a3, 0x703(a1)
 1003c98: 018005b7     	lui	a1, 0x1800
 1003c9c: 7045d583     	lhu	a1, 0x704(a1)
 1003ca0: 01800637     	lui	a2, 0x1800
 1003ca4: 70064603     	lbu	a2, 0x700(a2)
 1003ca8: 0ff57513     	andi	a0, a0, 0xff
 1003cac: 00a5e533     	or	a0, a1, a0
 1003cb0: 00400593     	li	a1, 0x4
 1003cb4: 40c585b3     	sub	a1, a1, a2
 1003cb8: 00b515b3     	sll	a1, a0, a1
 1003cbc: 00460513     	addi	a0, a2, 0x4
 1003cc0: 00c0006f     	j	0x1003ccc <pjpeg_decode_init+0x14fc>
 1003cc4: ffc50513     	addi	a0, a0, -0x4
 1003cc8: 00491593     	slli	a1, s2, 0x4
 1003ccc: 01800437     	lui	s0, 0x1800
 1003cd0: 70b41223     	sh	a1, 0x704(s0)
 1003cd4: 018004b7     	lui	s1, 0x1800
 1003cd8: 70a48023     	sb	a0, 0x700(s1)
 1003cdc: 00c95613     	srli	a2, s2, 0xc
 1003ce0: 018006b7     	lui	a3, 0x1800
 1003ce4: ffda0993     	addi	s3, s4, -0x3
 1003ce8: 01099713     	slli	a4, s3, 0x10
 1003cec: 6ec680a3     	sb	a2, 0x6e1(a3)
 1003cf0: 10070263     	beqz	a4, 0x1003df4 <pjpeg_decode_init+0x1624>
 1003cf4: 01059593     	slli	a1, a1, 0x10
 1003cf8: 0105d593     	srli	a1, a1, 0x10
 1003cfc: 00700a13     	li	s4, 0x7
 1003d00: 01800ab7     	lui	s5, 0x1800
 1003d04: 01800b37     	lui	s6, 0x1800
 1003d08: 00400b93     	li	s7, 0x4
 1003d0c: 01800c37     	lui	s8, 0x1800
 1003d10: 01800cb7     	lui	s9, 0x1800
 1003d14: 01800937     	lui	s2, 0x1800
 1003d18: 70190913     	addi	s2, s2, 0x701
 1003d1c: 01800d37     	lui	s10, 0x1800
 1003d20: 00800d93     	li	s11, 0x8
 1003d24: 0280006f     	j	0x1003d4c <pjpeg_decode_init+0x157c>
 1003d28: ff850513     	addi	a0, a0, -0x8
 1003d2c: 00859613     	slli	a2, a1, 0x8
 1003d30: 01061593     	slli	a1, a2, 0x10
 1003d34: 0105d593     	srli	a1, a1, 0x10
 1003d38: 70c41223     	sh	a2, 0x704(s0)
 1003d3c: fff98993     	addi	s3, s3, -0x1
 1003d40: 01099613     	slli	a2, s3, 0x10
 1003d44: 70a48023     	sb	a0, 0x700(s1)
 1003d48: 0a060663     	beqz	a2, 0x1003df4 <pjpeg_decode_init+0x1624>
 1003d4c: 0ff57613     	andi	a2, a0, 0xff
 1003d50: fcca6ce3     	bltu	s4, a2, 0x1003d28 <pjpeg_decode_init+0x1558>
 1003d54: 701ac603     	lbu	a2, 0x701(s5)
 1003d58: 00a59533     	sll	a0, a1, a0
 1003d5c: 70a41223     	sh	a0, 0x704(s0)
 1003d60: 02061a63     	bnez	a2, 0x1003d94 <pjpeg_decode_init+0x15c4>
 1003d64: 6c4c2703     	lw	a4, 0x6c4(s8)
 1003d68: 6c8ca683     	lw	a3, 0x6c8(s9)
 1003d6c: 717b01a3     	sb	s7, 0x703(s6)
 1003d70: 0fc00593     	li	a1, 0xfc
 1003d74: 01412503     	lw	a0, 0x14(sp)
 1003d78: 00090613     	mv	a2, s2
 1003d7c: 000700e7     	jalr	a4
 1003d80: 00050663     	beqz	a0, 0x1003d8c <pjpeg_decode_init+0x15bc>
 1003d84: 018005b7     	lui	a1, 0x1800
 1003d88: 6ca58023     	sb	a0, 0x6c0(a1)
 1003d8c: 701ac603     	lbu	a2, 0x701(s5)
 1003d90: 04060263     	beqz	a2, 0x1003dd4 <pjpeg_decode_init+0x1604>
 1003d94: 703b4503     	lbu	a0, 0x703(s6)
 1003d98: fff60613     	addi	a2, a2, -0x1
 1003d9c: 018015b7     	lui	a1, 0x1801
 1003da0: f8458593     	addi	a1, a1, -0x7c
 1003da4: 00a585b3     	add	a1, a1, a0
 1003da8: 0005c583     	lbu	a1, 0x0(a1)
 1003dac: 70ca80a3     	sb	a2, 0x701(s5)
 1003db0: 00150513     	addi	a0, a0, 0x1
 1003db4: 70ab01a3     	sb	a0, 0x703(s6)
 1003db8: 70445603     	lhu	a2, 0x704(s0)
 1003dbc: 7004c503     	lbu	a0, 0x700(s1)
 1003dc0: 0ff5f593     	andi	a1, a1, 0xff
 1003dc4: 00b665b3     	or	a1, a2, a1
 1003dc8: 40ad8633     	sub	a2, s11, a0
 1003dcc: 00c59633     	sll	a2, a1, a2
 1003dd0: f61ff06f     	j	0x1003d30 <pjpeg_decode_init+0x1560>
 1003dd4: 702d4503     	lbu	a0, 0x702(s10)
 1003dd8: fff54593     	not	a1, a0
 1003ddc: 70bd0123     	sb	a1, 0x702(s10)
 1003de0: f0150513     	addi	a0, a0, -0xff
 1003de4: 00153513     	seqz	a0, a0
 1003de8: fff50513     	addi	a0, a0, -0x1
 1003dec: fd956593     	ori	a1, a0, -0x27
 1003df0: fc9ff06f     	j	0x1003db8 <pjpeg_decode_init+0x15e8>
 1003df4: 01800537     	lui	a0, 0x1800
 1003df8: 70654583     	lbu	a1, 0x706(a0)
 1003dfc: 0a058863     	beqz	a1, 0x1003eac <pjpeg_decode_init+0x16dc>
 1003e00: 01800537     	lui	a0, 0x1800
 1003e04: 70754603     	lbu	a2, 0x707(a0)
 1003e08: 018006b7     	lui	a3, 0x1800
 1003e0c: 71268693     	addi	a3, a3, 0x712
 1003e10: 01800737     	lui	a4, 0x1800
 1003e14: 6f170713     	addi	a4, a4, 0x6f1
 1003e18: 018007b7     	lui	a5, 0x1800
 1003e1c: 6fa78793     	addi	a5, a5, 0x6fa
 1003e20: 00058813     	mv	a6, a1
 1003e24: 0006c883     	lbu	a7, 0x0(a3)
 1003e28: 01170533     	add	a0, a4, a7
 1003e2c: 00054503     	lbu	a0, 0x0(a0)
 1003e30: 00a65533     	srl	a0, a2, a0
 1003e34: 00157293     	andi	t0, a0, 0x1
 1003e38: 01800513     	li	a0, 0x18
 1003e3c: 00029463     	bnez	t0, 0x1003e44 <pjpeg_decode_init+0x1674>
 1003e40: ef1fe06f     	j	0x1002d30 <pjpeg_decode_init+0x560>
 1003e44: 011788b3     	add	a7, a5, a7
 1003e48: 0008c883     	lbu	a7, 0x0(a7)
 1003e4c: 00288893     	addi	a7, a7, 0x2
 1003e50: 011658b3     	srl	a7, a2, a7
 1003e54: 0018f893     	andi	a7, a7, 0x1
 1003e58: 00089463     	bnez	a7, 0x1003e60 <pjpeg_decode_init+0x1690>
 1003e5c: ed5fe06f     	j	0x1002d30 <pjpeg_decode_init+0x560>
 1003e60: fff80813     	addi	a6, a6, -0x1
 1003e64: 00168693     	addi	a3, a3, 0x1
 1003e68: fa081ee3     	bnez	a6, 0x1003e24 <pjpeg_decode_init+0x1654>
 1003e6c: 01800537     	lui	a0, 0x1800
 1003e70: 70854503     	lbu	a0, 0x708(a0)
 1003e74: 01800637     	lui	a2, 0x1800
 1003e78: 71260613     	addi	a2, a2, 0x712
 1003e7c: 018006b7     	lui	a3, 0x1800
 1003e80: 6ee68693     	addi	a3, a3, 0x6ee
 1003e84: 00064703     	lbu	a4, 0x0(a2)
 1003e88: 00e68733     	add	a4, a3, a4
 1003e8c: 00074703     	lbu	a4, 0x0(a4)
 1003e90: 00e03733     	snez	a4, a4
 1003e94: 00170713     	addi	a4, a4, 0x1
 1003e98: 00a77733     	and	a4, a4, a0
 1003e9c: 10070463     	beqz	a4, 0x1003fa4 <pjpeg_decode_init+0x17d4>
 1003ea0: fff58593     	addi	a1, a1, -0x1
 1003ea4: 00160613     	addi	a2, a2, 0x1
 1003ea8: fc059ee3     	bnez	a1, 0x1003e84 <pjpeg_decode_init+0x16b4>
 1003eac: 018005b7     	lui	a1, 0x1800
 1003eb0: 01800537     	lui	a0, 0x1800
 1003eb4: 6e255503     	lhu	a0, 0x6e2(a0)
 1003eb8: 6e059a23     	sh	zero, 0x6f4(a1)
 1003ebc: 6f458593     	addi	a1, a1, 0x6f4
 1003ec0: 00059123     	sh	zero, 0x2(a1)
 1003ec4: 00059223     	sh	zero, 0x4(a1)
 1003ec8: 00050a63     	beqz	a0, 0x1003edc <pjpeg_decode_init+0x170c>
 1003ecc: 018005b7     	lui	a1, 0x1800
 1003ed0: 6ea59223     	sh	a0, 0x6e4(a1)
 1003ed4: 01800537     	lui	a0, 0x1800
 1003ed8: 6e051f23     	sh	zero, 0x6fe(a0)
 1003edc: 650010ef     	jal	0x100552c <fixInBuffer>
 1003ee0: 01800537     	lui	a0, 0x1800
 1003ee4: 6c054503     	lbu	a0, 0x6c0(a0)
 1003ee8: 00c12783     	lw	a5, 0xc(sp)
 1003eec: 00050463     	beqz	a0, 0x1003ef4 <pjpeg_decode_init+0x1724>
 1003ef0: e51fe06f     	j	0x1002d40 <pjpeg_decode_init+0x570>
 1003ef4: 01800537     	lui	a0, 0x1800
 1003ef8: 6ce55503     	lhu	a0, 0x6ce(a0)
 1003efc: 00a7a023     	sw	a0, 0x0(a5)
 1003f00: 01800537     	lui	a0, 0x1800
 1003f04: 6d055583     	lhu	a1, 0x6d0(a0)
 1003f08: 01800537     	lui	a0, 0x1800
 1003f0c: 6d254603     	lbu	a2, 0x6d2(a0)
 1003f10: 01800537     	lui	a0, 0x1800
 1003f14: 6d452683     	lw	a3, 0x6d4(a0)
 1003f18: 00000513     	li	a0, 0x0
 1003f1c: 00b7a223     	sw	a1, 0x4(a5)
 1003f20: 00c7a423     	sw	a2, 0x8(a5)
 1003f24: 00d7aa23     	sw	a3, 0x14(a5)
 1003f28: 018005b7     	lui	a1, 0x1800
 1003f2c: 6d85d583     	lhu	a1, 0x6d8(a1)
 1003f30: 01800637     	lui	a2, 0x1800
 1003f34: 6da65603     	lhu	a2, 0x6da(a2)
 1003f38: 018006b7     	lui	a3, 0x1800
 1003f3c: 6dc6c683     	lbu	a3, 0x6dc(a3)
 1003f40: 01800737     	lui	a4, 0x1800
 1003f44: 6dd74703     	lbu	a4, 0x6dd(a4)
 1003f48: 00b7a623     	sw	a1, 0xc(a5)
 1003f4c: 00c7a823     	sw	a2, 0x10(a5)
 1003f50: 00d7ac23     	sw	a3, 0x18(a5)
 1003f54: 00e7ae23     	sw	a4, 0x1c(a5)
 1003f58: 018005b7     	lui	a1, 0x1800
 1003f5c: 7a458593     	addi	a1, a1, 0x7a4
 1003f60: 02b7a023     	sw	a1, 0x20(a5)
 1003f64: 018015b7     	lui	a1, 0x1801
 1003f68: 8a458593     	addi	a1, a1, -0x75c
 1003f6c: 02b7a223     	sw	a1, 0x24(a5)
 1003f70: 018015b7     	lui	a1, 0x1801
 1003f74: 9a458593     	addi	a1, a1, -0x65c
 1003f78: 02b7a423     	sw	a1, 0x28(a5)
 1003f7c: dc5fe06f     	j	0x1002d40 <pjpeg_decode_init+0x570>
 1003f80: 01800537     	lui	a0, 0x1800
 1003f84: 70254583     	lbu	a1, 0x702(a0)
 1003f88: fff5c613     	not	a2, a1
 1003f8c: 70c50123     	sb	a2, 0x702(a0)
 1003f90: f0158513     	addi	a0, a1, -0xff
 1003f94: 00153513     	seqz	a0, a0
 1003f98: fff50513     	addi	a0, a0, -0x1
 1003f9c: fd956513     	ori	a0, a0, -0x27
 1003fa0: e10ff06f     	j	0x10035b0 <pjpeg_decode_init+0xde0>
 1003fa4: 01700513     	li	a0, 0x17
 1003fa8: d89fe06f     	j	0x1002d30 <pjpeg_decode_init+0x560>
 1003fac: 01800537     	lui	a0, 0x1800
 1003fb0: 70254583     	lbu	a1, 0x702(a0)
 1003fb4: fff5c613     	not	a2, a1
 1003fb8: 70c50123     	sb	a2, 0x702(a0)
 1003fbc: f0158513     	addi	a0, a1, -0xff
 1003fc0: 00153513     	seqz	a0, a0
 1003fc4: fff50513     	addi	a0, a0, -0x1
 1003fc8: fd956593     	ori	a1, a0, -0x27
 1003fcc: a35ff06f     	j	0x1003a00 <pjpeg_decode_init+0x1230>
 1003fd0: 01800537     	lui	a0, 0x1800
 1003fd4: 70254583     	lbu	a1, 0x702(a0)
 1003fd8: fff5c613     	not	a2, a1
 1003fdc: 70c50123     	sb	a2, 0x702(a0)
 1003fe0: f0158513     	addi	a0, a1, -0xff
 1003fe4: 00153513     	seqz	a0, a0
 1003fe8: fff50513     	addi	a0, a0, -0x1
 1003fec: fd956593     	ori	a1, a0, -0x27
 1003ff0: ae9ff06f     	j	0x1003ad8 <pjpeg_decode_init+0x1308>
 1003ff4: 01800537     	lui	a0, 0x1800
 1003ff8: 70254583     	lbu	a1, 0x702(a0)
 1003ffc: fff5c613     	not	a2, a1
 1004000: 70c50123     	sb	a2, 0x702(a0)
 1004004: f0158513     	addi	a0, a1, -0xff
 1004008: 00153513     	seqz	a0, a0
 100400c: fff50513     	addi	a0, a0, -0x1
 1004010: fd956513     	ori	a0, a0, -0x27
 1004014: ba5ff06f     	j	0x1003bb8 <pjpeg_decode_init+0x13e8>
 1004018: 01800537     	lui	a0, 0x1800
 100401c: 70254583     	lbu	a1, 0x702(a0)
 1004020: fff5c613     	not	a2, a1
 1004024: 70c50123     	sb	a2, 0x702(a0)
 1004028: f0158513     	addi	a0, a1, -0xff
 100402c: 00153513     	seqz	a0, a0
 1004030: fff50513     	addi	a0, a0, -0x1
 1004034: fd956513     	ori	a0, a0, -0x27
 1004038: c61ff06f     	j	0x1003c98 <pjpeg_decode_init+0x14c8>

0100403c <huffDecode>:
 100403c: fd010113     	addi	sp, sp, -0x30
 1004040: 02112623     	sw	ra, 0x2c(sp)
 1004044: 02812423     	sw	s0, 0x28(sp)
 1004048: 02912223     	sw	s1, 0x24(sp)
 100404c: 03212023     	sw	s2, 0x20(sp)
 1004050: 01312e23     	sw	s3, 0x1c(sp)
 1004054: 01412c23     	sw	s4, 0x18(sp)
 1004058: 01512a23     	sw	s5, 0x14(sp)
 100405c: 01612823     	sw	s6, 0x10(sp)
 1004060: 01712623     	sw	s7, 0xc(sp)
 1004064: 01812423     	sw	s8, 0x8(sp)
 1004068: 01912223     	sw	s9, 0x4(sp)
 100406c: 01800937     	lui	s2, 0x1800
 1004070: 70495a83     	lhu	s5, 0x704(s2)
 1004074: 018009b7     	lui	s3, 0x1800
 1004078: 7009c603     	lbu	a2, 0x700(s3)
 100407c: 00058413     	mv	s0, a1
 1004080: 00050493     	mv	s1, a0
 1004084: 000a8c93     	mv	s9, s5
 1004088: 00061e63     	bnez	a2, 0x10040a4 <huffDecode+0x68>
 100408c: 00100513     	li	a0, 0x1
 1004090: 10c000ef     	jal	0x100419c <getOctet>
 1004094: 70491583     	lh	a1, 0x704(s2)
 1004098: 7009c603     	lbu	a2, 0x700(s3)
 100409c: 00a5ecb3     	or	s9, a1, a0
 10040a0: 00860613     	addi	a2, a2, 0x8
 10040a4: 00000a13     	li	s4, 0x0
 10040a8: 00fada93     	srli	s5, s5, 0xf
 10040ac: fff60513     	addi	a0, a2, -0x1
 10040b0: 70a98023     	sb	a0, 0x700(s3)
 10040b4: 001c9c93     	slli	s9, s9, 0x1
 10040b8: 71991223     	sh	s9, 0x704(s2)
 10040bc: 02048b13     	addi	s6, s1, 0x20
 10040c0: 00010bb7     	lui	s7, 0x10
 10040c4: fffb8b93     	addi	s7, s7, -0x1
 10040c8: 01000c13     	li	s8, 0x10
 10040cc: 0300006f     	j	0x10040fc <huffDecode+0xc0>
 10040d0: 001a0a13     	addi	s4, s4, 0x1
 10040d4: fff50513     	addi	a0, a0, -0x1
 10040d8: 70a98023     	sb	a0, 0x700(s3)
 10040dc: 010c9c93     	slli	s9, s9, 0x10
 10040e0: 00159593     	slli	a1, a1, 0x1
 10040e4: 70b91223     	sh	a1, 0x704(s2)
 10040e8: 001a9a93     	slli	s5, s5, 0x1
 10040ec: 01fcd613     	srli	a2, s9, 0x1f
 10040f0: 00caeab3     	or	s5, s5, a2
 10040f4: 00058c93     	mv	s9, a1
 10040f8: 078a0663     	beq	s4, s8, 0x1004164 <huffDecode+0x128>
 10040fc: 014b05fb     	custom0	a1, s6, s4
 1004100: 0005d583     	lhu	a1, 0x0(a1)
 1004104: 010a9613     	slli	a2, s5, 0x10
 1004108: 01065613     	srli	a2, a2, 0x10
 100410c: 00c5e463     	bltu	a1, a2, 0x1004114 <huffDecode+0xd8>
 1004110: 03759663     	bne	a1, s7, 0x100413c <huffDecode+0x100>
 1004114: 0ff57613     	andi	a2, a0, 0xff
 1004118: 000c8593     	mv	a1, s9
 100411c: fa061ae3     	bnez	a2, 0x10040d0 <huffDecode+0x94>
 1004120: 00100513     	li	a0, 0x1
 1004124: 078000ef     	jal	0x100419c <getOctet>
 1004128: 70491583     	lh	a1, 0x704(s2)
 100412c: 7009c603     	lbu	a2, 0x700(s3)
 1004130: 00a5e5b3     	or	a1, a1, a0
 1004134: 00860513     	addi	a0, a2, 0x8
 1004138: f99ff06f     	j	0x10040d0 <huffDecode+0x94>
 100413c: 01448533     	add	a0, s1, s4
 1004140: 04054503     	lbu	a0, 0x40(a0)
 1004144: 014485fb     	custom0	a1, s1, s4
 1004148: 0005c583     	lbu	a1, 0x0(a1)
 100414c: 01550533     	add	a0, a0, s5
 1004150: 40b50533     	sub	a0, a0, a1
 1004154: 0ff57513     	andi	a0, a0, 0xff
 1004158: 00a40533     	add	a0, s0, a0
 100415c: 00054503     	lbu	a0, 0x0(a0)
 1004160: 0080006f     	j	0x1004168 <huffDecode+0x12c>
 1004164: 00000513     	li	a0, 0x0
 1004168: 02c12083     	lw	ra, 0x2c(sp)
 100416c: 02812403     	lw	s0, 0x28(sp)
 1004170: 02412483     	lw	s1, 0x24(sp)
 1004174: 02012903     	lw	s2, 0x20(sp)
 1004178: 01c12983     	lw	s3, 0x1c(sp)
 100417c: 01812a03     	lw	s4, 0x18(sp)
 1004180: 01412a83     	lw	s5, 0x14(sp)
 1004184: 01012b03     	lw	s6, 0x10(sp)
 1004188: 00c12b83     	lw	s7, 0xc(sp)
 100418c: 00812c03     	lw	s8, 0x8(sp)
 1004190: 00412c83     	lw	s9, 0x4(sp)
 1004194: 03010113     	addi	sp, sp, 0x30
 1004198: 00008067     	ret

0100419c <getOctet>:
 100419c: ff010113     	addi	sp, sp, -0x10
 10041a0: 00112623     	sw	ra, 0xc(sp)
 10041a4: 00812423     	sw	s0, 0x8(sp)
 10041a8: 00912223     	sw	s1, 0x4(sp)
 10041ac: 01212023     	sw	s2, 0x0(sp)
 10041b0: 01800937     	lui	s2, 0x1800
 10041b4: 70194583     	lbu	a1, 0x701(s2)
 10041b8: 00050413     	mv	s0, a0
 10041bc: 018014b7     	lui	s1, 0x1801
 10041c0: f8448493     	addi	s1, s1, -0x7c
 10041c4: 04059663     	bnez	a1, 0x1004210 <getOctet+0x74>
 10041c8: 01800537     	lui	a0, 0x1800
 10041cc: 6c452703     	lw	a4, 0x6c4(a0)
 10041d0: 01800537     	lui	a0, 0x1800
 10041d4: 6c852683     	lw	a3, 0x6c8(a0)
 10041d8: 01800537     	lui	a0, 0x1800
 10041dc: 00400593     	li	a1, 0x4
 10041e0: 70b501a3     	sb	a1, 0x703(a0)
 10041e4: 00448513     	addi	a0, s1, 0x4
 10041e8: 01800637     	lui	a2, 0x1800
 10041ec: 70160613     	addi	a2, a2, 0x701
 10041f0: 0fc00593     	li	a1, 0xfc
 10041f4: 000700e7     	jalr	a4
 10041f8: 00050663     	beqz	a0, 0x1004204 <getOctet+0x68>
 10041fc: 018005b7     	lui	a1, 0x1800
 1004200: 6ca58023     	sb	a0, 0x6c0(a1)
 1004204: 01800537     	lui	a0, 0x1800
 1004208: 70154583     	lbu	a1, 0x701(a0)
 100420c: 04058263     	beqz	a1, 0x1004250 <getOctet+0xb4>
 1004210: 01800637     	lui	a2, 0x1800
 1004214: 70364683     	lbu	a3, 0x703(a2)
 1004218: fff58593     	addi	a1, a1, -0x1
 100421c: 00d48533     	add	a0, s1, a3
 1004220: 00054503     	lbu	a0, 0x0(a0)
 1004224: 70b900a3     	sb	a1, 0x701(s2)
 1004228: 00168693     	addi	a3, a3, 0x1
 100422c: 70d601a3     	sb	a3, 0x703(a2)
 1004230: 10040c63     	beqz	s0, 0x1004348 <getOctet+0x1ac>
 1004234: 0ff00613     	li	a2, 0xff
 1004238: 10c51863     	bne	a0, a2, 0x1004348 <getOctet+0x1ac>
 100423c: 0ff5f513     	andi	a0, a1, 0xff
 1004240: 02050c63     	beqz	a0, 0x1004278 <getOctet+0xdc>
 1004244: 01800537     	lui	a0, 0x1800
 1004248: 70354503     	lbu	a0, 0x703(a0)
 100424c: 0780006f     	j	0x10042c4 <getOctet+0x128>
 1004250: 01800637     	lui	a2, 0x1800
 1004254: 70264583     	lbu	a1, 0x702(a2)
 1004258: fff5c693     	not	a3, a1
 100425c: 0ff00513     	li	a0, 0xff
 1004260: 70d60123     	sb	a3, 0x702(a2)
 1004264: 00a59463     	bne	a1, a0, 0x100426c <getOctet+0xd0>
 1004268: 0d900513     	li	a0, 0xd9
 100426c: 0c040e63     	beqz	s0, 0x1004348 <getOctet+0x1ac>
 1004270: 0ff00613     	li	a2, 0xff
 1004274: 0cc58a63     	beq	a1, a2, 0x1004348 <getOctet+0x1ac>
 1004278: 01800537     	lui	a0, 0x1800
 100427c: 6c452703     	lw	a4, 0x6c4(a0)
 1004280: 01800537     	lui	a0, 0x1800
 1004284: 6c852683     	lw	a3, 0x6c8(a0)
 1004288: 01800437     	lui	s0, 0x1800
 100428c: 00400513     	li	a0, 0x4
 1004290: 70a401a3     	sb	a0, 0x703(s0)
 1004294: 00448513     	addi	a0, s1, 0x4
 1004298: 01800637     	lui	a2, 0x1800
 100429c: 70160613     	addi	a2, a2, 0x701
 10042a0: 0fc00593     	li	a1, 0xfc
 10042a4: 000700e7     	jalr	a4
 10042a8: 00050663     	beqz	a0, 0x10042b4 <getOctet+0x118>
 10042ac: 018005b7     	lui	a1, 0x1800
 10042b0: 6ca58023     	sb	a0, 0x6c0(a1)
 10042b4: 01800537     	lui	a0, 0x1800
 10042b8: 70154583     	lbu	a1, 0x701(a0)
 10042bc: 70344503     	lbu	a0, 0x703(s0)
 10042c0: 02058863     	beqz	a1, 0x10042f0 <getOctet+0x154>
 10042c4: fff58593     	addi	a1, a1, -0x1
 10042c8: 018006b7     	lui	a3, 0x1800
 10042cc: 00a48633     	add	a2, s1, a0
 10042d0: 00064603     	lbu	a2, 0x0(a2)
 10042d4: 70b680a3     	sb	a1, 0x701(a3)
 10042d8: 00150513     	addi	a0, a0, 0x1
 10042dc: 018006b7     	lui	a3, 0x1800
 10042e0: 70a681a3     	sb	a0, 0x703(a3)
 10042e4: 02061663     	bnez	a2, 0x1004310 <getOctet+0x174>
 10042e8: 0ff00513     	li	a0, 0xff
 10042ec: 05c0006f     	j	0x1004348 <getOctet+0x1ac>
 10042f0: 01800637     	lui	a2, 0x1800
 10042f4: 70264683     	lbu	a3, 0x702(a2)
 10042f8: fff6c713     	not	a4, a3
 10042fc: 70e60123     	sb	a4, 0x702(a2)
 1004300: f0168613     	addi	a2, a3, -0xff
 1004304: 00163613     	seqz	a2, a2
 1004308: fff60613     	addi	a2, a2, -0x1
 100430c: fd966613     	ori	a2, a2, -0x27
 1004310: fff50693     	addi	a3, a0, -0x1
 1004314: 0ff6f693     	andi	a3, a3, 0xff
 1004318: 00d486b3     	add	a3, s1, a3
 100431c: 00c68023     	sb	a2, 0x0(a3)
 1004320: ffe50513     	addi	a0, a0, -0x2
 1004324: 01800637     	lui	a2, 0x1800
 1004328: 70a601a3     	sb	a0, 0x703(a2)
 100432c: 0ff57513     	andi	a0, a0, 0xff
 1004330: 00a484b3     	add	s1, s1, a0
 1004334: 0ff00513     	li	a0, 0xff
 1004338: 00a48023     	sb	a0, 0x0(s1)
 100433c: 00258593     	addi	a1, a1, 0x2
 1004340: 01800637     	lui	a2, 0x1800
 1004344: 70b600a3     	sb	a1, 0x701(a2)
 1004348: 00c12083     	lw	ra, 0xc(sp)
 100434c: 00812403     	lw	s0, 0x8(sp)
 1004350: 00412483     	lw	s1, 0x4(sp)
 1004354: 00012903     	lw	s2, 0x0(sp)
 1004358: 01010113     	addi	sp, sp, 0x10
 100435c: 00008067     	ret

01004360 <upsampleCb>:
 1004360: 00000293     	li	t0, 0x0
 1004364: 01801637     	lui	a2, 0x1801
 1004368: c6460613     	addi	a2, a2, -0x39c
 100436c: 00a6057b     	custom0	a0, a2, a0
 1004370: 01801637     	lui	a2, 0x1801
 1004374: 8a460613     	addi	a2, a2, -0x75c
 1004378: 00b60633     	add	a2, a2, a1
 100437c: 018016b7     	lui	a3, 0x1801
 1004380: 9a468693     	addi	a3, a3, -0x65c
 1004384: 00b685b3     	add	a1, a3, a1
 1004388: 05800693     	li	a3, 0x58
 100438c: 0ff00713     	li	a4, 0xff
 1004390: 0c600793     	li	a5, 0xc6
 1004394: 00300813     	li	a6, 0x3
 1004398: 00c0006f     	j	0x10043a4 <upsampleCb+0x44>
 100439c: 00188293     	addi	t0, a7, 0x1
 10043a0: 1708f863     	bgeu	a7, a6, 0x1004510 <upsampleCb+0x1b0>
 10043a4: 00000e13     	li	t3, 0x0
 10043a8: 00028893     	mv	a7, t0
 10043ac: 00850513     	addi	a0, a0, 0x8
 10043b0: 00858593     	addi	a1, a1, 0x8
 10043b4: 00860613     	addi	a2, a2, 0x8
 10043b8: 01c0006f     	j	0x10043d4 <upsampleCb+0x74>
 10043bc: 006580a3     	sb	t1, 0x1(a1)
 10043c0: 00128e13     	addi	t3, t0, 0x1
 10043c4: 00250513     	addi	a0, a0, 0x2
 10043c8: 00258593     	addi	a1, a1, 0x2
 10043cc: 00260613     	addi	a2, a2, 0x2
 10043d0: fd02f6e3     	bgeu	t0, a6, 0x100439c <upsampleCb+0x3c>
 10043d4: ff854303     	lbu	t1, -0x8(a0)
 10043d8: ff864283     	lbu	t0, -0x8(a2)
 10043dc: 04d303fb     	custom7	t2, t1, a3
 10043e0: fd438393     	addi	t2, t2, -0x2c
 10043e4: 40728eb3     	sub	t4, t0, t2
 10043e8: 000e0293     	mv	t0, t3
 10043ec: 09d76263     	bltu	a4, t4, 0x1004470 <upsampleCb+0x110>
 10043f0: ff964e03     	lbu	t3, -0x7(a2)
 10043f4: 407e0e33     	sub	t3, t3, t2
 10043f8: ffd60c23     	sb	t4, -0x8(a2)
 10043fc: 09c76663     	bltu	a4, t3, 0x1004488 <upsampleCb+0x128>
 1004400: 00064e83     	lbu	t4, 0x0(a2)
 1004404: 407e8eb3     	sub	t4, t4, t2
 1004408: ffc60ca3     	sb	t3, -0x7(a2)
 100440c: 09d76a63     	bltu	a4, t4, 0x10044a0 <upsampleCb+0x140>
 1004410: 00164e03     	lbu	t3, 0x1(a2)
 1004414: 407e03b3     	sub	t2, t3, t2
 1004418: 01d60023     	sb	t4, 0x0(a2)
 100441c: 00777663     	bgeu	a4, t2, 0x1004428 <upsampleCb+0xc8>
 1004420: 0003a393     	slti	t2, t2, 0x0
 1004424: fff38393     	addi	t2, t2, -0x1
 1004428: ff85ce03     	lbu	t3, -0x8(a1)
 100442c: 0667837b     	custom9	t1, a5, t1
 1004430: 086e0e7b     	custom11	t3, t3, t1
 1004434: 007600a3     	sb	t2, 0x1(a2)
 1004438: 09c76263     	bltu	a4, t3, 0x10044bc <upsampleCb+0x15c>
 100443c: ff95c383     	lbu	t2, -0x7(a1)
 1004440: 086383fb     	custom11	t2, t2, t1
 1004444: ffc58c23     	sb	t3, -0x8(a1)
 1004448: 08776663     	bltu	a4, t2, 0x10044d4 <upsampleCb+0x174>
 100444c: 0005ce03     	lbu	t3, 0x0(a1)
 1004450: 086e0e7b     	custom11	t3, t3, t1
 1004454: fe758ca3     	sb	t2, -0x7(a1)
 1004458: 09c76a63     	bltu	a4, t3, 0x10044ec <upsampleCb+0x18c>
 100445c: 0015c383     	lbu	t2, 0x1(a1)
 1004460: 0863837b     	custom11	t1, t2, t1
 1004464: 01c58023     	sb	t3, 0x0(a1)
 1004468: f4677ae3     	bgeu	a4, t1, 0x10043bc <upsampleCb+0x5c>
 100446c: 0980006f     	j	0x1004504 <upsampleCb+0x1a4>
 1004470: 000eae93     	slti	t4, t4, 0x0
 1004474: fffe8e93     	addi	t4, t4, -0x1
 1004478: ff964e03     	lbu	t3, -0x7(a2)
 100447c: 407e0e33     	sub	t3, t3, t2
 1004480: ffd60c23     	sb	t4, -0x8(a2)
 1004484: f7c77ee3     	bgeu	a4, t3, 0x1004400 <upsampleCb+0xa0>
 1004488: 000e2e13     	slti	t3, t3, 0x0
 100448c: fffe0e13     	addi	t3, t3, -0x1
 1004490: 00064e83     	lbu	t4, 0x0(a2)
 1004494: 407e8eb3     	sub	t4, t4, t2
 1004498: ffc60ca3     	sb	t3, -0x7(a2)
 100449c: f7d77ae3     	bgeu	a4, t4, 0x1004410 <upsampleCb+0xb0>
 10044a0: 000eae93     	slti	t4, t4, 0x0
 10044a4: fffe8e93     	addi	t4, t4, -0x1
 10044a8: 00164e03     	lbu	t3, 0x1(a2)
 10044ac: 407e03b3     	sub	t2, t3, t2
 10044b0: 01d60023     	sb	t4, 0x0(a2)
 10044b4: f67766e3     	bltu	a4, t2, 0x1004420 <upsampleCb+0xc0>
 10044b8: f71ff06f     	j	0x1004428 <upsampleCb+0xc8>
 10044bc: 000e2e13     	slti	t3, t3, 0x0
 10044c0: fffe0e13     	addi	t3, t3, -0x1
 10044c4: ff95c383     	lbu	t2, -0x7(a1)
 10044c8: 086383fb     	custom11	t2, t2, t1
 10044cc: ffc58c23     	sb	t3, -0x8(a1)
 10044d0: f6777ee3     	bgeu	a4, t2, 0x100444c <upsampleCb+0xec>
 10044d4: 0003a393     	slti	t2, t2, 0x0
 10044d8: fff38393     	addi	t2, t2, -0x1
 10044dc: 0005ce03     	lbu	t3, 0x0(a1)
 10044e0: 086e0e7b     	custom11	t3, t3, t1
 10044e4: fe758ca3     	sb	t2, -0x7(a1)
 10044e8: f7c77ae3     	bgeu	a4, t3, 0x100445c <upsampleCb+0xfc>
 10044ec: 000e2e13     	slti	t3, t3, 0x0
 10044f0: fffe0e13     	addi	t3, t3, -0x1
 10044f4: 0015c383     	lbu	t2, 0x1(a1)
 10044f8: 0863837b     	custom11	t1, t2, t1
 10044fc: 01c58023     	sb	t3, 0x0(a1)
 1004500: ea677ee3     	bgeu	a4, t1, 0x10043bc <upsampleCb+0x5c>
 1004504: 00032313     	slti	t1, t1, 0x0
 1004508: fff30313     	addi	t1, t1, -0x1
 100450c: eb1ff06f     	j	0x10043bc <upsampleCb+0x5c>
 1004510: 00008067     	ret

01004514 <upsampleCr>:
 1004514: 00000293     	li	t0, 0x0
 1004518: 01801637     	lui	a2, 0x1801
 100451c: c6460613     	addi	a2, a2, -0x39c
 1004520: 00a6057b     	custom0	a0, a2, a0
 1004524: 01800637     	lui	a2, 0x1800
 1004528: 7a460613     	addi	a2, a2, 0x7a4
 100452c: 00b60633     	add	a2, a2, a1
 1004530: 018016b7     	lui	a3, 0x1801
 1004534: 8a468693     	addi	a3, a3, -0x75c
 1004538: 00b685b3     	add	a1, a3, a1
 100453c: 06700693     	li	a3, 0x67
 1004540: 0ff00713     	li	a4, 0xff
 1004544: 0b700793     	li	a5, 0xb7
 1004548: 00300813     	li	a6, 0x3
 100454c: 00c0006f     	j	0x1004558 <upsampleCr+0x44>
 1004550: 00188293     	addi	t0, a7, 0x1
 1004554: 1708fa63     	bgeu	a7, a6, 0x10046c8 <upsampleCr+0x1b4>
 1004558: 00000e13     	li	t3, 0x0
 100455c: 00028893     	mv	a7, t0
 1004560: 00850513     	addi	a0, a0, 0x8
 1004564: 00858593     	addi	a1, a1, 0x8
 1004568: 00860613     	addi	a2, a2, 0x8
 100456c: 01c0006f     	j	0x1004588 <upsampleCr+0x74>
 1004570: 006580a3     	sb	t1, 0x1(a1)
 1004574: 00128e13     	addi	t3, t0, 0x1
 1004578: 00250513     	addi	a0, a0, 0x2
 100457c: 00258593     	addi	a1, a1, 0x2
 1004580: 00260613     	addi	a2, a2, 0x2
 1004584: fd02f6e3     	bgeu	t0, a6, 0x1004550 <upsampleCr+0x3c>
 1004588: ff854303     	lbu	t1, -0x8(a0)
 100458c: ff864e83     	lbu	t4, -0x8(a2)
 1004590: 02d302b3     	mul	t0, t1, a3
 1004594: 026283fb     	custom1	t2, t0, t1
 1004598: 01d38eb3     	add	t4, t2, t4
 100459c: 000e0293     	mv	t0, t3
 10045a0: 09d76463     	bltu	a4, t4, 0x1004628 <upsampleCr+0x114>
 10045a4: ff964e03     	lbu	t3, -0x7(a2)
 10045a8: 01c38e33     	add	t3, t2, t3
 10045ac: ffd60c23     	sb	t4, -0x8(a2)
 10045b0: 09c76863     	bltu	a4, t3, 0x1004640 <upsampleCr+0x12c>
 10045b4: 00064e83     	lbu	t4, 0x0(a2)
 10045b8: 01d38eb3     	add	t4, t2, t4
 10045bc: ffc60ca3     	sb	t3, -0x7(a2)
 10045c0: 09d76c63     	bltu	a4, t4, 0x1004658 <upsampleCr+0x144>
 10045c4: 00164e03     	lbu	t3, 0x1(a2)
 10045c8: 01c383b3     	add	t2, t2, t3
 10045cc: 01d60023     	sb	t4, 0x0(a2)
 10045d0: 00777663     	bgeu	a4, t2, 0x10045dc <upsampleCr+0xc8>
 10045d4: 0003a393     	slti	t2, t2, 0x0
 10045d8: fff38393     	addi	t2, t2, -0x1
 10045dc: ff85ce03     	lbu	t3, -0x8(a1)
 10045e0: 04f3037b     	custom7	t1, t1, a5
 10045e4: fa530313     	addi	t1, t1, -0x5b
 10045e8: 406e0e33     	sub	t3, t3, t1
 10045ec: 007600a3     	sb	t2, 0x1(a2)
 10045f0: 09c76263     	bltu	a4, t3, 0x1004674 <upsampleCr+0x160>
 10045f4: ff95c383     	lbu	t2, -0x7(a1)
 10045f8: 406383b3     	sub	t2, t2, t1
 10045fc: ffc58c23     	sb	t3, -0x8(a1)
 1004600: 08776663     	bltu	a4, t2, 0x100468c <upsampleCr+0x178>
 1004604: 0005ce03     	lbu	t3, 0x0(a1)
 1004608: 406e0e33     	sub	t3, t3, t1
 100460c: fe758ca3     	sb	t2, -0x7(a1)
 1004610: 09c76a63     	bltu	a4, t3, 0x10046a4 <upsampleCr+0x190>
 1004614: 0015c383     	lbu	t2, 0x1(a1)
 1004618: 40638333     	sub	t1, t2, t1
 100461c: 01c58023     	sb	t3, 0x0(a1)
 1004620: f46778e3     	bgeu	a4, t1, 0x1004570 <upsampleCr+0x5c>
 1004624: 0980006f     	j	0x10046bc <upsampleCr+0x1a8>
 1004628: 000eae93     	slti	t4, t4, 0x0
 100462c: fffe8e93     	addi	t4, t4, -0x1
 1004630: ff964e03     	lbu	t3, -0x7(a2)
 1004634: 01c38e33     	add	t3, t2, t3
 1004638: ffd60c23     	sb	t4, -0x8(a2)
 100463c: f7c77ce3     	bgeu	a4, t3, 0x10045b4 <upsampleCr+0xa0>
 1004640: 000e2e13     	slti	t3, t3, 0x0
 1004644: fffe0e13     	addi	t3, t3, -0x1
 1004648: 00064e83     	lbu	t4, 0x0(a2)
 100464c: 01d38eb3     	add	t4, t2, t4
 1004650: ffc60ca3     	sb	t3, -0x7(a2)
 1004654: f7d778e3     	bgeu	a4, t4, 0x10045c4 <upsampleCr+0xb0>
 1004658: 000eae93     	slti	t4, t4, 0x0
 100465c: fffe8e93     	addi	t4, t4, -0x1
 1004660: 00164e03     	lbu	t3, 0x1(a2)
 1004664: 01c383b3     	add	t2, t2, t3
 1004668: 01d60023     	sb	t4, 0x0(a2)
 100466c: f67764e3     	bltu	a4, t2, 0x10045d4 <upsampleCr+0xc0>
 1004670: f6dff06f     	j	0x10045dc <upsampleCr+0xc8>
 1004674: 000e2e13     	slti	t3, t3, 0x0
 1004678: fffe0e13     	addi	t3, t3, -0x1
 100467c: ff95c383     	lbu	t2, -0x7(a1)
 1004680: 406383b3     	sub	t2, t2, t1
 1004684: ffc58c23     	sb	t3, -0x8(a1)
 1004688: f6777ee3     	bgeu	a4, t2, 0x1004604 <upsampleCr+0xf0>
 100468c: 0003a393     	slti	t2, t2, 0x0
 1004690: fff38393     	addi	t2, t2, -0x1
 1004694: 0005ce03     	lbu	t3, 0x0(a1)
 1004698: 406e0e33     	sub	t3, t3, t1
 100469c: fe758ca3     	sb	t2, -0x7(a1)
 10046a0: f7c77ae3     	bgeu	a4, t3, 0x1004614 <upsampleCr+0x100>
 10046a4: 000e2e13     	slti	t3, t3, 0x0
 10046a8: fffe0e13     	addi	t3, t3, -0x1
 10046ac: 0015c383     	lbu	t2, 0x1(a1)
 10046b0: 40638333     	sub	t1, t2, t1
 10046b4: 01c58023     	sb	t3, 0x0(a1)
 10046b8: ea677ce3     	bgeu	a4, t1, 0x1004570 <upsampleCr+0x5c>
 10046bc: 00032313     	slti	t1, t1, 0x0
 10046c0: fff30313     	addi	t1, t1, -0x1
 10046c4: eadff06f     	j	0x1004570 <upsampleCr+0x5c>
 10046c8: 00008067     	ret

010046cc <getBits1>:
 10046cc: fe010113     	addi	sp, sp, -0x20
 10046d0: 00112e23     	sw	ra, 0x1c(sp)
 10046d4: 00812c23     	sw	s0, 0x18(sp)
 10046d8: 00912a23     	sw	s1, 0x14(sp)
 10046dc: 01212823     	sw	s2, 0x10(sp)
 10046e0: 01312623     	sw	s3, 0xc(sp)
 10046e4: 01412423     	sw	s4, 0x8(sp)
 10046e8: 01512223     	sw	s5, 0x4(sp)
 10046ec: 01800637     	lui	a2, 0x1800
 10046f0: 70465983     	lhu	s3, 0x704(a2)
 10046f4: 018005b7     	lui	a1, 0x1800
 10046f8: 7005c583     	lbu	a1, 0x700(a1)
 10046fc: 00900693     	li	a3, 0x9
 1004700: 00050413     	mv	s0, a0
 1004704: 0ed56063     	bltu	a0, a3, 0x10047e4 <getBits1+0x118>
 1004708: 018004b7     	lui	s1, 0x1800
 100470c: 7014c503     	lbu	a0, 0x701(s1)
 1004710: 00b995b3     	sll	a1, s3, a1
 1004714: 70b61223     	sh	a1, 0x704(a2)
 1004718: 04051863     	bnez	a0, 0x1004768 <getBits1+0x9c>
 100471c: 01800537     	lui	a0, 0x1800
 1004720: 6c452703     	lw	a4, 0x6c4(a0)
 1004724: 01800537     	lui	a0, 0x1800
 1004728: 6c852683     	lw	a3, 0x6c8(a0)
 100472c: 01800537     	lui	a0, 0x1800
 1004730: 00400593     	li	a1, 0x4
 1004734: 70b501a3     	sb	a1, 0x703(a0)
 1004738: 01801537     	lui	a0, 0x1801
 100473c: f8850513     	addi	a0, a0, -0x78
 1004740: 01800637     	lui	a2, 0x1800
 1004744: 70160613     	addi	a2, a2, 0x701
 1004748: 0fc00593     	li	a1, 0xfc
 100474c: 000700e7     	jalr	a4
 1004750: 00050663     	beqz	a0, 0x100475c <getBits1+0x90>
 1004754: 018005b7     	lui	a1, 0x1800
 1004758: 6ca58023     	sb	a0, 0x6c0(a1)
 100475c: 01800537     	lui	a0, 0x1800
 1004760: 70154503     	lbu	a0, 0x701(a0)
 1004764: 18050463     	beqz	a0, 0x10048ec <getBits1+0x220>
 1004768: 018005b7     	lui	a1, 0x1800
 100476c: 7035c603     	lbu	a2, 0x703(a1)
 1004770: fff50693     	addi	a3, a0, -0x1
 1004774: 01801537     	lui	a0, 0x1801
 1004778: f8450513     	addi	a0, a0, -0x7c
 100477c: 00c50533     	add	a0, a0, a2
 1004780: 00054503     	lbu	a0, 0x0(a0)
 1004784: 70d480a3     	sb	a3, 0x701(s1)
 1004788: 00160613     	addi	a2, a2, 0x1
 100478c: 70c581a3     	sb	a2, 0x703(a1)
 1004790: ff840913     	addi	s2, s0, -0x8
 1004794: 018005b7     	lui	a1, 0x1800
 1004798: 7045d603     	lhu	a2, 0x704(a1)
 100479c: 018005b7     	lui	a1, 0x1800
 10047a0: 7005c583     	lbu	a1, 0x700(a1)
 10047a4: 0ff57513     	andi	a0, a0, 0xff
 10047a8: 00a66533     	or	a0, a2, a0
 10047ac: 00800613     	li	a2, 0x8
 10047b0: 40b60633     	sub	a2, a2, a1
 10047b4: f009f693     	andi	a3, s3, -0x100
 10047b8: 00c519b3     	sll	s3, a0, a2
 10047bc: 01099513     	slli	a0, s3, 0x10
 10047c0: 01855513     	srli	a0, a0, 0x18
 10047c4: 00d564b3     	or	s1, a0, a3
 10047c8: 0ff97a13     	andi	s4, s2, 0xff
 10047cc: 01099613     	slli	a2, s3, 0x10
 10047d0: 01065613     	srli	a2, a2, 0x10
 10047d4: 0345e463     	bltu	a1, s4, 0x10047fc <getBits1+0x130>
 10047d8: 412585b3     	sub	a1, a1, s2
 10047dc: 01461533     	sll	a0, a2, s4
 10047e0: 0cc0006f     	j	0x10048ac <getBits1+0x1e0>
 10047e4: 00040913     	mv	s2, s0
 10047e8: 00098493     	mv	s1, s3
 10047ec: 0ff47a13     	andi	s4, s0, 0xff
 10047f0: 01099613     	slli	a2, s3, 0x10
 10047f4: 01065613     	srli	a2, a2, 0x10
 10047f8: ff45f0e3     	bgeu	a1, s4, 0x10047d8 <getBits1+0x10c>
 10047fc: 018009b7     	lui	s3, 0x1800
 1004800: 7019c503     	lbu	a0, 0x701(s3)
 1004804: 00b615b3     	sll	a1, a2, a1
 1004808: 01800637     	lui	a2, 0x1800
 100480c: 70b61223     	sh	a1, 0x704(a2)
 1004810: 01801ab7     	lui	s5, 0x1801
 1004814: f84a8a93     	addi	s5, s5, -0x7c
 1004818: 04051663     	bnez	a0, 0x1004864 <getBits1+0x198>
 100481c: 01800537     	lui	a0, 0x1800
 1004820: 6c452703     	lw	a4, 0x6c4(a0)
 1004824: 01800537     	lui	a0, 0x1800
 1004828: 6c852683     	lw	a3, 0x6c8(a0)
 100482c: 01800537     	lui	a0, 0x1800
 1004830: 00400593     	li	a1, 0x4
 1004834: 70b501a3     	sb	a1, 0x703(a0)
 1004838: 004a8513     	addi	a0, s5, 0x4
 100483c: 01800637     	lui	a2, 0x1800
 1004840: 70160613     	addi	a2, a2, 0x701
 1004844: 0fc00593     	li	a1, 0xfc
 1004848: 000700e7     	jalr	a4
 100484c: 00050663     	beqz	a0, 0x1004858 <getBits1+0x18c>
 1004850: 018005b7     	lui	a1, 0x1800
 1004854: 6ca58023     	sb	a0, 0x6c0(a1)
 1004858: 01800537     	lui	a0, 0x1800
 100485c: 70154503     	lbu	a0, 0x701(a0)
 1004860: 0a050863     	beqz	a0, 0x1004910 <getBits1+0x244>
 1004864: 018005b7     	lui	a1, 0x1800
 1004868: 7035c603     	lbu	a2, 0x703(a1)
 100486c: fff50693     	addi	a3, a0, -0x1
 1004870: 00ca8ab3     	add	s5, s5, a2
 1004874: 000ac503     	lbu	a0, 0x0(s5)
 1004878: 70d980a3     	sb	a3, 0x701(s3)
 100487c: 00160613     	addi	a2, a2, 0x1
 1004880: 70c581a3     	sb	a2, 0x703(a1)
 1004884: 018005b7     	lui	a1, 0x1800
 1004888: 7045d583     	lhu	a1, 0x704(a1)
 100488c: 01800637     	lui	a2, 0x1800
 1004890: 70064603     	lbu	a2, 0x700(a2)
 1004894: 0ff57513     	andi	a0, a0, 0xff
 1004898: 00a5e533     	or	a0, a1, a0
 100489c: 40ca05b3     	sub	a1, s4, a2
 10048a0: 00b51533     	sll	a0, a0, a1
 10048a4: 412605b3     	sub	a1, a2, s2
 10048a8: 00858593     	addi	a1, a1, 0x8
 10048ac: 01800637     	lui	a2, 0x1800
 10048b0: 70a61223     	sh	a0, 0x704(a2)
 10048b4: 01800637     	lui	a2, 0x1800
 10048b8: 01000513     	li	a0, 0x10
 10048bc: 40850533     	sub	a0, a0, s0
 10048c0: 00a4d533     	srl	a0, s1, a0
 10048c4: 70b60023     	sb	a1, 0x700(a2)
 10048c8: 01c12083     	lw	ra, 0x1c(sp)
 10048cc: 01812403     	lw	s0, 0x18(sp)
 10048d0: 01412483     	lw	s1, 0x14(sp)
 10048d4: 01012903     	lw	s2, 0x10(sp)
 10048d8: 00c12983     	lw	s3, 0xc(sp)
 10048dc: 00812a03     	lw	s4, 0x8(sp)
 10048e0: 00412a83     	lw	s5, 0x4(sp)
 10048e4: 02010113     	addi	sp, sp, 0x20
 10048e8: 00008067     	ret
 10048ec: 01800537     	lui	a0, 0x1800
 10048f0: 70254583     	lbu	a1, 0x702(a0)
 10048f4: fff5c613     	not	a2, a1
 10048f8: 70c50123     	sb	a2, 0x702(a0)
 10048fc: f0158513     	addi	a0, a1, -0xff
 1004900: 00153513     	seqz	a0, a0
 1004904: fff50513     	addi	a0, a0, -0x1
 1004908: fd956513     	ori	a0, a0, -0x27
 100490c: e85ff06f     	j	0x1004790 <getBits1+0xc4>
 1004910: 01800537     	lui	a0, 0x1800
 1004914: 70254583     	lbu	a1, 0x702(a0)
 1004918: fff5c613     	not	a2, a1
 100491c: 70c50123     	sb	a2, 0x702(a0)
 1004920: f0158513     	addi	a0, a1, -0xff
 1004924: 00153513     	seqz	a0, a0
 1004928: fff50513     	addi	a0, a0, -0x1
 100492c: fd956513     	ori	a0, a0, -0x27
 1004930: f55ff06f     	j	0x1004884 <getBits1+0x1b8>

01004934 <processMarkers>:
 1004934: fa010113     	addi	sp, sp, -0x60
 1004938: 04112e23     	sw	ra, 0x5c(sp)
 100493c: 04812c23     	sw	s0, 0x58(sp)
 1004940: 04912a23     	sw	s1, 0x54(sp)
 1004944: 05212823     	sw	s2, 0x50(sp)
 1004948: 05312623     	sw	s3, 0x4c(sp)
 100494c: 05412423     	sw	s4, 0x48(sp)
 1004950: 05512223     	sw	s5, 0x44(sp)
 1004954: 05612023     	sw	s6, 0x40(sp)
 1004958: 03712e23     	sw	s7, 0x3c(sp)
 100495c: 03812c23     	sw	s8, 0x38(sp)
 1004960: 03912a23     	sw	s9, 0x34(sp)
 1004964: 03a12823     	sw	s10, 0x30(sp)
 1004968: 03b12623     	sw	s11, 0x2c(sp)
 100496c: 00050493     	mv	s1, a0
 1004970: 02c10913     	addi	s2, sp, 0x2c
 1004974: 01800a37     	lui	s4, 0x1800
 1004978: 01800ab7     	lui	s5, 0x1800
 100497c: 00700b13     	li	s6, 0x7
 1004980: 01800bb7     	lui	s7, 0x1800
 1004984: 01800c37     	lui	s8, 0x1800
 1004988: 018013b7     	lui	t2, 0x1801
 100498c: f8438393     	addi	t2, t2, -0x7c
 1004990: 00438513     	addi	a0, t2, 0x4
 1004994: 00a12c23     	sw	a0, 0x18(sp)
 1004998: 00800993     	li	s3, 0x8
 100499c: 0ff00d13     	li	s10, 0xff
 10049a0: 00200c93     	li	s9, 0x2
 10049a4: 00010537     	lui	a0, 0x10
 10049a8: fff50513     	addi	a0, a0, -0x1
 10049ac: 00a12a23     	sw	a0, 0x14(sp)
 10049b0: 700a4503     	lbu	a0, 0x700(s4)
 10049b4: 704ad403     	lhu	s0, 0x704(s5)
 10049b8: 0100fdb7     	lui	s11, 0x100f
 10049bc: 34cd8d93     	addi	s11, s11, 0x34c
 10049c0: 0ff57593     	andi	a1, a0, 0xff
 10049c4: 08bb6a63     	bltu	s6, a1, 0x1004a58 <processMarkers+0x124>
 10049c8: 701bc583     	lbu	a1, 0x701(s7)
 10049cc: 00a41533     	sll	a0, s0, a0
 10049d0: 70aa9223     	sh	a0, 0x704(s5)
 10049d4: 04059663     	bnez	a1, 0x1004a20 <processMarkers+0xec>
 10049d8: 01800537     	lui	a0, 0x1800
 10049dc: 6c452703     	lw	a4, 0x6c4(a0)
 10049e0: 01800537     	lui	a0, 0x1800
 10049e4: 6c852683     	lw	a3, 0x6c8(a0)
 10049e8: 00400513     	li	a0, 0x4
 10049ec: 70ac01a3     	sb	a0, 0x703(s8)
 10049f0: 0fc00593     	li	a1, 0xfc
 10049f4: 01812503     	lw	a0, 0x18(sp)
 10049f8: 01800637     	lui	a2, 0x1800
 10049fc: 70160613     	addi	a2, a2, 0x701
 1004a00: 000700e7     	jalr	a4
 1004a04: 00050663     	beqz	a0, 0x1004a10 <processMarkers+0xdc>
 1004a08: 018005b7     	lui	a1, 0x1800
 1004a0c: 6ca58023     	sb	a0, 0x6c0(a1)
 1004a10: 701bc583     	lbu	a1, 0x701(s7)
 1004a14: 018013b7     	lui	t2, 0x1801
 1004a18: f8438393     	addi	t2, t2, -0x7c
 1004a1c: 14058663     	beqz	a1, 0x1004b68 <processMarkers+0x234>
 1004a20: 703c4503     	lbu	a0, 0x703(s8)
 1004a24: fff58613     	addi	a2, a1, -0x1
 1004a28: 00a385b3     	add	a1, t2, a0
 1004a2c: 0005c583     	lbu	a1, 0x0(a1)
 1004a30: 70cb80a3     	sb	a2, 0x701(s7)
 1004a34: 00150513     	addi	a0, a0, 0x1
 1004a38: 70ac01a3     	sb	a0, 0x703(s8)
 1004a3c: 704ad603     	lhu	a2, 0x704(s5)
 1004a40: 700a4503     	lbu	a0, 0x700(s4)
 1004a44: 0ff5f593     	andi	a1, a1, 0xff
 1004a48: 00b665b3     	or	a1, a2, a1
 1004a4c: 40a98633     	sub	a2, s3, a0
 1004a50: 00c595b3     	sll	a1, a1, a2
 1004a54: 00c0006f     	j	0x1004a60 <processMarkers+0x12c>
 1004a58: ff850513     	addi	a0, a0, -0x8
 1004a5c: 00841593     	slli	a1, s0, 0x8
 1004a60: 01059613     	slli	a2, a1, 0x10
 1004a64: 00845693     	srli	a3, s0, 0x8
 1004a68: 01065413     	srli	s0, a2, 0x10
 1004a6c: 70ba9223     	sh	a1, 0x704(s5)
 1004a70: 70aa0023     	sb	a0, 0x700(s4)
 1004a74: f5a6e6e3     	bltu	a3, s10, 0x10049c0 <processMarkers+0x8c>
 1004a78: 0ff57593     	andi	a1, a0, 0xff
 1004a7c: 08bb6a63     	bltu	s6, a1, 0x1004b10 <processMarkers+0x1dc>
 1004a80: 701bc583     	lbu	a1, 0x701(s7)
 1004a84: 00a41533     	sll	a0, s0, a0
 1004a88: 70aa9223     	sh	a0, 0x704(s5)
 1004a8c: 04059663     	bnez	a1, 0x1004ad8 <processMarkers+0x1a4>
 1004a90: 01800537     	lui	a0, 0x1800
 1004a94: 6c452703     	lw	a4, 0x6c4(a0)
 1004a98: 01800537     	lui	a0, 0x1800
 1004a9c: 6c852683     	lw	a3, 0x6c8(a0)
 1004aa0: 00400513     	li	a0, 0x4
 1004aa4: 70ac01a3     	sb	a0, 0x703(s8)
 1004aa8: 0fc00593     	li	a1, 0xfc
 1004aac: 01812503     	lw	a0, 0x18(sp)
 1004ab0: 01800637     	lui	a2, 0x1800
 1004ab4: 70160613     	addi	a2, a2, 0x701
 1004ab8: 000700e7     	jalr	a4
 1004abc: 00050663     	beqz	a0, 0x1004ac8 <processMarkers+0x194>
 1004ac0: 018005b7     	lui	a1, 0x1800
 1004ac4: 6ca58023     	sb	a0, 0x6c0(a1)
 1004ac8: 701bc583     	lbu	a1, 0x701(s7)
 1004acc: 018013b7     	lui	t2, 0x1801
 1004ad0: f8438393     	addi	t2, t2, -0x7c
 1004ad4: 06058863     	beqz	a1, 0x1004b44 <processMarkers+0x210>
 1004ad8: 703c4503     	lbu	a0, 0x703(s8)
 1004adc: fff58613     	addi	a2, a1, -0x1
 1004ae0: 00a385b3     	add	a1, t2, a0
 1004ae4: 0005c583     	lbu	a1, 0x0(a1)
 1004ae8: 70cb80a3     	sb	a2, 0x701(s7)
 1004aec: 00150513     	addi	a0, a0, 0x1
 1004af0: 70ac01a3     	sb	a0, 0x703(s8)
 1004af4: 704ad603     	lhu	a2, 0x704(s5)
 1004af8: 700a4503     	lbu	a0, 0x700(s4)
 1004afc: 0ff5f593     	andi	a1, a1, 0xff
 1004b00: 00b665b3     	or	a1, a2, a1
 1004b04: 40a98633     	sub	a2, s3, a0
 1004b08: 00c595b3     	sll	a1, a1, a2
 1004b0c: 00c0006f     	j	0x1004b18 <processMarkers+0x1e4>
 1004b10: ff850513     	addi	a0, a0, -0x8
 1004b14: 00841593     	slli	a1, s0, 0x8
 1004b18: 70ba9223     	sh	a1, 0x704(s5)
 1004b1c: 70aa0023     	sb	a0, 0x700(s4)
 1004b20: 4a001a63     	bnez	zero, 0x1004fd4 <processMarkers+0x6a0>
 1004b24: 01041613     	slli	a2, s0, 0x10
 1004b28: 01865613     	srli	a2, a2, 0x18
 1004b2c: 00261693     	slli	a3, a2, 0x2
 1004b30: 01b686b3     	add	a3, a3, s11
 1004b34: 0006a683     	lw	a3, 0x0(a3)
 1004b38: 01059593     	slli	a1, a1, 0x10
 1004b3c: 0105d413     	srli	s0, a1, 0x10
 1004b40: 00068067     	jr	a3
 1004b44: 01800637     	lui	a2, 0x1800
 1004b48: 70264503     	lbu	a0, 0x702(a2)
 1004b4c: fff54593     	not	a1, a0
 1004b50: 70b60123     	sb	a1, 0x702(a2)
 1004b54: f0150513     	addi	a0, a0, -0xff
 1004b58: 00153513     	seqz	a0, a0
 1004b5c: fff50513     	addi	a0, a0, -0x1
 1004b60: fd956593     	ori	a1, a0, -0x27
 1004b64: f91ff06f     	j	0x1004af4 <processMarkers+0x1c0>
 1004b68: 01800637     	lui	a2, 0x1800
 1004b6c: 70264503     	lbu	a0, 0x702(a2)
 1004b70: fff54593     	not	a1, a0
 1004b74: 70b60123     	sb	a1, 0x702(a2)
 1004b78: f0150513     	addi	a0, a0, -0xff
 1004b7c: 00153513     	seqz	a0, a0
 1004b80: fff50513     	addi	a0, a0, -0x1
 1004b84: fd956593     	ori	a1, a0, -0x27
 1004b88: eb5ff06f     	j	0x1004a3c <processMarkers+0x108>
 1004b8c: 00912623     	sw	s1, 0xc(sp)
 1004b90: 01000513     	li	a0, 0x10
 1004b94: b39ff0ef     	jal	0x10046cc <getBits1>
 1004b98: 018013b7     	lui	t2, 0x1801
 1004b9c: f8438393     	addi	t2, t2, -0x7c
 1004ba0: 43956463     	bltu	a0, s9, 0x1004fc8 <processMarkers+0x694>
 1004ba4: ffe50513     	addi	a0, a0, -0x2
 1004ba8: 00a12823     	sw	a0, 0x10(sp)
 1004bac: 01051513     	slli	a0, a0, 0x10
 1004bb0: 40050c63     	beqz	a0, 0x1004fc8 <processMarkers+0x694>
 1004bb4: 704ad483     	lhu	s1, 0x704(s5)
 1004bb8: 700a4503     	lbu	a0, 0x700(s4)
 1004bbc: 0180006f     	j	0x1004bd4 <processMarkers+0x2a0>
 1004bc0: 01012583     	lw	a1, 0x10(sp)
 1004bc4: 41b585b3     	sub	a1, a1, s11
 1004bc8: 00b12823     	sw	a1, 0x10(sp)
 1004bcc: 01059593     	slli	a1, a1, 0x10
 1004bd0: 3e058c63     	beqz	a1, 0x1004fc8 <processMarkers+0x694>
 1004bd4: 0ff57593     	andi	a1, a0, 0xff
 1004bd8: 01049413     	slli	s0, s1, 0x10
 1004bdc: 01045413     	srli	s0, s0, 0x10
 1004be0: 08bb6a63     	bltu	s6, a1, 0x1004c74 <processMarkers+0x340>
 1004be4: 701bc583     	lbu	a1, 0x701(s7)
 1004be8: 00a41533     	sll	a0, s0, a0
 1004bec: 70aa9223     	sh	a0, 0x704(s5)
 1004bf0: 04059663     	bnez	a1, 0x1004c3c <processMarkers+0x308>
 1004bf4: 01800537     	lui	a0, 0x1800
 1004bf8: 6c452703     	lw	a4, 0x6c4(a0)
 1004bfc: 01800537     	lui	a0, 0x1800
 1004c00: 6c852683     	lw	a3, 0x6c8(a0)
 1004c04: 00400513     	li	a0, 0x4
 1004c08: 70ac01a3     	sb	a0, 0x703(s8)
 1004c0c: 0fc00593     	li	a1, 0xfc
 1004c10: 01812503     	lw	a0, 0x18(sp)
 1004c14: 01800637     	lui	a2, 0x1800
 1004c18: 70160613     	addi	a2, a2, 0x701
 1004c1c: 000700e7     	jalr	a4
 1004c20: 00050663     	beqz	a0, 0x1004c2c <processMarkers+0x2f8>
 1004c24: 018005b7     	lui	a1, 0x1800
 1004c28: 6ca58023     	sb	a0, 0x6c0(a1)
 1004c2c: 701bc583     	lbu	a1, 0x701(s7)
 1004c30: 018013b7     	lui	t2, 0x1801
 1004c34: f8438393     	addi	t2, t2, -0x7c
 1004c38: 36058663     	beqz	a1, 0x1004fa4 <processMarkers+0x670>
 1004c3c: 703c4503     	lbu	a0, 0x703(s8)
 1004c40: fff58613     	addi	a2, a1, -0x1
 1004c44: 00a385b3     	add	a1, t2, a0
 1004c48: 0005c583     	lbu	a1, 0x0(a1)
 1004c4c: 70cb80a3     	sb	a2, 0x701(s7)
 1004c50: 00150513     	addi	a0, a0, 0x1
 1004c54: 70ac01a3     	sb	a0, 0x703(s8)
 1004c58: 704ad603     	lhu	a2, 0x704(s5)
 1004c5c: 700a4503     	lbu	a0, 0x700(s4)
 1004c60: 0ff5f593     	andi	a1, a1, 0xff
 1004c64: 00b665b3     	or	a1, a2, a1
 1004c68: 40a98633     	sub	a2, s3, a0
 1004c6c: 00c59433     	sll	s0, a1, a2
 1004c70: 00c0006f     	j	0x1004c7c <processMarkers+0x348>
 1004c74: ff850513     	addi	a0, a0, -0x8
 1004c78: 00841413     	slli	s0, s0, 0x8
 1004c7c: 708a9223     	sh	s0, 0x704(s5)
 1004c80: 0084d593     	srli	a1, s1, 0x8
 1004c84: 00e5f613     	andi	a2, a1, 0xe
 1004c88: 70aa0023     	sb	a0, 0x700(s4)
 1004c8c: 32061e63     	bnez	a2, 0x1004fc8 <processMarkers+0x694>
 1004c90: 0f05f613     	andi	a2, a1, 0xf0
 1004c94: 01000693     	li	a3, 0x10
 1004c98: 32c6e863     	bltu	a3, a2, 0x1004fc8 <processMarkers+0x694>
 1004c9c: 00000d93     	li	s11, 0x0
 1004ca0: 0ff5f593     	andi	a1, a1, 0xff
 1004ca4: 00b4d493     	srli	s1, s1, 0xb
 1004ca8: 0024f493     	andi	s1, s1, 0x2
 1004cac: 0015f593     	andi	a1, a1, 0x1
 1004cb0: 00b4e4b3     	or	s1, s1, a1
 1004cb4: 00249593     	slli	a1, s1, 0x2
 1004cb8: 01010637     	lui	a2, 0x1010
 1004cbc: 80860613     	addi	a2, a2, -0x7f8
 1004cc0: 00b60633     	add	a2, a2, a1
 1004cc4: 00062603     	lw	a2, 0x0(a2)
 1004cc8: 00c12223     	sw	a2, 0x4(sp)
 1004ccc: 01800737     	lui	a4, 0x1800
 1004cd0: 70774603     	lbu	a2, 0x707(a4)
 1004cd4: 010106b7     	lui	a3, 0x1010
 1004cd8: 81868693     	addi	a3, a3, -0x7e8
 1004cdc: 00b685b3     	add	a1, a3, a1
 1004ce0: 0005ad03     	lw	s10, 0x0(a1)
 1004ce4: 00100593     	li	a1, 0x1
 1004ce8: 00912423     	sw	s1, 0x8(sp)
 1004cec: 009595b3     	sll	a1, a1, s1
 1004cf0: 00b665b3     	or	a1, a2, a1
 1004cf4: 70b703a3     	sb	a1, 0x707(a4)
 1004cf8: 01c10c93     	addi	s9, sp, 0x1c
 1004cfc: 0300006f     	j	0x1004d2c <processMarkers+0x3f8>
 1004d00: ff850513     	addi	a0, a0, -0x8
 1004d04: 00849493     	slli	s1, s1, 0x8
 1004d08: 709a9223     	sh	s1, 0x704(s5)
 1004d0c: 70aa0023     	sb	a0, 0x700(s4)
 1004d10: 00845413     	srli	s0, s0, 0x8
 1004d14: 0ff47593     	andi	a1, s0, 0xff
 1004d18: 008c8023     	sb	s0, 0x0(s9)
 1004d1c: 001c8c93     	addi	s9, s9, 0x1
 1004d20: 00bd8db3     	add	s11, s11, a1
 1004d24: 00048413     	mv	s0, s1
 1004d28: 0d2c8463     	beq	s9, s2, 0x1004df0 <processMarkers+0x4bc>
 1004d2c: 0ff57593     	andi	a1, a0, 0xff
 1004d30: 01041493     	slli	s1, s0, 0x10
 1004d34: 0104d493     	srli	s1, s1, 0x10
 1004d38: fcbb64e3     	bltu	s6, a1, 0x1004d00 <processMarkers+0x3cc>
 1004d3c: 701bc583     	lbu	a1, 0x701(s7)
 1004d40: 00a49533     	sll	a0, s1, a0
 1004d44: 70aa9223     	sh	a0, 0x704(s5)
 1004d48: 04059663     	bnez	a1, 0x1004d94 <processMarkers+0x460>
 1004d4c: 01800537     	lui	a0, 0x1800
 1004d50: 6c452703     	lw	a4, 0x6c4(a0)
 1004d54: 01800537     	lui	a0, 0x1800
 1004d58: 6c852683     	lw	a3, 0x6c8(a0)
 1004d5c: 00400513     	li	a0, 0x4
 1004d60: 70ac01a3     	sb	a0, 0x703(s8)
 1004d64: 0fc00593     	li	a1, 0xfc
 1004d68: 01812503     	lw	a0, 0x18(sp)
 1004d6c: 01800637     	lui	a2, 0x1800
 1004d70: 70160613     	addi	a2, a2, 0x701
 1004d74: 000700e7     	jalr	a4
 1004d78: 00050663     	beqz	a0, 0x1004d84 <processMarkers+0x450>
 1004d7c: 018005b7     	lui	a1, 0x1800
 1004d80: 6ca58023     	sb	a0, 0x6c0(a1)
 1004d84: 701bc583     	lbu	a1, 0x701(s7)
 1004d88: 018013b7     	lui	t2, 0x1801
 1004d8c: f8438393     	addi	t2, t2, -0x7c
 1004d90: 02058e63     	beqz	a1, 0x1004dcc <processMarkers+0x498>
 1004d94: 703c4503     	lbu	a0, 0x703(s8)
 1004d98: fff58613     	addi	a2, a1, -0x1
 1004d9c: 00a385b3     	add	a1, t2, a0
 1004da0: 0005c583     	lbu	a1, 0x0(a1)
 1004da4: 70cb80a3     	sb	a2, 0x701(s7)
 1004da8: 00150513     	addi	a0, a0, 0x1
 1004dac: 70ac01a3     	sb	a0, 0x703(s8)
 1004db0: 704ad603     	lhu	a2, 0x704(s5)
 1004db4: 700a4503     	lbu	a0, 0x700(s4)
 1004db8: 0ff5f593     	andi	a1, a1, 0xff
 1004dbc: 00b665b3     	or	a1, a2, a1
 1004dc0: 40a98633     	sub	a2, s3, a0
 1004dc4: 00c594b3     	sll	s1, a1, a2
 1004dc8: f41ff06f     	j	0x1004d08 <processMarkers+0x3d4>
 1004dcc: 01800637     	lui	a2, 0x1800
 1004dd0: 70264503     	lbu	a0, 0x702(a2)
 1004dd4: fff54593     	not	a1, a0
 1004dd8: 70b60123     	sb	a1, 0x702(a2)
 1004ddc: f0150513     	addi	a0, a0, -0xff
 1004de0: 00153513     	seqz	a0, a0
 1004de4: fff50513     	addi	a0, a0, -0x1
 1004de8: fd956593     	ori	a1, a0, -0x27
 1004dec: fc5ff06f     	j	0x1004db0 <processMarkers+0x47c>
 1004df0: 00c00593     	li	a1, 0xc
 1004df4: 00200c93     	li	s9, 0x2
 1004df8: 00812603     	lw	a2, 0x8(sp)
 1004dfc: 01966463     	bltu	a2, s9, 0x1004e04 <processMarkers+0x4d0>
 1004e00: 0ff00593     	li	a1, 0xff
 1004e04: 010d9613     	slli	a2, s11, 0x10
 1004e08: 01065413     	srli	s0, a2, 0x10
 1004e0c: 1a85ee63     	bltu	a1, s0, 0x1004fc8 <processMarkers+0x694>
 1004e10: 10060263     	beqz	a2, 0x1004f14 <processMarkers+0x5e0>
 1004e14: 00000c93     	li	s9, 0x0
 1004e18: 00048913     	mv	s2, s1
 1004e1c: 0340006f     	j	0x1004e50 <processMarkers+0x51c>
 1004e20: ff850513     	addi	a0, a0, -0x8
 1004e24: 00849493     	slli	s1, s1, 0x8
 1004e28: 0ffcf593     	andi	a1, s9, 0xff
 1004e2c: 709a9223     	sh	s1, 0x704(s5)
 1004e30: 70aa0023     	sb	a0, 0x700(s4)
 1004e34: 00895613     	srli	a2, s2, 0x8
 1004e38: 00bd05b3     	add	a1, s10, a1
 1004e3c: 001c8c93     	addi	s9, s9, 0x1
 1004e40: 0ffcf693     	andi	a3, s9, 0xff
 1004e44: 00c58023     	sb	a2, 0x0(a1)
 1004e48: 00048913     	mv	s2, s1
 1004e4c: 0c86f463     	bgeu	a3, s0, 0x1004f14 <processMarkers+0x5e0>
 1004e50: 0ff57593     	andi	a1, a0, 0xff
 1004e54: 01091493     	slli	s1, s2, 0x10
 1004e58: 0104d493     	srli	s1, s1, 0x10
 1004e5c: fcbb62e3     	bltu	s6, a1, 0x1004e20 <processMarkers+0x4ec>
 1004e60: 701bc583     	lbu	a1, 0x701(s7)
 1004e64: 00a49533     	sll	a0, s1, a0
 1004e68: 70aa9223     	sh	a0, 0x704(s5)
 1004e6c: 04059663     	bnez	a1, 0x1004eb8 <processMarkers+0x584>
 1004e70: 01800537     	lui	a0, 0x1800
 1004e74: 6c452703     	lw	a4, 0x6c4(a0)
 1004e78: 01800537     	lui	a0, 0x1800
 1004e7c: 6c852683     	lw	a3, 0x6c8(a0)
 1004e80: 00400513     	li	a0, 0x4
 1004e84: 70ac01a3     	sb	a0, 0x703(s8)
 1004e88: 0fc00593     	li	a1, 0xfc
 1004e8c: 01812503     	lw	a0, 0x18(sp)
 1004e90: 01800637     	lui	a2, 0x1800
 1004e94: 70160613     	addi	a2, a2, 0x701
 1004e98: 000700e7     	jalr	a4
 1004e9c: 00050663     	beqz	a0, 0x1004ea8 <processMarkers+0x574>
 1004ea0: 018005b7     	lui	a1, 0x1800
 1004ea4: 6ca58023     	sb	a0, 0x6c0(a1)
 1004ea8: 701bc583     	lbu	a1, 0x701(s7)
 1004eac: 018013b7     	lui	t2, 0x1801
 1004eb0: f8438393     	addi	t2, t2, -0x7c
 1004eb4: 02058e63     	beqz	a1, 0x1004ef0 <processMarkers+0x5bc>
 1004eb8: 703c4503     	lbu	a0, 0x703(s8)
 1004ebc: fff58613     	addi	a2, a1, -0x1
 1004ec0: 00a385b3     	add	a1, t2, a0
 1004ec4: 0005c583     	lbu	a1, 0x0(a1)
 1004ec8: 70cb80a3     	sb	a2, 0x701(s7)
 1004ecc: 00150513     	addi	a0, a0, 0x1
 1004ed0: 70ac01a3     	sb	a0, 0x703(s8)
 1004ed4: 704ad603     	lhu	a2, 0x704(s5)
 1004ed8: 700a4503     	lbu	a0, 0x700(s4)
 1004edc: 0ff5f593     	andi	a1, a1, 0xff
 1004ee0: 00b665b3     	or	a1, a2, a1
 1004ee4: 40a98633     	sub	a2, s3, a0
 1004ee8: 00c594b3     	sll	s1, a1, a2
 1004eec: f3dff06f     	j	0x1004e28 <processMarkers+0x4f4>
 1004ef0: 01800637     	lui	a2, 0x1800
 1004ef4: 70264503     	lbu	a0, 0x702(a2)
 1004ef8: fff54593     	not	a1, a0
 1004efc: 70b60123     	sb	a1, 0x702(a2)
 1004f00: f0150513     	addi	a0, a0, -0xff
 1004f04: 00153513     	seqz	a0, a0
 1004f08: fff50513     	addi	a0, a0, -0x1
 1004f0c: fd956593     	ori	a1, a0, -0x27
 1004f10: fc5ff06f     	j	0x1004ed4 <processMarkers+0x5a0>
 1004f14: 011d8d93     	addi	s11, s11, 0x11
 1004f18: 01412603     	lw	a2, 0x14(sp)
 1004f1c: 00cdf5b3     	and	a1, s11, a2
 1004f20: 01012683     	lw	a3, 0x10(sp)
 1004f24: 00c6f633     	and	a2, a3, a2
 1004f28: 02c10913     	addi	s2, sp, 0x2c
 1004f2c: 00200c93     	li	s9, 0x2
 1004f30: 08b66c63     	bltu	a2, a1, 0x1004fc8 <processMarkers+0x694>
 1004f34: 00000613     	li	a2, 0x0
 1004f38: 00000813     	li	a6, 0x0
 1004f3c: 00412703     	lw	a4, 0x4(sp)
 1004f40: 02070593     	addi	a1, a4, 0x20
 1004f44: 04070693     	addi	a3, a4, 0x40
 1004f48: 05070713     	addi	a4, a4, 0x50
 1004f4c: 01c10793     	addi	a5, sp, 0x1c
 1004f50: 01412e03     	lw	t3, 0x14(sp)
 1004f54: 0380006f     	j	0x1004f8c <processMarkers+0x658>
 1004f58: 00080893     	mv	a7, a6
 1004f5c: 00680833     	add	a6, a6, t1
 1004f60: 00060293     	mv	t0, a2
 1004f64: 00c30633     	add	a2, t1, a2
 1004f68: fff80313     	addi	t1, a6, -0x1
 1004f6c: ff159023     	sh	a7, -0x20(a1)
 1004f70: 00659023     	sh	t1, 0x0(a1)
 1004f74: 00568023     	sb	t0, 0x0(a3)
 1004f78: 00181813     	slli	a6, a6, 0x1
 1004f7c: 00168693     	addi	a3, a3, 0x1
 1004f80: 00258593     	addi	a1, a1, 0x2
 1004f84: 00178793     	addi	a5, a5, 0x1
 1004f88: c2e68ce3     	beq	a3, a4, 0x1004bc0 <processMarkers+0x28c>
 1004f8c: 0007c303     	lbu	t1, 0x0(a5)
 1004f90: fc0314e3     	bnez	t1, 0x1004f58 <processMarkers+0x624>
 1004f94: 00000893     	li	a7, 0x0
 1004f98: 00000293     	li	t0, 0x0
 1004f9c: 000e0313     	mv	t1, t3
 1004fa0: fcdff06f     	j	0x1004f6c <processMarkers+0x638>
 1004fa4: 01800637     	lui	a2, 0x1800
 1004fa8: 70264503     	lbu	a0, 0x702(a2)
 1004fac: fff54593     	not	a1, a0
 1004fb0: 70b60123     	sb	a1, 0x702(a2)
 1004fb4: f0150513     	addi	a0, a0, -0xff
 1004fb8: 00153513     	seqz	a0, a0
 1004fbc: fff50513     	addi	a0, a0, -0x1
 1004fc0: fd956593     	ori	a1, a0, -0x27
 1004fc4: c95ff06f     	j	0x1004c58 <processMarkers+0x324>
 1004fc8: 00c12483     	lw	s1, 0xc(sp)
 1004fcc: 0ff00d13     	li	s10, 0xff
 1004fd0: 9e1ff06f     	j	0x10049b0 <processMarkers+0x7c>
 1004fd4: 01000513     	li	a0, 0x10
 1004fd8: ef4ff0ef     	jal	0x10046cc <getBits1>
 1004fdc: 018013b7     	lui	t2, 0x1801
 1004fe0: f8438393     	addi	t2, t2, -0x7c
 1004fe4: 9d9566e3     	bltu	a0, s9, 0x10049b0 <processMarkers+0x7c>
 1004fe8: ffe50413     	addi	s0, a0, -0x2
 1004fec: 01041513     	slli	a0, s0, 0x10
 1004ff0: 9c0500e3     	beqz	a0, 0x10049b0 <processMarkers+0x7c>
 1004ff4: 704ad583     	lhu	a1, 0x704(s5)
 1004ff8: 700a4503     	lbu	a0, 0x700(s4)
 1004ffc: 0280006f     	j	0x1005024 <processMarkers+0x6f0>
 1005000: ff850513     	addi	a0, a0, -0x8
 1005004: 00859613     	slli	a2, a1, 0x8
 1005008: 01061593     	slli	a1, a2, 0x10
 100500c: 0105d593     	srli	a1, a1, 0x10
 1005010: 70ca9223     	sh	a2, 0x704(s5)
 1005014: fff40413     	addi	s0, s0, -0x1
 1005018: 01041613     	slli	a2, s0, 0x10
 100501c: 70aa0023     	sb	a0, 0x700(s4)
 1005020: 980608e3     	beqz	a2, 0x10049b0 <processMarkers+0x7c>
 1005024: 0ff57613     	andi	a2, a0, 0xff
 1005028: fccb6ce3     	bltu	s6, a2, 0x1005000 <processMarkers+0x6cc>
 100502c: 701bc603     	lbu	a2, 0x701(s7)
 1005030: 00a59533     	sll	a0, a1, a0
 1005034: 70aa9223     	sh	a0, 0x704(s5)
 1005038: 04061663     	bnez	a2, 0x1005084 <processMarkers+0x750>
 100503c: 01800537     	lui	a0, 0x1800
 1005040: 6c452703     	lw	a4, 0x6c4(a0)
 1005044: 01800537     	lui	a0, 0x1800
 1005048: 6c852683     	lw	a3, 0x6c8(a0)
 100504c: 00400513     	li	a0, 0x4
 1005050: 70ac01a3     	sb	a0, 0x703(s8)
 1005054: 0fc00593     	li	a1, 0xfc
 1005058: 01812503     	lw	a0, 0x18(sp)
 100505c: 01800637     	lui	a2, 0x1800
 1005060: 70160613     	addi	a2, a2, 0x701
 1005064: 000700e7     	jalr	a4
 1005068: 00050663     	beqz	a0, 0x1005074 <processMarkers+0x740>
 100506c: 018005b7     	lui	a1, 0x1800
 1005070: 6ca58023     	sb	a0, 0x6c0(a1)
 1005074: 701bc603     	lbu	a2, 0x701(s7)
 1005078: 018013b7     	lui	t2, 0x1801
 100507c: f8438393     	addi	t2, t2, -0x7c
 1005080: 02060e63     	beqz	a2, 0x10050bc <processMarkers+0x788>
 1005084: 703c4503     	lbu	a0, 0x703(s8)
 1005088: fff60613     	addi	a2, a2, -0x1
 100508c: 00a385b3     	add	a1, t2, a0
 1005090: 0005c583     	lbu	a1, 0x0(a1)
 1005094: 70cb80a3     	sb	a2, 0x701(s7)
 1005098: 00150513     	addi	a0, a0, 0x1
 100509c: 70ac01a3     	sb	a0, 0x703(s8)
 10050a0: 704ad603     	lhu	a2, 0x704(s5)
 10050a4: 700a4503     	lbu	a0, 0x700(s4)
 10050a8: 0ff5f593     	andi	a1, a1, 0xff
 10050ac: 00b665b3     	or	a1, a2, a1
 10050b0: 40a98633     	sub	a2, s3, a0
 10050b4: 00c59633     	sll	a2, a1, a2
 10050b8: f51ff06f     	j	0x1005008 <processMarkers+0x6d4>
 10050bc: 01800637     	lui	a2, 0x1800
 10050c0: 70264503     	lbu	a0, 0x702(a2)
 10050c4: fff54593     	not	a1, a0
 10050c8: 70b60123     	sb	a1, 0x702(a2)
 10050cc: f0150513     	addi	a0, a0, -0xff
 10050d0: 00153513     	seqz	a0, a0
 10050d4: fff50513     	addi	a0, a0, -0x1
 10050d8: fd956593     	ori	a1, a0, -0x27
 10050dc: fc5ff06f     	j	0x10050a0 <processMarkers+0x76c>
 10050e0: 01000513     	li	a0, 0x10
 10050e4: de8ff0ef     	jal	0x10046cc <getBits1>
 10050e8: 018013b7     	lui	t2, 0x1801
 10050ec: f8438393     	addi	t2, t2, -0x7c
 10050f0: 00400593     	li	a1, 0x4
 10050f4: 8ab51ee3     	bne	a0, a1, 0x10049b0 <processMarkers+0x7c>
 10050f8: 01000513     	li	a0, 0x10
 10050fc: dd0ff0ef     	jal	0x10046cc <getBits1>
 1005100: 018013b7     	lui	t2, 0x1801
 1005104: f8438393     	addi	t2, t2, -0x7c
 1005108: 018005b7     	lui	a1, 0x1800
 100510c: 6ea59123     	sh	a0, 0x6e2(a1)
 1005110: 8a1ff06f     	j	0x10049b0 <processMarkers+0x7c>
 1005114: 01000513     	li	a0, 0x10
 1005118: db4ff0ef     	jal	0x10046cc <getBits1>
 100511c: 018013b7     	lui	t2, 0x1801
 1005120: f8438393     	addi	t2, t2, -0x7c
 1005124: 899566e3     	bltu	a0, s9, 0x10049b0 <processMarkers+0x7c>
 1005128: ffe50413     	addi	s0, a0, -0x2
 100512c: 01041513     	slli	a0, s0, 0x10
 1005130: 880500e3     	beqz	a0, 0x10049b0 <processMarkers+0x7c>
 1005134: 704add83     	lhu	s11, 0x704(s5)
 1005138: 700a4503     	lbu	a0, 0x700(s4)
 100513c: 00912623     	sw	s1, 0xc(sp)
 1005140: 0ff57593     	andi	a1, a0, 0xff
 1005144: 010d9613     	slli	a2, s11, 0x10
 1005148: 01065613     	srli	a2, a2, 0x10
 100514c: 08bb6a63     	bltu	s6, a1, 0x10051e0 <processMarkers+0x8ac>
 1005150: 701bc583     	lbu	a1, 0x701(s7)
 1005154: 00a61533     	sll	a0, a2, a0
 1005158: 70aa9223     	sh	a0, 0x704(s5)
 100515c: 04059663     	bnez	a1, 0x10051a8 <processMarkers+0x874>
 1005160: 01800537     	lui	a0, 0x1800
 1005164: 6c452703     	lw	a4, 0x6c4(a0)
 1005168: 01800537     	lui	a0, 0x1800
 100516c: 6c852683     	lw	a3, 0x6c8(a0)
 1005170: 00400513     	li	a0, 0x4
 1005174: 70ac01a3     	sb	a0, 0x703(s8)
 1005178: 0fc00593     	li	a1, 0xfc
 100517c: 01812503     	lw	a0, 0x18(sp)
 1005180: 01800637     	lui	a2, 0x1800
 1005184: 70160613     	addi	a2, a2, 0x701
 1005188: 000700e7     	jalr	a4
 100518c: 00050663     	beqz	a0, 0x1005198 <processMarkers+0x864>
 1005190: 018005b7     	lui	a1, 0x1800
 1005194: 6ca58023     	sb	a0, 0x6c0(a1)
 1005198: 701bc583     	lbu	a1, 0x701(s7)
 100519c: 018013b7     	lui	t2, 0x1801
 10051a0: f8438393     	addi	t2, t2, -0x7c
 10051a4: 30058863     	beqz	a1, 0x10054b4 <processMarkers+0xb80>
 10051a8: 703c4503     	lbu	a0, 0x703(s8)
 10051ac: fff58613     	addi	a2, a1, -0x1
 10051b0: 00a385b3     	add	a1, t2, a0
 10051b4: 0005c583     	lbu	a1, 0x0(a1)
 10051b8: 70cb80a3     	sb	a2, 0x701(s7)
 10051bc: 00150513     	addi	a0, a0, 0x1
 10051c0: 70ac01a3     	sb	a0, 0x703(s8)
 10051c4: 704ad603     	lhu	a2, 0x704(s5)
 10051c8: 700a4503     	lbu	a0, 0x700(s4)
 10051cc: 0ff5f593     	andi	a1, a1, 0xff
 10051d0: 00b665b3     	or	a1, a2, a1
 10051d4: 40a98633     	sub	a2, s3, a0
 10051d8: 00c595b3     	sll	a1, a1, a2
 10051dc: 00c0006f     	j	0x10051e8 <processMarkers+0x8b4>
 10051e0: ff850513     	addi	a0, a0, -0x8
 10051e4: 00861593     	slli	a1, a2, 0x8
 10051e8: 70ba9223     	sh	a1, 0x704(s5)
 10051ec: 008dd613     	srli	a2, s11, 0x8
 10051f0: 00f67693     	andi	a3, a2, 0xf
 10051f4: 70aa0023     	sb	a0, 0x700(s4)
 10051f8: 00100713     	li	a4, 0x1
 10051fc: fad76a63     	bltu	a4, a3, 0x10049b0 <processMarkers+0x7c>
 1005200: 00812823     	sw	s0, 0x10(sp)
 1005204: 01800837     	lui	a6, 0x1800
 1005208: 70884703     	lbu	a4, 0x708(a6)
 100520c: 00d037b3     	snez	a5, a3
 1005210: 00178793     	addi	a5, a5, 0x1
 1005214: 00f76733     	or	a4, a4, a5
 1005218: 70e80423     	sb	a4, 0x708(a6)
 100521c: 01801937     	lui	s2, 0x1801
 1005220: b2490913     	addi	s2, s2, -0x4dc
 1005224: 00068663     	beqz	a3, 0x1005230 <processMarkers+0x8fc>
 1005228: 01801937     	lui	s2, 0x1801
 100522c: aa490913     	addi	s2, s2, -0x55c
 1005230: 0ff67c93     	andi	s9, a2, 0xff
 1005234: 08090413     	addi	s0, s2, 0x80
 1005238: 00090d13     	mv	s10, s2
 100523c: 00058d93     	mv	s11, a1
 1005240: 0180006f     	j	0x1005258 <processMarkers+0x924>
 1005244: 0184d493     	srli	s1, s1, 0x18
 1005248: 00058d93     	mv	s11, a1
 100524c: 009d1023     	sh	s1, 0x0(s10)
 1005250: 002d0d13     	addi	s10, s10, 0x2
 1005254: 1e8d0663     	beq	s10, s0, 0x1005440 <processMarkers+0xb0c>
 1005258: 0ff57593     	andi	a1, a0, 0xff
 100525c: 010d9493     	slli	s1, s11, 0x10
 1005260: 0104d613     	srli	a2, s1, 0x10
 1005264: 0abb6263     	bltu	s6, a1, 0x1005308 <processMarkers+0x9d4>
 1005268: 701bc583     	lbu	a1, 0x701(s7)
 100526c: 00a61533     	sll	a0, a2, a0
 1005270: 70aa9223     	sh	a0, 0x704(s5)
 1005274: 04059663     	bnez	a1, 0x10052c0 <processMarkers+0x98c>
 1005278: 01800537     	lui	a0, 0x1800
 100527c: 6c452703     	lw	a4, 0x6c4(a0)
 1005280: 01800537     	lui	a0, 0x1800
 1005284: 6c852683     	lw	a3, 0x6c8(a0)
 1005288: 00400513     	li	a0, 0x4
 100528c: 70ac01a3     	sb	a0, 0x703(s8)
 1005290: 0fc00593     	li	a1, 0xfc
 1005294: 01812503     	lw	a0, 0x18(sp)
 1005298: 01800637     	lui	a2, 0x1800
 100529c: 70160613     	addi	a2, a2, 0x701
 10052a0: 000700e7     	jalr	a4
 10052a4: 00050663     	beqz	a0, 0x10052b0 <processMarkers+0x97c>
 10052a8: 018005b7     	lui	a1, 0x1800
 10052ac: 6ca58023     	sb	a0, 0x6c0(a1)
 10052b0: 701bc583     	lbu	a1, 0x701(s7)
 10052b4: 018013b7     	lui	t2, 0x1801
 10052b8: f8438393     	addi	t2, t2, -0x7c
 10052bc: 12058e63     	beqz	a1, 0x10053f8 <processMarkers+0xac4>
 10052c0: 703c4503     	lbu	a0, 0x703(s8)
 10052c4: fff58613     	addi	a2, a1, -0x1
 10052c8: 00a385b3     	add	a1, t2, a0
 10052cc: 0005c583     	lbu	a1, 0x0(a1)
 10052d0: 70cb80a3     	sb	a2, 0x701(s7)
 10052d4: 00150513     	addi	a0, a0, 0x1
 10052d8: 70ac01a3     	sb	a0, 0x703(s8)
 10052dc: 704ad603     	lhu	a2, 0x704(s5)
 10052e0: 700a4503     	lbu	a0, 0x700(s4)
 10052e4: 0ff5f593     	andi	a1, a1, 0xff
 10052e8: 00b665b3     	or	a1, a2, a1
 10052ec: 40a98633     	sub	a2, s3, a0
 10052f0: 00c595b3     	sll	a1, a1, a2
 10052f4: 70ba9223     	sh	a1, 0x704(s5)
 10052f8: 70aa0023     	sb	a0, 0x700(s4)
 10052fc: 01000613     	li	a2, 0x10
 1005300: f4cce2e3     	bltu	s9, a2, 0x1005244 <processMarkers+0x910>
 1005304: 01c0006f     	j	0x1005320 <processMarkers+0x9ec>
 1005308: ff850513     	addi	a0, a0, -0x8
 100530c: 00861593     	slli	a1, a2, 0x8
 1005310: 70ba9223     	sh	a1, 0x704(s5)
 1005314: 70aa0023     	sb	a0, 0x700(s4)
 1005318: 01000613     	li	a2, 0x10
 100531c: f2cce4e3     	bltu	s9, a2, 0x1005244 <processMarkers+0x910>
 1005320: 0ff57613     	andi	a2, a0, 0xff
 1005324: 01059493     	slli	s1, a1, 0x10
 1005328: 0104d493     	srli	s1, s1, 0x10
 100532c: 08cb6a63     	bltu	s6, a2, 0x10053c0 <processMarkers+0xa8c>
 1005330: 701bc603     	lbu	a2, 0x701(s7)
 1005334: 00a59533     	sll	a0, a1, a0
 1005338: 70aa9223     	sh	a0, 0x704(s5)
 100533c: 04061663     	bnez	a2, 0x1005388 <processMarkers+0xa54>
 1005340: 01800537     	lui	a0, 0x1800
 1005344: 6c452703     	lw	a4, 0x6c4(a0)
 1005348: 01800537     	lui	a0, 0x1800
 100534c: 6c852683     	lw	a3, 0x6c8(a0)
 1005350: 00400513     	li	a0, 0x4
 1005354: 70ac01a3     	sb	a0, 0x703(s8)
 1005358: 0fc00593     	li	a1, 0xfc
 100535c: 01812503     	lw	a0, 0x18(sp)
 1005360: 01800637     	lui	a2, 0x1800
 1005364: 70160613     	addi	a2, a2, 0x701
 1005368: 000700e7     	jalr	a4
 100536c: 00050663     	beqz	a0, 0x1005378 <processMarkers+0xa44>
 1005370: 018005b7     	lui	a1, 0x1800
 1005374: 6ca58023     	sb	a0, 0x6c0(a1)
 1005378: 701bc603     	lbu	a2, 0x701(s7)
 100537c: 018013b7     	lui	t2, 0x1801
 1005380: f8438393     	addi	t2, t2, -0x7c
 1005384: 08060c63     	beqz	a2, 0x100541c <processMarkers+0xae8>
 1005388: 703c4503     	lbu	a0, 0x703(s8)
 100538c: fff60613     	addi	a2, a2, -0x1
 1005390: 00a385b3     	add	a1, t2, a0
 1005394: 0005c583     	lbu	a1, 0x0(a1)
 1005398: 70cb80a3     	sb	a2, 0x701(s7)
 100539c: 00150513     	addi	a0, a0, 0x1
 10053a0: 70ac01a3     	sb	a0, 0x703(s8)
 10053a4: 704ad603     	lhu	a2, 0x704(s5)
 10053a8: 700a4503     	lbu	a0, 0x700(s4)
 10053ac: 0ff5f593     	andi	a1, a1, 0xff
 10053b0: 00b665b3     	or	a1, a2, a1
 10053b4: 40a98633     	sub	a2, s3, a0
 10053b8: 00c595b3     	sll	a1, a1, a2
 10053bc: 00c0006f     	j	0x10053c8 <processMarkers+0xa94>
 10053c0: ff850513     	addi	a0, a0, -0x8
 10053c4: 00849593     	slli	a1, s1, 0x8
 10053c8: 00010637     	lui	a2, 0x10
 10053cc: f0060613     	addi	a2, a2, -0x100
 10053d0: 00cdf633     	and	a2, s11, a2
 10053d4: 70ba9223     	sh	a1, 0x704(s5)
 10053d8: 70aa0023     	sb	a0, 0x700(s4)
 10053dc: 0084d493     	srli	s1, s1, 0x8
 10053e0: 009664b3     	or	s1, a2, s1
 10053e4: 00058d93     	mv	s11, a1
 10053e8: 009d1023     	sh	s1, 0x0(s10)
 10053ec: 002d0d13     	addi	s10, s10, 0x2
 10053f0: e68d14e3     	bne	s10, s0, 0x1005258 <processMarkers+0x924>
 10053f4: 04c0006f     	j	0x1005440 <processMarkers+0xb0c>
 10053f8: 01800637     	lui	a2, 0x1800
 10053fc: 70264503     	lbu	a0, 0x702(a2)
 1005400: fff54593     	not	a1, a0
 1005404: 70b60123     	sb	a1, 0x702(a2)
 1005408: f0150513     	addi	a0, a0, -0xff
 100540c: 00153513     	seqz	a0, a0
 1005410: fff50513     	addi	a0, a0, -0x1
 1005414: fd956593     	ori	a1, a0, -0x27
 1005418: ec5ff06f     	j	0x10052dc <processMarkers+0x9a8>
 100541c: 01800637     	lui	a2, 0x1800
 1005420: 70264503     	lbu	a0, 0x702(a2)
 1005424: fff54593     	not	a1, a0
 1005428: 70b60123     	sb	a1, 0x702(a2)
 100542c: f0150513     	addi	a0, a0, -0xff
 1005430: 00153513     	seqz	a0, a0
 1005434: fff50513     	addi	a0, a0, -0x1
 1005438: fd956593     	ori	a1, a0, -0x27
 100543c: f69ff06f     	j	0x10053a4 <processMarkers+0xa70>
 1005440: 0100f737     	lui	a4, 0x100f
 1005444: 74c70713     	addi	a4, a4, 0x74c
 1005448: 00070593     	mv	a1, a4
 100544c: 01012403     	lw	s0, 0x10(sp)
 1005450: 00091603     	lh	a2, 0x0(s2)
 1005454: 0005c683     	lbu	a3, 0x0(a1)
 1005458: 02c68633     	mul	a2, a3, a2
 100545c: 00460613     	addi	a2, a2, 0x4
 1005460: 00365613     	srli	a2, a2, 0x3
 1005464: 00c91023     	sh	a2, 0x0(s2)
 1005468: 00158593     	addi	a1, a1, 0x1
 100546c: 04070613     	addi	a2, a4, 0x40
 1005470: 00290913     	addi	s2, s2, 0x2
 1005474: fcc59ee3     	bne	a1, a2, 0x1005450 <processMarkers+0xb1c>
 1005478: 04100593     	li	a1, 0x41
 100547c: 00c12483     	lw	s1, 0xc(sp)
 1005480: 0ff00d13     	li	s10, 0xff
 1005484: 01000613     	li	a2, 0x10
 1005488: 00cce463     	bltu	s9, a2, 0x1005490 <processMarkers+0xb5c>
 100548c: 08100593     	li	a1, 0x81
 1005490: 01041613     	slli	a2, s0, 0x10
 1005494: 01065613     	srli	a2, a2, 0x10
 1005498: 02c10913     	addi	s2, sp, 0x2c
 100549c: 00200c93     	li	s9, 0x2
 10054a0: d0b66863     	bltu	a2, a1, 0x10049b0 <processMarkers+0x7c>
 10054a4: 40b40433     	sub	s0, s0, a1
 10054a8: 01041593     	slli	a1, s0, 0x10
 10054ac: c8059ae3     	bnez	a1, 0x1005140 <processMarkers+0x80c>
 10054b0: d00ff06f     	j	0x10049b0 <processMarkers+0x7c>
 10054b4: 01800637     	lui	a2, 0x1800
 10054b8: 70264503     	lbu	a0, 0x702(a2)
 10054bc: fff54593     	not	a1, a0
 10054c0: 70b60123     	sb	a1, 0x702(a2)
 10054c4: f0150513     	addi	a0, a0, -0xff
 10054c8: 00153513     	seqz	a0, a0
 10054cc: fff50513     	addi	a0, a0, -0x1
 10054d0: fd956593     	ori	a1, a0, -0x27
 10054d4: cf1ff06f     	j	0x10051c4 <processMarkers+0x890>
 10054d8: 00000513     	li	a0, 0x0
 10054dc: 00c48023     	sb	a2, 0x0(s1)
 10054e0: 0080006f     	j	0x10054e8 <processMarkers+0xbb4>
 10054e4: 01200513     	li	a0, 0x12
 10054e8: 05c12083     	lw	ra, 0x5c(sp)
 10054ec: 05812403     	lw	s0, 0x58(sp)
 10054f0: 05412483     	lw	s1, 0x54(sp)
 10054f4: 05012903     	lw	s2, 0x50(sp)
 10054f8: 04c12983     	lw	s3, 0x4c(sp)
 10054fc: 04812a03     	lw	s4, 0x48(sp)
 1005500: 04412a83     	lw	s5, 0x44(sp)
 1005504: 04012b03     	lw	s6, 0x40(sp)
 1005508: 03c12b83     	lw	s7, 0x3c(sp)
 100550c: 03812c03     	lw	s8, 0x38(sp)
 1005510: 03412c83     	lw	s9, 0x34(sp)
 1005514: 03012d03     	lw	s10, 0x30(sp)
 1005518: 02c12d83     	lw	s11, 0x2c(sp)
 100551c: 06010113     	addi	sp, sp, 0x60
 1005520: 00008067     	ret
 1005524: 01100513     	li	a0, 0x11
 1005528: fc1ff06f     	j	0x10054e8 <processMarkers+0xbb4>

0100552c <fixInBuffer>:
 100552c: ff010113     	addi	sp, sp, -0x10
 1005530: 00112623     	sw	ra, 0xc(sp)
 1005534: 00812423     	sw	s0, 0x8(sp)
 1005538: 00912223     	sw	s1, 0x4(sp)
 100553c: 018004b7     	lui	s1, 0x1800
 1005540: 7004c803     	lbu	a6, 0x700(s1)
 1005544: 01800437     	lui	s0, 0x1800
 1005548: 70445503     	lhu	a0, 0x704(s0)
 100554c: 018006b7     	lui	a3, 0x1800
 1005550: 7036c783     	lbu	a5, 0x703(a3)
 1005554: 018005b7     	lui	a1, 0x1800
 1005558: 7015c603     	lbu	a2, 0x701(a1)
 100555c: 01801737     	lui	a4, 0x1801
 1005560: f8470713     	addi	a4, a4, -0x7c
 1005564: 00080c63     	beqz	a6, 0x100557c <fixInBuffer+0x50>
 1005568: fff78793     	addi	a5, a5, -0x1
 100556c: 0ff7f813     	andi	a6, a5, 0xff
 1005570: 01070833     	add	a6, a4, a6
 1005574: 00a80023     	sb	a0, 0x0(a6)
 1005578: 00160613     	addi	a2, a2, 0x1
 100557c: 00855813     	srli	a6, a0, 0x8
 1005580: fff78793     	addi	a5, a5, -0x1
 1005584: 70f681a3     	sb	a5, 0x703(a3)
 1005588: 0ff7f693     	andi	a3, a5, 0xff
 100558c: 00d706b3     	add	a3, a4, a3
 1005590: 01068023     	sb	a6, 0x0(a3)
 1005594: 00160613     	addi	a2, a2, 0x1
 1005598: 70c580a3     	sb	a2, 0x701(a1)
 100559c: 00851513     	slli	a0, a0, 0x8
 10055a0: 70048023     	sb	zero, 0x700(s1)
 10055a4: 70a41223     	sh	a0, 0x704(s0)
 10055a8: 00100513     	li	a0, 0x1
 10055ac: bf1fe0ef     	jal	0x100419c <getOctet>
 10055b0: 70441583     	lh	a1, 0x704(s0)
 10055b4: 7004c603     	lbu	a2, 0x700(s1)
 10055b8: 00a5e533     	or	a0, a1, a0
 10055bc: 00800593     	li	a1, 0x8
 10055c0: 40c585b3     	sub	a1, a1, a2
 10055c4: 00b51533     	sll	a0, a0, a1
 10055c8: 70a41223     	sh	a0, 0x704(s0)
 10055cc: 00c12083     	lw	ra, 0xc(sp)
 10055d0: 00812403     	lw	s0, 0x8(sp)
 10055d4: 00412483     	lw	s1, 0x4(sp)
 10055d8: 01010113     	addi	sp, sp, 0x10
 10055dc: 00008067     	ret

010055e0 <exit>:
 10055e0: 1141         	addi	sp, sp, -0x10
 10055e2: 4581         	li	a1, 0x0
 10055e4: c422         	sw	s0, 0x8(sp)
 10055e6: c606         	sw	ra, 0xc(sp)
 10055e8: 842a         	mv	s0, a0
 10055ea: 202d         	jal	0x1005614 <__call_exitprocs>
 10055ec: 018007b7     	lui	a5, 0x1800
 10055f0: 71c7a783     	lw	a5, 0x71c(a5)
 10055f4: c391         	beqz	a5, 0x10055f8 <exit+0x18>
 10055f6: 9782         	jalr	a5
 10055f8: 8522         	mv	a0, s0
 10055fa: 387060ef     	jal	0x100c180 <_exit>

010055fe <register_fini>:
 10055fe: 000007b7     	lui	a5, 0x0
 1005602: 00078793     	mv	a5, a5
 1005606: c791         	beqz	a5, 0x1005612 <register_fini+0x14>
 1005608: 0100c537     	lui	a0, 0x100c
 100560c: d9e50513     	addi	a0, a0, -0x262
 1005610: a8d9         	j	0x10056e6 <atexit>
 1005612: 8082         	ret

01005614 <__call_exitprocs>:
 1005614: 7179         	addi	sp, sp, -0x30
 1005616: cc52         	sw	s4, 0x18(sp)
 1005618: 01800a37     	lui	s4, 0x1800
 100561c: d04a         	sw	s2, 0x20(sp)
 100561e: 718a2903     	lw	s2, 0x718(s4)
 1005622: d606         	sw	ra, 0x2c(sp)
 1005624: 06090c63     	beqz	s2, 0x100569c <__call_exitprocs+0x88>
 1005628: ce4e         	sw	s3, 0x1c(sp)
 100562a: ca56         	sw	s5, 0x14(sp)
 100562c: c85a         	sw	s6, 0x10(sp)
 100562e: c65e         	sw	s7, 0xc(sp)
 1005630: d422         	sw	s0, 0x28(sp)
 1005632: d226         	sw	s1, 0x24(sp)
 1005634: c462         	sw	s8, 0x8(sp)
 1005636: 8b2a         	mv	s6, a0
 1005638: 8bae         	mv	s7, a1
 100563a: 59fd         	li	s3, -0x1
 100563c: 4a85         	li	s5, 0x1
 100563e: 00492483     	lw	s1, 0x4(s2)
 1005642: fff48413     	addi	s0, s1, -0x1
 1005646: 04044463     	bltz	s0, 0x100568e <__call_exitprocs+0x7a>
 100564a: 048a         	slli	s1, s1, 0x2
 100564c: 94ca         	add	s1, s1, s2
 100564e: 040b9c63     	bnez	s7, 0x10056a6 <__call_exitprocs+0x92>
 1005652: 00492783     	lw	a5, 0x4(s2)
 1005656: 40d4         	lw	a3, 0x4(s1)
 1005658: 17fd         	addi	a5, a5, -0x1
 100565a: 08878063     	beq	a5, s0, 0x10056da <__call_exitprocs+0xc6>
 100565e: 0004a223     	sw	zero, 0x4(s1)
 1005662: c295         	beqz	a3, 0x1005686 <__call_exitprocs+0x72>
 1005664: 18892783     	lw	a5, 0x188(s2)
 1005668: 008a9733     	sll	a4, s5, s0
 100566c: 00492c03     	lw	s8, 0x4(s2)
 1005670: 8ff9         	and	a5, a5, a4
 1005672: e3b9         	bnez	a5, 0x10056b8 <__call_exitprocs+0xa4>
 1005674: 9682         	jalr	a3
 1005676: 00492703     	lw	a4, 0x4(s2)
 100567a: 718a2783     	lw	a5, 0x718(s4)
 100567e: 05871b63     	bne	a4, s8, 0x10056d4 <__call_exitprocs+0xc0>
 1005682: 05279963     	bne	a5, s2, 0x10056d4 <__call_exitprocs+0xc0>
 1005686: 147d         	addi	s0, s0, -0x1
 1005688: 14f1         	addi	s1, s1, -0x4
 100568a: fd3412e3     	bne	s0, s3, 0x100564e <__call_exitprocs+0x3a>
 100568e: 5422         	lw	s0, 0x28(sp)
 1005690: 5492         	lw	s1, 0x24(sp)
 1005692: 49f2         	lw	s3, 0x1c(sp)
 1005694: 4ad2         	lw	s5, 0x14(sp)
 1005696: 4b42         	lw	s6, 0x10(sp)
 1005698: 4bb2         	lw	s7, 0xc(sp)
 100569a: 4c22         	lw	s8, 0x8(sp)
 100569c: 50b2         	lw	ra, 0x2c(sp)
 100569e: 5902         	lw	s2, 0x20(sp)
 10056a0: 4a62         	lw	s4, 0x18(sp)
 10056a2: 6145         	addi	sp, sp, 0x30
 10056a4: 8082         	ret
 10056a6: 1044a783     	lw	a5, 0x104(s1)
 10056aa: fb7784e3     	beq	a5, s7, 0x1005652 <__call_exitprocs+0x3e>
 10056ae: 147d         	addi	s0, s0, -0x1
 10056b0: 14f1         	addi	s1, s1, -0x4
 10056b2: ff341ae3     	bne	s0, s3, 0x10056a6 <__call_exitprocs+0x92>
 10056b6: bfe1         	j	0x100568e <__call_exitprocs+0x7a>
 10056b8: 18c92783     	lw	a5, 0x18c(s2)
 10056bc: 0844a583     	lw	a1, 0x84(s1)
 10056c0: 8f7d         	and	a4, a4, a5
 10056c2: ef19         	bnez	a4, 0x10056e0 <__call_exitprocs+0xcc>
 10056c4: 855a         	mv	a0, s6
 10056c6: 9682         	jalr	a3
 10056c8: 00492703     	lw	a4, 0x4(s2)
 10056cc: 718a2783     	lw	a5, 0x718(s4)
 10056d0: fb8709e3     	beq	a4, s8, 0x1005682 <__call_exitprocs+0x6e>
 10056d4: dfcd         	beqz	a5, 0x100568e <__call_exitprocs+0x7a>
 10056d6: 893e         	mv	s2, a5
 10056d8: b79d         	j	0x100563e <__call_exitprocs+0x2a>
 10056da: 00892223     	sw	s0, 0x4(s2)
 10056de: b751         	j	0x1005662 <__call_exitprocs+0x4e>
 10056e0: 852e         	mv	a0, a1
 10056e2: 9682         	jalr	a3
 10056e4: bf49         	j	0x1005676 <__call_exitprocs+0x62>

010056e6 <atexit>:
 10056e6: 85aa         	mv	a1, a0
 10056e8: 4681         	li	a3, 0x0
 10056ea: 4601         	li	a2, 0x0
 10056ec: 4501         	li	a0, 0x0
 10056ee: a009         	j	0x10056f0 <__register_exitproc>

010056f0 <__register_exitproc>:
 10056f0: 01800737     	lui	a4, 0x1800
 10056f4: 71872783     	lw	a5, 0x718(a4)
 10056f8: c3a1         	beqz	a5, 0x1005738 <__register_exitproc+0x48>
 10056fa: 43d8         	lw	a4, 0x4(a5)
 10056fc: 487d         	li	a6, 0x1f
 10056fe: 06e84163     	blt	a6, a4, 0x1005760 <__register_exitproc+0x70>
 1005702: 00271813     	slli	a6, a4, 0x2
 1005706: c11d         	beqz	a0, 0x100572c <__register_exitproc+0x3c>
 1005708: 01078333     	add	t1, a5, a6
 100570c: 08c32423     	sw	a2, 0x88(t1)
 1005710: 1887a883     	lw	a7, 0x188(a5)
 1005714: 4605         	li	a2, 0x1
 1005716: 00e61633     	sll	a2, a2, a4
 100571a: 00c8e8b3     	or	a7, a7, a2
 100571e: 1917a423     	sw	a7, 0x188(a5)
 1005722: 10d32423     	sw	a3, 0x108(t1)
 1005726: 4689         	li	a3, 0x2
 1005728: 02d50163     	beq	a0, a3, 0x100574a <__register_exitproc+0x5a>
 100572c: 0705         	addi	a4, a4, 0x1
 100572e: c3d8         	sw	a4, 0x4(a5)
 1005730: 97c2         	add	a5, a5, a6
 1005732: c78c         	sw	a1, 0x8(a5)
 1005734: 4501         	li	a0, 0x0
 1005736: 8082         	ret
 1005738: 018017b7     	lui	a5, 0x1801
 100573c: 08478813     	addi	a6, a5, 0x84
 1005740: 71072c23     	sw	a6, 0x718(a4)
 1005744: 08478793     	addi	a5, a5, 0x84
 1005748: bf4d         	j	0x10056fa <__register_exitproc+0xa>
 100574a: 18c7a683     	lw	a3, 0x18c(a5)
 100574e: 0705         	addi	a4, a4, 0x1
 1005750: c3d8         	sw	a4, 0x4(a5)
 1005752: 8ed1         	or	a3, a3, a2
 1005754: 18d7a623     	sw	a3, 0x18c(a5)
 1005758: 97c2         	add	a5, a5, a6
 100575a: c78c         	sw	a1, 0x8(a5)
 100575c: 4501         	li	a0, 0x0
 100575e: 8082         	ret
 1005760: 557d         	li	a0, -0x1
 1005762: 8082         	ret

01005764 <stdio_exit_handler>:
 1005764: 01800637     	lui	a2, 0x1800
 1005768: 010065b7     	lui	a1, 0x1006
 100576c: 01800537     	lui	a0, 0x1800
 1005770: 00860613     	addi	a2, a2, 0x8
 1005774: 92058593     	addi	a1, a1, -0x6e0
 1005778: 58850513     	addi	a0, a0, 0x588
 100577c: 4cd0006f     	j	0x1006448 <_fwalk_sglue>

01005780 <cleanup_stdio>:
 1005780: 414c         	lw	a1, 0x4(a0)
 1005782: 1141         	addi	sp, sp, -0x10
 1005784: 018017b7     	lui	a5, 0x1801
 1005788: c422         	sw	s0, 0x8(sp)
 100578a: c606         	sw	ra, 0xc(sp)
 100578c: 21478793     	addi	a5, a5, 0x214
 1005790: 842a         	mv	s0, a0
 1005792: 00f58363     	beq	a1, a5, 0x1005798 <cleanup_stdio+0x18>
 1005796: 2269         	jal	0x1005920 <_fclose_r>
 1005798: 440c         	lw	a1, 0x8(s0)
 100579a: 018017b7     	lui	a5, 0x1801
 100579e: 27c78793     	addi	a5, a5, 0x27c
 10057a2: 00f58463     	beq	a1, a5, 0x10057aa <cleanup_stdio+0x2a>
 10057a6: 8522         	mv	a0, s0
 10057a8: 2aa5         	jal	0x1005920 <_fclose_r>
 10057aa: 444c         	lw	a1, 0xc(s0)
 10057ac: 018017b7     	lui	a5, 0x1801
 10057b0: 2e478793     	addi	a5, a5, 0x2e4
 10057b4: 00f58763     	beq	a1, a5, 0x10057c2 <cleanup_stdio+0x42>
 10057b8: 8522         	mv	a0, s0
 10057ba: 4422         	lw	s0, 0x8(sp)
 10057bc: 40b2         	lw	ra, 0xc(sp)
 10057be: 0141         	addi	sp, sp, 0x10
 10057c0: a285         	j	0x1005920 <_fclose_r>
 10057c2: 40b2         	lw	ra, 0xc(sp)
 10057c4: 4422         	lw	s0, 0x8(sp)
 10057c6: 0141         	addi	sp, sp, 0x10
 10057c8: 8082         	ret

010057ca <global_stdio_init.part.0>:
 10057ca: 1101         	addi	sp, sp, -0x20
 10057cc: 010057b7     	lui	a5, 0x1005
 10057d0: cc22         	sw	s0, 0x18(sp)
 10057d2: 01800737     	lui	a4, 0x1800
 10057d6: 76478793     	addi	a5, a5, 0x764
 10057da: 01801437     	lui	s0, 0x1801
 10057de: 01801537     	lui	a0, 0x1801
 10057e2: 21440413     	addi	s0, s0, 0x214
 10057e6: ce06         	sw	ra, 0x1c(sp)
 10057e8: ca26         	sw	s1, 0x14(sp)
 10057ea: c84a         	sw	s2, 0x10(sp)
 10057ec: c64e         	sw	s3, 0xc(sp)
 10057ee: c452         	sw	s4, 0x8(sp)
 10057f0: 70f72e23     	sw	a5, 0x71c(a4)
 10057f4: 4621         	li	a2, 0x8
 10057f6: 4791         	li	a5, 0x4
 10057f8: 4581         	li	a1, 0x0
 10057fa: 27050513     	addi	a0, a0, 0x270
 10057fe: c45c         	sw	a5, 0xc(s0)
 1005800: 00042023     	sw	zero, 0x0(s0)
 1005804: 00042223     	sw	zero, 0x4(s0)
 1005808: 00042423     	sw	zero, 0x8(s0)
 100580c: 06042223     	sw	zero, 0x64(s0)
 1005810: 00042823     	sw	zero, 0x10(s0)
 1005814: 00042a23     	sw	zero, 0x14(s0)
 1005818: 00042c23     	sw	zero, 0x18(s0)
 100581c: 686060ef     	jal	0x100bea2 <memset>
 1005820: 67c1         	lui	a5, 0x10
 1005822: 0100ba37     	lui	s4, 0x100b
 1005826: 0100b9b7     	lui	s3, 0x100b
 100582a: 0100b937     	lui	s2, 0x100b
 100582e: 0100b4b7     	lui	s1, 0x100b
 1005832: 01801537     	lui	a0, 0x1801
 1005836: 6bea0a13     	addi	s4, s4, 0x6be
 100583a: 6f498993     	addi	s3, s3, 0x6f4
 100583e: 74490913     	addi	s2, s2, 0x744
 1005842: 78c48493     	addi	s1, s1, 0x78c
 1005846: 07a5         	addi	a5, a5, 0x9
 1005848: 4621         	li	a2, 0x8
 100584a: 4581         	li	a1, 0x0
 100584c: 2d850513     	addi	a0, a0, 0x2d8
 1005850: 03442023     	sw	s4, 0x20(s0)
 1005854: 03342223     	sw	s3, 0x24(s0)
 1005858: 03242423     	sw	s2, 0x28(s0)
 100585c: d444         	sw	s1, 0x2c(s0)
 100585e: d87c         	sw	a5, 0x74(s0)
 1005860: cc40         	sw	s0, 0x1c(s0)
 1005862: 06042423     	sw	zero, 0x68(s0)
 1005866: 06042623     	sw	zero, 0x6c(s0)
 100586a: 06042823     	sw	zero, 0x70(s0)
 100586e: 0c042623     	sw	zero, 0xcc(s0)
 1005872: 06042c23     	sw	zero, 0x78(s0)
 1005876: 06042e23     	sw	zero, 0x7c(s0)
 100587a: 08042023     	sw	zero, 0x80(s0)
 100587e: 624060ef     	jal	0x100bea2 <memset>
 1005882: 000207b7     	lui	a5, 0x20
 1005886: 01801537     	lui	a0, 0x1801
 100588a: 01801737     	lui	a4, 0x1801
 100588e: 07c9         	addi	a5, a5, 0x12
 1005890: 27c70713     	addi	a4, a4, 0x27c
 1005894: 4621         	li	a2, 0x8
 1005896: 4581         	li	a1, 0x0
 1005898: 34050513     	addi	a0, a0, 0x340
 100589c: 09442423     	sw	s4, 0x88(s0)
 10058a0: 09342623     	sw	s3, 0x8c(s0)
 10058a4: 09242823     	sw	s2, 0x90(s0)
 10058a8: 08942a23     	sw	s1, 0x94(s0)
 10058ac: 0cf42e23     	sw	a5, 0xdc(s0)
 10058b0: 08e42223     	sw	a4, 0x84(s0)
 10058b4: 0c042823     	sw	zero, 0xd0(s0)
 10058b8: 0c042a23     	sw	zero, 0xd4(s0)
 10058bc: 0c042c23     	sw	zero, 0xd8(s0)
 10058c0: 12042a23     	sw	zero, 0x134(s0)
 10058c4: 0e042023     	sw	zero, 0xe0(s0)
 10058c8: 0e042223     	sw	zero, 0xe4(s0)
 10058cc: 0e042423     	sw	zero, 0xe8(s0)
 10058d0: 5d2060ef     	jal	0x100bea2 <memset>
 10058d4: 018017b7     	lui	a5, 0x1801
 10058d8: 2e478793     	addi	a5, a5, 0x2e4
 10058dc: 0f442823     	sw	s4, 0xf0(s0)
 10058e0: 0f342a23     	sw	s3, 0xf4(s0)
 10058e4: 0f242c23     	sw	s2, 0xf8(s0)
 10058e8: 0e942e23     	sw	s1, 0xfc(s0)
 10058ec: 40f2         	lw	ra, 0x1c(sp)
 10058ee: 0ef42623     	sw	a5, 0xec(s0)
 10058f2: 4462         	lw	s0, 0x18(sp)
 10058f4: 44d2         	lw	s1, 0x14(sp)
 10058f6: 4942         	lw	s2, 0x10(sp)
 10058f8: 49b2         	lw	s3, 0xc(sp)
 10058fa: 4a22         	lw	s4, 0x8(sp)
 10058fc: 6105         	addi	sp, sp, 0x20
 10058fe: 8082         	ret

01005900 <__sinit>:
 1005900: 595c         	lw	a5, 0x34(a0)
 1005902: c391         	beqz	a5, 0x1005906 <__sinit+0x6>
 1005904: 8082         	ret
 1005906: 018007b7     	lui	a5, 0x1800
 100590a: 71c7a703     	lw	a4, 0x71c(a5)
 100590e: 010057b7     	lui	a5, 0x1005
 1005912: 78078793     	addi	a5, a5, 0x780
 1005916: d95c         	sw	a5, 0x34(a0)
 1005918: f775         	bnez	a4, 0x1005904 <__sinit+0x4>
 100591a: bd45         	j	0x10057ca <global_stdio_init.part.0>

0100591c <__sfp_lock_acquire>:
 100591c: 8082         	ret

0100591e <__sfp_lock_release>:
 100591e: 8082         	ret

01005920 <_fclose_r>:
 1005920: 1141         	addi	sp, sp, -0x10
 1005922: c606         	sw	ra, 0xc(sp)
 1005924: c04a         	sw	s2, 0x0(sp)
 1005926: cd89         	beqz	a1, 0x1005940 <_fclose_r+0x20>
 1005928: c422         	sw	s0, 0x8(sp)
 100592a: c226         	sw	s1, 0x4(sp)
 100592c: 842e         	mv	s0, a1
 100592e: 84aa         	mv	s1, a0
 1005930: c119         	beqz	a0, 0x1005936 <_fclose_r+0x16>
 1005932: 595c         	lw	a5, 0x34(a0)
 1005934: c3c9         	beqz	a5, 0x10059b6 <_fclose_r+0x96>
 1005936: 00c41783     	lh	a5, 0xc(s0)
 100593a: eb89         	bnez	a5, 0x100594c <_fclose_r+0x2c>
 100593c: 4422         	lw	s0, 0x8(sp)
 100593e: 4492         	lw	s1, 0x4(sp)
 1005940: 40b2         	lw	ra, 0xc(sp)
 1005942: 4901         	li	s2, 0x0
 1005944: 854a         	mv	a0, s2
 1005946: 4902         	lw	s2, 0x0(sp)
 1005948: 0141         	addi	sp, sp, 0x10
 100594a: 8082         	ret
 100594c: 85a2         	mv	a1, s0
 100594e: 8526         	mv	a0, s1
 1005950: 20ad         	jal	0x10059ba <__sflush_r>
 1005952: 545c         	lw	a5, 0x2c(s0)
 1005954: 892a         	mv	s2, a0
 1005956: c791         	beqz	a5, 0x1005962 <_fclose_r+0x42>
 1005958: 4c4c         	lw	a1, 0x1c(s0)
 100595a: 8526         	mv	a0, s1
 100595c: 9782         	jalr	a5
 100595e: 04054263     	bltz	a0, 0x10059a2 <_fclose_r+0x82>
 1005962: 00c45783     	lhu	a5, 0xc(s0)
 1005966: 0807f793     	andi	a5, a5, 0x80
 100596a: e3b1         	bnez	a5, 0x10059ae <_fclose_r+0x8e>
 100596c: 580c         	lw	a1, 0x30(s0)
 100596e: c989         	beqz	a1, 0x1005980 <_fclose_r+0x60>
 1005970: 04040793     	addi	a5, s0, 0x40
 1005974: 00f58463     	beq	a1, a5, 0x100597c <_fclose_r+0x5c>
 1005978: 8526         	mv	a0, s1
 100597a: 2cf1         	jal	0x1005c56 <_free_r>
 100597c: 02042823     	sw	zero, 0x30(s0)
 1005980: 406c         	lw	a1, 0x44(s0)
 1005982: c589         	beqz	a1, 0x100598c <_fclose_r+0x6c>
 1005984: 8526         	mv	a0, s1
 1005986: 2cc1         	jal	0x1005c56 <_free_r>
 1005988: 04042223     	sw	zero, 0x44(s0)
 100598c: 3f41         	jal	0x100591c <__sfp_lock_acquire>
 100598e: 00041623     	sh	zero, 0xc(s0)
 1005992: 3771         	jal	0x100591e <__sfp_lock_release>
 1005994: 40b2         	lw	ra, 0xc(sp)
 1005996: 4422         	lw	s0, 0x8(sp)
 1005998: 4492         	lw	s1, 0x4(sp)
 100599a: 854a         	mv	a0, s2
 100599c: 4902         	lw	s2, 0x0(sp)
 100599e: 0141         	addi	sp, sp, 0x10
 10059a0: 8082         	ret
 10059a2: 00c45783     	lhu	a5, 0xc(s0)
 10059a6: 597d         	li	s2, -0x1
 10059a8: 0807f793     	andi	a5, a5, 0x80
 10059ac: d3e1         	beqz	a5, 0x100596c <_fclose_r+0x4c>
 10059ae: 480c         	lw	a1, 0x10(s0)
 10059b0: 8526         	mv	a0, s1
 10059b2: 2455         	jal	0x1005c56 <_free_r>
 10059b4: bf65         	j	0x100596c <_fclose_r+0x4c>
 10059b6: 37a9         	jal	0x1005900 <__sinit>
 10059b8: bfbd         	j	0x1005936 <_fclose_r+0x16>

010059ba <__sflush_r>:
 10059ba: 00c59703     	lh	a4, 0xc(a1)
 10059be: 1101         	addi	sp, sp, -0x20
 10059c0: cc22         	sw	s0, 0x18(sp)
 10059c2: c64e         	sw	s3, 0xc(sp)
 10059c4: ce06         	sw	ra, 0x1c(sp)
 10059c6: 00877793     	andi	a5, a4, 0x8
 10059ca: 842e         	mv	s0, a1
 10059cc: 89aa         	mv	s3, a0
 10059ce: e3f9         	bnez	a5, 0x1005a94 <__sflush_r+0xda>
 10059d0: 6785         	lui	a5, 0x1
 10059d2: 80078793     	addi	a5, a5, -0x800
 10059d6: 41d4         	lw	a3, 0x4(a1)
 10059d8: 8fd9         	or	a5, a5, a4
 10059da: 00f59623     	sh	a5, 0xc(a1)
 10059de: 10d05463     	blez	a3, 0x1005ae6 <__sflush_r+0x12c>
 10059e2: 02842803     	lw	a6, 0x28(s0)
 10059e6: 0a080163     	beqz	a6, 0x1005a88 <__sflush_r+0xce>
 10059ea: ca26         	sw	s1, 0x14(sp)
 10059ec: 01371693     	slli	a3, a4, 0x13
 10059f0: 0009a483     	lw	s1, 0x0(s3)
 10059f4: 0009a023     	sw	zero, 0x0(s3)
 10059f8: 4c4c         	lw	a1, 0x1c(s0)
 10059fa: 0e06cd63     	bltz	a3, 0x1005af4 <__sflush_r+0x13a>
 10059fe: 4601         	li	a2, 0x0
 1005a00: 4685         	li	a3, 0x1
 1005a02: 854e         	mv	a0, s3
 1005a04: 9802         	jalr	a6
 1005a06: 57fd         	li	a5, -0x1
 1005a08: 862a         	mv	a2, a0
 1005a0a: 10f50e63     	beq	a0, a5, 0x1005b26 <__sflush_r+0x16c>
 1005a0e: 00c41783     	lh	a5, 0xc(s0)
 1005a12: 02842803     	lw	a6, 0x28(s0)
 1005a16: 4c4c         	lw	a1, 0x1c(s0)
 1005a18: 8b91         	andi	a5, a5, 0x4
 1005a1a: c799         	beqz	a5, 0x1005a28 <__sflush_r+0x6e>
 1005a1c: 4058         	lw	a4, 0x4(s0)
 1005a1e: 581c         	lw	a5, 0x30(s0)
 1005a20: 8e19         	sub	a2, a2, a4
 1005a22: c399         	beqz	a5, 0x1005a28 <__sflush_r+0x6e>
 1005a24: 5c5c         	lw	a5, 0x3c(s0)
 1005a26: 8e1d         	sub	a2, a2, a5
 1005a28: 4681         	li	a3, 0x0
 1005a2a: 854e         	mv	a0, s3
 1005a2c: 9802         	jalr	a6
 1005a2e: 57fd         	li	a5, -0x1
 1005a30: 0cf51463     	bne	a0, a5, 0x1005af8 <__sflush_r+0x13e>
 1005a34: 0009a683     	lw	a3, 0x0(s3)
 1005a38: 47f5         	li	a5, 0x1d
 1005a3a: 00c41703     	lh	a4, 0xc(s0)
 1005a3e: 10d7e063     	bltu	a5, a3, 0x1005b3e <__sflush_r+0x184>
 1005a42: 204007b7     	lui	a5, 0x20400
 1005a46: 0785         	addi	a5, a5, 0x1
 1005a48: 00d7d7b3     	srl	a5, a5, a3
 1005a4c: 8b85         	andi	a5, a5, 0x1
 1005a4e: cbe5         	beqz	a5, 0x1005b3e <__sflush_r+0x184>
 1005a50: 4810         	lw	a2, 0x10(s0)
 1005a52: 77fd         	lui	a5, 0xfffff
 1005a54: 7ff78793     	addi	a5, a5, 0x7ff
 1005a58: 8ff9         	and	a5, a5, a4
 1005a5a: 00f41623     	sh	a5, 0xc(s0)
 1005a5e: 00042223     	sw	zero, 0x4(s0)
 1005a62: c010         	sw	a2, 0x0(s0)
 1005a64: 01371793     	slli	a5, a4, 0x13
 1005a68: 0007d363     	bgez	a5, 0x1005a6e <__sflush_r+0xb4>
 1005a6c: c6d5         	beqz	a3, 0x1005b18 <__sflush_r+0x15e>
 1005a6e: 580c         	lw	a1, 0x30(s0)
 1005a70: 0099a023     	sw	s1, 0x0(s3)
 1005a74: c5dd         	beqz	a1, 0x1005b22 <__sflush_r+0x168>
 1005a76: 04040793     	addi	a5, s0, 0x40
 1005a7a: 00f58463     	beq	a1, a5, 0x1005a82 <__sflush_r+0xc8>
 1005a7e: 854e         	mv	a0, s3
 1005a80: 2ad9         	jal	0x1005c56 <_free_r>
 1005a82: 44d2         	lw	s1, 0x14(sp)
 1005a84: 02042823     	sw	zero, 0x30(s0)
 1005a88: 4501         	li	a0, 0x0
 1005a8a: 40f2         	lw	ra, 0x1c(sp)
 1005a8c: 4462         	lw	s0, 0x18(sp)
 1005a8e: 49b2         	lw	s3, 0xc(sp)
 1005a90: 6105         	addi	sp, sp, 0x20
 1005a92: 8082         	ret
 1005a94: c84a         	sw	s2, 0x10(sp)
 1005a96: 0105a903     	lw	s2, 0x10(a1)
 1005a9a: 04090b63     	beqz	s2, 0x1005af0 <__sflush_r+0x136>
 1005a9e: ca26         	sw	s1, 0x14(sp)
 1005aa0: 4184         	lw	s1, 0x0(a1)
 1005aa2: 8b0d         	andi	a4, a4, 0x3
 1005aa4: 0125a023     	sw	s2, 0x0(a1)
 1005aa8: 412484b3     	sub	s1, s1, s2
 1005aac: 4781         	li	a5, 0x0
 1005aae: e311         	bnez	a4, 0x1005ab2 <__sflush_r+0xf8>
 1005ab0: 49dc         	lw	a5, 0x14(a1)
 1005ab2: c41c         	sw	a5, 0x8(s0)
 1005ab4: 00904663     	bgtz	s1, 0x1005ac0 <__sflush_r+0x106>
 1005ab8: a81d         	j	0x1005aee <__sflush_r+0x134>
 1005aba: 992a         	add	s2, s2, a0
 1005abc: 02905963     	blez	s1, 0x1005aee <__sflush_r+0x134>
 1005ac0: 505c         	lw	a5, 0x24(s0)
 1005ac2: 4c4c         	lw	a1, 0x1c(s0)
 1005ac4: 86a6         	mv	a3, s1
 1005ac6: 864a         	mv	a2, s2
 1005ac8: 854e         	mv	a0, s3
 1005aca: 9782         	jalr	a5
 1005acc: 8c89         	sub	s1, s1, a0
 1005ace: fea046e3     	bgtz	a0, 0x1005aba <__sflush_r+0x100>
 1005ad2: 00c41703     	lh	a4, 0xc(s0)
 1005ad6: 4942         	lw	s2, 0x10(sp)
 1005ad8: 04076713     	ori	a4, a4, 0x40
 1005adc: 44d2         	lw	s1, 0x14(sp)
 1005ade: 00e41623     	sh	a4, 0xc(s0)
 1005ae2: 557d         	li	a0, -0x1
 1005ae4: b75d         	j	0x1005a8a <__sflush_r+0xd0>
 1005ae6: 5dd4         	lw	a3, 0x3c(a1)
 1005ae8: eed04de3     	bgtz	a3, 0x10059e2 <__sflush_r+0x28>
 1005aec: bf71         	j	0x1005a88 <__sflush_r+0xce>
 1005aee: 44d2         	lw	s1, 0x14(sp)
 1005af0: 4942         	lw	s2, 0x10(sp)
 1005af2: bf59         	j	0x1005a88 <__sflush_r+0xce>
 1005af4: 4830         	lw	a2, 0x50(s0)
 1005af6: b70d         	j	0x1005a18 <__sflush_r+0x5e>
 1005af8: 00c41703     	lh	a4, 0xc(s0)
 1005afc: 4814         	lw	a3, 0x10(s0)
 1005afe: 77fd         	lui	a5, 0xfffff
 1005b00: 7ff78793     	addi	a5, a5, 0x7ff
 1005b04: 8ff9         	and	a5, a5, a4
 1005b06: 00f41623     	sh	a5, 0xc(s0)
 1005b0a: 00042223     	sw	zero, 0x4(s0)
 1005b0e: c014         	sw	a3, 0x0(s0)
 1005b10: 01371793     	slli	a5, a4, 0x13
 1005b14: f407dde3     	bgez	a5, 0x1005a6e <__sflush_r+0xb4>
 1005b18: 580c         	lw	a1, 0x30(s0)
 1005b1a: c828         	sw	a0, 0x50(s0)
 1005b1c: 0099a023     	sw	s1, 0x0(s3)
 1005b20: f9b9         	bnez	a1, 0x1005a76 <__sflush_r+0xbc>
 1005b22: 44d2         	lw	s1, 0x14(sp)
 1005b24: b795         	j	0x1005a88 <__sflush_r+0xce>
 1005b26: 0009a783     	lw	a5, 0x0(s3)
 1005b2a: ee0782e3     	beqz	a5, 0x1005a0e <__sflush_r+0x54>
 1005b2e: 4775         	li	a4, 0x1d
 1005b30: 00e78a63     	beq	a5, a4, 0x1005b44 <__sflush_r+0x18a>
 1005b34: 4759         	li	a4, 0x16
 1005b36: 00e78763     	beq	a5, a4, 0x1005b44 <__sflush_r+0x18a>
 1005b3a: 00c41703     	lh	a4, 0xc(s0)
 1005b3e: 04076713     	ori	a4, a4, 0x40
 1005b42: bf69         	j	0x1005adc <__sflush_r+0x122>
 1005b44: 0099a023     	sw	s1, 0x0(s3)
 1005b48: 44d2         	lw	s1, 0x14(sp)
 1005b4a: bf3d         	j	0x1005a88 <__sflush_r+0xce>

01005b4c <_fflush_r>:
 1005b4c: 1101         	addi	sp, sp, -0x20
 1005b4e: cc22         	sw	s0, 0x18(sp)
 1005b50: ce06         	sw	ra, 0x1c(sp)
 1005b52: 842a         	mv	s0, a0
 1005b54: c119         	beqz	a0, 0x1005b5a <_fflush_r+0xe>
 1005b56: 595c         	lw	a5, 0x34(a0)
 1005b58: cf91         	beqz	a5, 0x1005b74 <_fflush_r+0x28>
 1005b5a: 00c59783     	lh	a5, 0xc(a1)
 1005b5e: e791         	bnez	a5, 0x1005b6a <_fflush_r+0x1e>
 1005b60: 40f2         	lw	ra, 0x1c(sp)
 1005b62: 4462         	lw	s0, 0x18(sp)
 1005b64: 4501         	li	a0, 0x0
 1005b66: 6105         	addi	sp, sp, 0x20
 1005b68: 8082         	ret
 1005b6a: 8522         	mv	a0, s0
 1005b6c: 4462         	lw	s0, 0x18(sp)
 1005b6e: 40f2         	lw	ra, 0x1c(sp)
 1005b70: 6105         	addi	sp, sp, 0x20
 1005b72: b5a1         	j	0x10059ba <__sflush_r>
 1005b74: c62e         	sw	a1, 0xc(sp)
 1005b76: 3369         	jal	0x1005900 <__sinit>
 1005b78: 45b2         	lw	a1, 0xc(sp)
 1005b7a: b7c5         	j	0x1005b5a <_fflush_r+0xe>

01005b7c <_malloc_trim_r>:
 1005b7c: 1101         	addi	sp, sp, -0x20
 1005b7e: c64e         	sw	s3, 0xc(sp)
 1005b80: 018009b7     	lui	s3, 0x1800
 1005b84: cc22         	sw	s0, 0x18(sp)
 1005b86: ca26         	sw	s1, 0x14(sp)
 1005b88: c84a         	sw	s2, 0x10(sp)
 1005b8a: c452         	sw	s4, 0x8(sp)
 1005b8c: ce06         	sw	ra, 0x1c(sp)
 1005b8e: 8a2e         	mv	s4, a1
 1005b90: 892a         	mv	s2, a0
 1005b92: 01498993     	addi	s3, s3, 0x14
 1005b96: 0af000ef     	jal	0x1006444 <__malloc_lock>
 1005b9a: 0089a703     	lw	a4, 0x8(s3)
 1005b9e: 6785         	lui	a5, 0x1
 1005ba0: 17bd         	addi	a5, a5, -0x11
 1005ba2: 4344         	lw	s1, 0x4(a4)
 1005ba4: 6705         	lui	a4, 0x1
 1005ba6: 98f1         	andi	s1, s1, -0x4
 1005ba8: 00f48433     	add	s0, s1, a5
 1005bac: 41440433     	sub	s0, s0, s4
 1005bb0: 8031         	srli	s0, s0, 0xc
 1005bb2: 147d         	addi	s0, s0, -0x1
 1005bb4: 0432         	slli	s0, s0, 0xc
 1005bb6: 00e44b63     	blt	s0, a4, 0x1005bcc <_malloc_trim_r+0x50>
 1005bba: 4581         	li	a1, 0x0
 1005bbc: 854a         	mv	a0, s2
 1005bbe: 15c060ef     	jal	0x100bd1a <_sbrk_r>
 1005bc2: 0089a783     	lw	a5, 0x8(s3)
 1005bc6: 97a6         	add	a5, a5, s1
 1005bc8: 00f50e63     	beq	a0, a5, 0x1005be4 <_malloc_trim_r+0x68>
 1005bcc: 854a         	mv	a0, s2
 1005bce: 079000ef     	jal	0x1006446 <__malloc_unlock>
 1005bd2: 40f2         	lw	ra, 0x1c(sp)
 1005bd4: 4462         	lw	s0, 0x18(sp)
 1005bd6: 44d2         	lw	s1, 0x14(sp)
 1005bd8: 4942         	lw	s2, 0x10(sp)
 1005bda: 49b2         	lw	s3, 0xc(sp)
 1005bdc: 4a22         	lw	s4, 0x8(sp)
 1005bde: 4501         	li	a0, 0x0
 1005be0: 6105         	addi	sp, sp, 0x20
 1005be2: 8082         	ret
 1005be4: 408005b3     	neg	a1, s0
 1005be8: 854a         	mv	a0, s2
 1005bea: 130060ef     	jal	0x100bd1a <_sbrk_r>
 1005bee: 57fd         	li	a5, -0x1
 1005bf0: 02f50b63     	beq	a0, a5, 0x1005c26 <_malloc_trim_r+0xaa>
 1005bf4: 018017b7     	lui	a5, 0x1801
 1005bf8: 34c78793     	addi	a5, a5, 0x34c
 1005bfc: 4398         	lw	a4, 0x0(a5)
 1005bfe: 0089a683     	lw	a3, 0x8(s3)
 1005c02: 8c81         	sub	s1, s1, s0
 1005c04: 0014e493     	ori	s1, s1, 0x1
 1005c08: 8f01         	sub	a4, a4, s0
 1005c0a: 854a         	mv	a0, s2
 1005c0c: c2c4         	sw	s1, 0x4(a3)
 1005c0e: c398         	sw	a4, 0x0(a5)
 1005c10: 037000ef     	jal	0x1006446 <__malloc_unlock>
 1005c14: 40f2         	lw	ra, 0x1c(sp)
 1005c16: 4462         	lw	s0, 0x18(sp)
 1005c18: 44d2         	lw	s1, 0x14(sp)
 1005c1a: 4942         	lw	s2, 0x10(sp)
 1005c1c: 49b2         	lw	s3, 0xc(sp)
 1005c1e: 4a22         	lw	s4, 0x8(sp)
 1005c20: 4505         	li	a0, 0x1
 1005c22: 6105         	addi	sp, sp, 0x20
 1005c24: 8082         	ret
 1005c26: 4581         	li	a1, 0x0
 1005c28: 854a         	mv	a0, s2
 1005c2a: 0f0060ef     	jal	0x100bd1a <_sbrk_r>
 1005c2e: 0089a703     	lw	a4, 0x8(s3)
 1005c32: 46bd         	li	a3, 0xf
 1005c34: 40e507b3     	sub	a5, a0, a4
 1005c38: f8f6dae3     	bge	a3, a5, 0x1005bcc <_malloc_trim_r+0x50>
 1005c3c: 018006b7     	lui	a3, 0x1800
 1005c40: 6a86a683     	lw	a3, 0x6a8(a3)
 1005c44: 0017e793     	ori	a5, a5, 0x1
 1005c48: c35c         	sw	a5, 0x4(a4)
 1005c4a: 8d15         	sub	a0, a0, a3
 1005c4c: 018016b7     	lui	a3, 0x1801
 1005c50: 34a6a623     	sw	a0, 0x34c(a3)
 1005c54: bfa5         	j	0x1005bcc <_malloc_trim_r+0x50>

01005c56 <_free_r>:
 1005c56: 10058b63     	beqz	a1, 0x1005d6c <_free_r+0x116>
 1005c5a: 1141         	addi	sp, sp, -0x10
 1005c5c: c422         	sw	s0, 0x8(sp)
 1005c5e: c226         	sw	s1, 0x4(sp)
 1005c60: 842e         	mv	s0, a1
 1005c62: 84aa         	mv	s1, a0
 1005c64: c606         	sw	ra, 0xc(sp)
 1005c66: 2ff9         	jal	0x1006444 <__malloc_lock>
 1005c68: ffc42503     	lw	a0, -0x4(s0)
 1005c6c: ff840713     	addi	a4, s0, -0x8
 1005c70: 018005b7     	lui	a1, 0x1800
 1005c74: ffe57793     	andi	a5, a0, -0x2
 1005c78: 00f70633     	add	a2, a4, a5
 1005c7c: 01458593     	addi	a1, a1, 0x14
 1005c80: 4254         	lw	a3, 0x4(a2)
 1005c82: 0085a803     	lw	a6, 0x8(a1)
 1005c86: 9af1         	andi	a3, a3, -0x4
 1005c88: 12c80563     	beq	a6, a2, 0x1005db2 <_free_r+0x15c>
 1005c8c: c254         	sw	a3, 0x4(a2)
 1005c8e: 8905         	andi	a0, a0, 0x1
 1005c90: 00d60833     	add	a6, a2, a3
 1005c94: e93d         	bnez	a0, 0x1005d0a <_free_r+0xb4>
 1005c96: ff842303     	lw	t1, -0x8(s0)
 1005c9a: 00482803     	lw	a6, 0x4(a6)
 1005c9e: 01800537     	lui	a0, 0x1800
 1005ca2: 40670733     	sub	a4, a4, t1
 1005ca6: 00872883     	lw	a7, 0x8(a4)
 1005caa: 01c50513     	addi	a0, a0, 0x1c
 1005cae: 979a         	add	a5, a5, t1
 1005cb0: 00187813     	andi	a6, a6, 0x1
 1005cb4: 0ea88263     	beq	a7, a0, 0x1005d98 <_free_r+0x142>
 1005cb8: 00c72303     	lw	t1, 0xc(a4)
 1005cbc: 0068a623     	sw	t1, 0xc(a7)
 1005cc0: 01132423     	sw	a7, 0x8(t1)
 1005cc4: 12080363     	beqz	a6, 0x1005dea <_free_r+0x194>
 1005cc8: 0017e693     	ori	a3, a5, 0x1
 1005ccc: c354         	sw	a3, 0x4(a4)
 1005cce: c21c         	sw	a5, 0x0(a2)
 1005cd0: 1ff00693     	li	a3, 0x1ff
 1005cd4: 04f6e863     	bltu	a3, a5, 0x1005d24 <_free_r+0xce>
 1005cd8: ff87f693     	andi	a3, a5, -0x8
 1005cdc: 06a1         	addi	a3, a3, 0x8
 1005cde: 41c8         	lw	a0, 0x4(a1)
 1005ce0: 96ae         	add	a3, a3, a1
 1005ce2: 4290         	lw	a2, 0x0(a3)
 1005ce4: 0057d813     	srli	a6, a5, 0x5
 1005ce8: 4785         	li	a5, 0x1
 1005cea: 010797b3     	sll	a5, a5, a6
 1005cee: 8fc9         	or	a5, a5, a0
 1005cf0: ff868513     	addi	a0, a3, -0x8
 1005cf4: c748         	sw	a0, 0xc(a4)
 1005cf6: c710         	sw	a2, 0x8(a4)
 1005cf8: c1dc         	sw	a5, 0x4(a1)
 1005cfa: c298         	sw	a4, 0x0(a3)
 1005cfc: c658         	sw	a4, 0xc(a2)
 1005cfe: 4422         	lw	s0, 0x8(sp)
 1005d00: 40b2         	lw	ra, 0xc(sp)
 1005d02: 8526         	mv	a0, s1
 1005d04: 4492         	lw	s1, 0x4(sp)
 1005d06: 0141         	addi	sp, sp, 0x10
 1005d08: af3d         	j	0x1006446 <__malloc_unlock>
 1005d0a: 00482503     	lw	a0, 0x4(a6)
 1005d0e: 8905         	andi	a0, a0, 0x1
 1005d10: cd39         	beqz	a0, 0x1005d6e <_free_r+0x118>
 1005d12: 0017e693     	ori	a3, a5, 0x1
 1005d16: fed42e23     	sw	a3, -0x4(s0)
 1005d1a: c21c         	sw	a5, 0x0(a2)
 1005d1c: 1ff00693     	li	a3, 0x1ff
 1005d20: faf6fce3     	bgeu	a3, a5, 0x1005cd8 <_free_r+0x82>
 1005d24: 0097d693     	srli	a3, a5, 0x9
 1005d28: 4611         	li	a2, 0x4
 1005d2a: 0cd66263     	bltu	a2, a3, 0x1005dee <_free_r+0x198>
 1005d2e: 0067d693     	srli	a3, a5, 0x6
 1005d32: 03968513     	addi	a0, a3, 0x39
 1005d36: 03868613     	addi	a2, a3, 0x38
 1005d3a: 050e         	slli	a0, a0, 0x3
 1005d3c: 952e         	add	a0, a0, a1
 1005d3e: 4114         	lw	a3, 0x0(a0)
 1005d40: 1561         	addi	a0, a0, -0x8
 1005d42: 00d51663     	bne	a0, a3, 0x1005d4e <_free_r+0xf8>
 1005d46: a0dd         	j	0x1005e2c <_free_r+0x1d6>
 1005d48: 4694         	lw	a3, 0x8(a3)
 1005d4a: 00d50663     	beq	a0, a3, 0x1005d56 <_free_r+0x100>
 1005d4e: 42d0         	lw	a2, 0x4(a3)
 1005d50: 9a71         	andi	a2, a2, -0x4
 1005d52: fec7ebe3     	bltu	a5, a2, 0x1005d48 <_free_r+0xf2>
 1005d56: 46c8         	lw	a0, 0xc(a3)
 1005d58: c748         	sw	a0, 0xc(a4)
 1005d5a: c714         	sw	a3, 0x8(a4)
 1005d5c: 4422         	lw	s0, 0x8(sp)
 1005d5e: c518         	sw	a4, 0x8(a0)
 1005d60: 40b2         	lw	ra, 0xc(sp)
 1005d62: 8526         	mv	a0, s1
 1005d64: 4492         	lw	s1, 0x4(sp)
 1005d66: c6d8         	sw	a4, 0xc(a3)
 1005d68: 0141         	addi	sp, sp, 0x10
 1005d6a: adf1         	j	0x1006446 <__malloc_unlock>
 1005d6c: 8082         	ret
 1005d6e: 01800537     	lui	a0, 0x1800
 1005d72: 97b6         	add	a5, a5, a3
 1005d74: 01c50513     	addi	a0, a0, 0x1c
 1005d78: 4614         	lw	a3, 0x8(a2)
 1005d7a: 08a68f63     	beq	a3, a0, 0x1005e18 <_free_r+0x1c2>
 1005d7e: 00c62803     	lw	a6, 0xc(a2)
 1005d82: 0017e513     	ori	a0, a5, 0x1
 1005d86: 00f70633     	add	a2, a4, a5
 1005d8a: 0106a623     	sw	a6, 0xc(a3)
 1005d8e: 00d82423     	sw	a3, 0x8(a6)
 1005d92: c348         	sw	a0, 0x4(a4)
 1005d94: c21c         	sw	a5, 0x0(a2)
 1005d96: bf2d         	j	0x1005cd0 <_free_r+0x7a>
 1005d98: 0e081163     	bnez	a6, 0x1005e7a <_free_r+0x224>
 1005d9c: 460c         	lw	a1, 0x8(a2)
 1005d9e: 4650         	lw	a2, 0xc(a2)
 1005da0: 96be         	add	a3, a3, a5
 1005da2: 0016e793     	ori	a5, a3, 0x1
 1005da6: c5d0         	sw	a2, 0xc(a1)
 1005da8: c60c         	sw	a1, 0x8(a2)
 1005daa: c35c         	sw	a5, 0x4(a4)
 1005dac: 9736         	add	a4, a4, a3
 1005dae: c314         	sw	a3, 0x0(a4)
 1005db0: b7b9         	j	0x1005cfe <_free_r+0xa8>
 1005db2: 8905         	andi	a0, a0, 0x1
 1005db4: 96be         	add	a3, a3, a5
 1005db6: e909         	bnez	a0, 0x1005dc8 <_free_r+0x172>
 1005db8: ff842503     	lw	a0, -0x8(s0)
 1005dbc: 8f09         	sub	a4, a4, a0
 1005dbe: 475c         	lw	a5, 0xc(a4)
 1005dc0: 4710         	lw	a2, 0x8(a4)
 1005dc2: 96aa         	add	a3, a3, a0
 1005dc4: c65c         	sw	a5, 0xc(a2)
 1005dc6: c790         	sw	a2, 0x8(a5)
 1005dc8: 018007b7     	lui	a5, 0x1800
 1005dcc: 0016e613     	ori	a2, a3, 0x1
 1005dd0: 6ac7a783     	lw	a5, 0x6ac(a5)
 1005dd4: c350         	sw	a2, 0x4(a4)
 1005dd6: c598         	sw	a4, 0x8(a1)
 1005dd8: f2f6e3e3     	bltu	a3, a5, 0x1005cfe <_free_r+0xa8>
 1005ddc: 018007b7     	lui	a5, 0x1800
 1005de0: 7287a583     	lw	a1, 0x728(a5)
 1005de4: 8526         	mv	a0, s1
 1005de6: 3b59         	jal	0x1005b7c <_malloc_trim_r>
 1005de8: bf19         	j	0x1005cfe <_free_r+0xa8>
 1005dea: 97b6         	add	a5, a5, a3
 1005dec: b771         	j	0x1005d78 <_free_r+0x122>
 1005dee: 4651         	li	a2, 0x14
 1005df0: 00d67e63     	bgeu	a2, a3, 0x1005e0c <_free_r+0x1b6>
 1005df4: 05400613     	li	a2, 0x54
 1005df8: 04d66463     	bltu	a2, a3, 0x1005e40 <_free_r+0x1ea>
 1005dfc: 00c7d693     	srli	a3, a5, 0xc
 1005e00: 06f68513     	addi	a0, a3, 0x6f
 1005e04: 06e68613     	addi	a2, a3, 0x6e
 1005e08: 050e         	slli	a0, a0, 0x3
 1005e0a: bf0d         	j	0x1005d3c <_free_r+0xe6>
 1005e0c: 05c68513     	addi	a0, a3, 0x5c
 1005e10: 05b68613     	addi	a2, a3, 0x5b
 1005e14: 050e         	slli	a0, a0, 0x3
 1005e16: b71d         	j	0x1005d3c <_free_r+0xe6>
 1005e18: c9d8         	sw	a4, 0x14(a1)
 1005e1a: c998         	sw	a4, 0x10(a1)
 1005e1c: 0017e693     	ori	a3, a5, 0x1
 1005e20: c748         	sw	a0, 0xc(a4)
 1005e22: c708         	sw	a0, 0x8(a4)
 1005e24: c354         	sw	a3, 0x4(a4)
 1005e26: 973e         	add	a4, a4, a5
 1005e28: c31c         	sw	a5, 0x0(a4)
 1005e2a: bdd1         	j	0x1005cfe <_free_r+0xa8>
 1005e2c: 0045a803     	lw	a6, 0x4(a1)
 1005e30: 8609         	srai	a2, a2, 0x2
 1005e32: 4785         	li	a5, 0x1
 1005e34: 00c797b3     	sll	a5, a5, a2
 1005e38: 0107e7b3     	or	a5, a5, a6
 1005e3c: c1dc         	sw	a5, 0x4(a1)
 1005e3e: bf29         	j	0x1005d58 <_free_r+0x102>
 1005e40: 15400613     	li	a2, 0x154
 1005e44: 00d66a63     	bltu	a2, a3, 0x1005e58 <_free_r+0x202>
 1005e48: 00f7d693     	srli	a3, a5, 0xf
 1005e4c: 07868513     	addi	a0, a3, 0x78
 1005e50: 07768613     	addi	a2, a3, 0x77
 1005e54: 050e         	slli	a0, a0, 0x3
 1005e56: b5dd         	j	0x1005d3c <_free_r+0xe6>
 1005e58: 55400613     	li	a2, 0x554
 1005e5c: 00d66a63     	bltu	a2, a3, 0x1005e70 <_free_r+0x21a>
 1005e60: 0127d693     	srli	a3, a5, 0x12
 1005e64: 07d68513     	addi	a0, a3, 0x7d
 1005e68: 07c68613     	addi	a2, a3, 0x7c
 1005e6c: 050e         	slli	a0, a0, 0x3
 1005e6e: b5f9         	j	0x1005d3c <_free_r+0xe6>
 1005e70: 3f800513     	li	a0, 0x3f8
 1005e74: 07e00613     	li	a2, 0x7e
 1005e78: b5d1         	j	0x1005d3c <_free_r+0xe6>
 1005e7a: 0017e693     	ori	a3, a5, 0x1
 1005e7e: c354         	sw	a3, 0x4(a4)
 1005e80: c21c         	sw	a5, 0x0(a2)
 1005e82: bdb5         	j	0x1005cfe <_free_r+0xa8>

01005e84 <_malloc_r>:
 1005e84: 7179         	addi	sp, sp, -0x30
 1005e86: ce4e         	sw	s3, 0x1c(sp)
 1005e88: d606         	sw	ra, 0x2c(sp)
 1005e8a: d422         	sw	s0, 0x28(sp)
 1005e8c: d226         	sw	s1, 0x24(sp)
 1005e8e: d04a         	sw	s2, 0x20(sp)
 1005e90: 00b58793     	addi	a5, a1, 0xb
 1005e94: 4759         	li	a4, 0x16
 1005e96: 89aa         	mv	s3, a0
 1005e98: 04f76963     	bltu	a4, a5, 0x1005eea <_malloc_r+0x66>
 1005e9c: 47c1         	li	a5, 0x10
 1005e9e: 16b7eb63     	bltu	a5, a1, 0x1006014 <_malloc_r+0x190>
 1005ea2: 234d         	jal	0x1006444 <__malloc_lock>
 1005ea4: 47e1         	li	a5, 0x18
 1005ea6: 4589         	li	a1, 0x2
 1005ea8: 44c1         	li	s1, 0x10
 1005eaa: 01800937     	lui	s2, 0x1800
 1005eae: 01490913     	addi	s2, s2, 0x14
 1005eb2: 97ca         	add	a5, a5, s2
 1005eb4: 43c0         	lw	s0, 0x4(a5)
 1005eb6: ff878713     	addi	a4, a5, -0x8
 1005eba: 26e40963     	beq	s0, a4, 0x100612c <_malloc_r+0x2a8>
 1005ebe: 405c         	lw	a5, 0x4(s0)
 1005ec0: 4454         	lw	a3, 0xc(s0)
 1005ec2: 4410         	lw	a2, 0x8(s0)
 1005ec4: 9bf1         	andi	a5, a5, -0x4
 1005ec6: 97a2         	add	a5, a5, s0
 1005ec8: 43d8         	lw	a4, 0x4(a5)
 1005eca: c654         	sw	a3, 0xc(a2)
 1005ecc: c690         	sw	a2, 0x8(a3)
 1005ece: 00176713     	ori	a4, a4, 0x1
 1005ed2: 854e         	mv	a0, s3
 1005ed4: c3d8         	sw	a4, 0x4(a5)
 1005ed6: 2b85         	jal	0x1006446 <__malloc_unlock>
 1005ed8: 00840513     	addi	a0, s0, 0x8
 1005edc: 50b2         	lw	ra, 0x2c(sp)
 1005ede: 5422         	lw	s0, 0x28(sp)
 1005ee0: 5492         	lw	s1, 0x24(sp)
 1005ee2: 5902         	lw	s2, 0x20(sp)
 1005ee4: 49f2         	lw	s3, 0x1c(sp)
 1005ee6: 6145         	addi	sp, sp, 0x30
 1005ee8: 8082         	ret
 1005eea: ff87f493     	andi	s1, a5, -0x8
 1005eee: 1207c363     	bltz	a5, 0x1006014 <_malloc_r+0x190>
 1005ef2: 12b4e163     	bltu	s1, a1, 0x1006014 <_malloc_r+0x190>
 1005ef6: 23b9         	jal	0x1006444 <__malloc_lock>
 1005ef8: 1f700793     	li	a5, 0x1f7
 1005efc: 2e97f763     	bgeu	a5, s1, 0x10061ea <_malloc_r+0x366>
 1005f00: 0094d793     	srli	a5, s1, 0x9
 1005f04: 10078d63     	beqz	a5, 0x100601e <_malloc_r+0x19a>
 1005f08: 4711         	li	a4, 0x4
 1005f0a: 26f76663     	bltu	a4, a5, 0x1006176 <_malloc_r+0x2f2>
 1005f0e: 0064d793     	srli	a5, s1, 0x6
 1005f12: 03978593     	addi	a1, a5, 0x39
 1005f16: 03878813     	addi	a6, a5, 0x38
 1005f1a: 00359613     	slli	a2, a1, 0x3
 1005f1e: 01800937     	lui	s2, 0x1800
 1005f22: 01490913     	addi	s2, s2, 0x14
 1005f26: 964a         	add	a2, a2, s2
 1005f28: 4240         	lw	s0, 0x4(a2)
 1005f2a: 1661         	addi	a2, a2, -0x8
 1005f2c: 02860163     	beq	a2, s0, 0x1005f4e <_malloc_r+0xca>
 1005f30: 453d         	li	a0, 0xf
 1005f32: a039         	j	0x1005f40 <_malloc_r+0xbc>
 1005f34: 4454         	lw	a3, 0xc(s0)
 1005f36: 1e075963     	bgez	a4, 0x1006128 <_malloc_r+0x2a4>
 1005f3a: 00d60a63     	beq	a2, a3, 0x1005f4e <_malloc_r+0xca>
 1005f3e: 8436         	mv	s0, a3
 1005f40: 405c         	lw	a5, 0x4(s0)
 1005f42: 9bf1         	andi	a5, a5, -0x4
 1005f44: 40978733     	sub	a4, a5, s1
 1005f48: fee556e3     	bge	a0, a4, 0x1005f34 <_malloc_r+0xb0>
 1005f4c: 85c2         	mv	a1, a6
 1005f4e: 01092403     	lw	s0, 0x10(s2)
 1005f52: 01800837     	lui	a6, 0x1800
 1005f56: 01c80813     	addi	a6, a6, 0x1c
 1005f5a: 1d040463     	beq	s0, a6, 0x1006122 <_malloc_r+0x29e>
 1005f5e: 405c         	lw	a5, 0x4(s0)
 1005f60: 46bd         	li	a3, 0xf
 1005f62: 9bf1         	andi	a5, a5, -0x4
 1005f64: 40978733     	sub	a4, a5, s1
 1005f68: 28e6c663     	blt	a3, a4, 0x10061f4 <_malloc_r+0x370>
 1005f6c: 01092a23     	sw	a6, 0x14(s2)
 1005f70: 01092823     	sw	a6, 0x10(s2)
 1005f74: 26075163     	bgez	a4, 0x10061d6 <_malloc_r+0x352>
 1005f78: 1ff00713     	li	a4, 0x1ff
 1005f7c: 00492503     	lw	a0, 0x4(s2)
 1005f80: 1af76b63     	bltu	a4, a5, 0x1006136 <_malloc_r+0x2b2>
 1005f84: ff87f713     	andi	a4, a5, -0x8
 1005f88: 0721         	addi	a4, a4, 0x8
 1005f8a: 974a         	add	a4, a4, s2
 1005f8c: 4314         	lw	a3, 0x0(a4)
 1005f8e: 0057d613     	srli	a2, a5, 0x5
 1005f92: 4785         	li	a5, 0x1
 1005f94: 00c797b3     	sll	a5, a5, a2
 1005f98: 8d5d         	or	a0, a0, a5
 1005f9a: ff870793     	addi	a5, a4, -0x8
 1005f9e: c45c         	sw	a5, 0xc(s0)
 1005fa0: c414         	sw	a3, 0x8(s0)
 1005fa2: 00a92223     	sw	a0, 0x4(s2)
 1005fa6: c300         	sw	s0, 0x0(a4)
 1005fa8: c6c0         	sw	s0, 0xc(a3)
 1005faa: 4025d793     	srai	a5, a1, 0x2
 1005fae: 4605         	li	a2, 0x1
 1005fb0: 00f61633     	sll	a2, a2, a5
 1005fb4: 06c56c63     	bltu	a0, a2, 0x100602c <_malloc_r+0x1a8>
 1005fb8: 00a677b3     	and	a5, a2, a0
 1005fbc: ef81         	bnez	a5, 0x1005fd4 <_malloc_r+0x150>
 1005fbe: 0606         	slli	a2, a2, 0x1
 1005fc0: 99f1         	andi	a1, a1, -0x4
 1005fc2: 00a677b3     	and	a5, a2, a0
 1005fc6: 0591         	addi	a1, a1, 0x4
 1005fc8: e791         	bnez	a5, 0x1005fd4 <_malloc_r+0x150>
 1005fca: 0606         	slli	a2, a2, 0x1
 1005fcc: 00a677b3     	and	a5, a2, a0
 1005fd0: 0591         	addi	a1, a1, 0x4
 1005fd2: dfe5         	beqz	a5, 0x1005fca <_malloc_r+0x146>
 1005fd4: 48bd         	li	a7, 0xf
 1005fd6: 00359313     	slli	t1, a1, 0x3
 1005fda: 934a         	add	t1, t1, s2
 1005fdc: 851a         	mv	a0, t1
 1005fde: 455c         	lw	a5, 0xc(a0)
 1005fe0: 8e2e         	mv	t3, a1
 1005fe2: 1af50a63     	beq	a0, a5, 0x1006196 <_malloc_r+0x312>
 1005fe6: 43d8         	lw	a4, 0x4(a5)
 1005fe8: 843e         	mv	s0, a5
 1005fea: 47dc         	lw	a5, 0xc(a5)
 1005fec: 9b71         	andi	a4, a4, -0x4
 1005fee: 409706b3     	sub	a3, a4, s1
 1005ff2: 1ad8c963     	blt	a7, a3, 0x10061a4 <_malloc_r+0x320>
 1005ff6: fe06c6e3     	bltz	a3, 0x1005fe2 <_malloc_r+0x15e>
 1005ffa: 9722         	add	a4, a4, s0
 1005ffc: 4354         	lw	a3, 0x4(a4)
 1005ffe: 4410         	lw	a2, 0x8(s0)
 1006000: 854e         	mv	a0, s3
 1006002: 0016e693     	ori	a3, a3, 0x1
 1006006: c354         	sw	a3, 0x4(a4)
 1006008: c65c         	sw	a5, 0xc(a2)
 100600a: c790         	sw	a2, 0x8(a5)
 100600c: 292d         	jal	0x1006446 <__malloc_unlock>
 100600e: 00840513     	addi	a0, s0, 0x8
 1006012: b5e9         	j	0x1005edc <_malloc_r+0x58>
 1006014: 47b1         	li	a5, 0xc
 1006016: 00f9a023     	sw	a5, 0x0(s3)
 100601a: 4501         	li	a0, 0x0
 100601c: b5c1         	j	0x1005edc <_malloc_r+0x58>
 100601e: 20000613     	li	a2, 0x200
 1006022: 04000593     	li	a1, 0x40
 1006026: 03f00813     	li	a6, 0x3f
 100602a: bdd5         	j	0x1005f1e <_malloc_r+0x9a>
 100602c: 00892403     	lw	s0, 0x8(s2)
 1006030: c85a         	sw	s6, 0x10(sp)
 1006032: 405c         	lw	a5, 0x4(s0)
 1006034: ffc7fb13     	andi	s6, a5, -0x4
 1006038: 009b6763     	bltu	s6, s1, 0x1006046 <_malloc_r+0x1c2>
 100603c: 409b0733     	sub	a4, s6, s1
 1006040: 47bd         	li	a5, 0xf
 1006042: 0ae7cb63     	blt	a5, a4, 0x10060f8 <_malloc_r+0x274>
 1006046: 018007b7     	lui	a5, 0x1800
 100604a: c266         	sw	s9, 0x4(sp)
 100604c: 01800cb7     	lui	s9, 0x1800
 1006050: ca56         	sw	s5, 0x14(sp)
 1006052: 6a8ca703     	lw	a4, 0x6a8(s9)
 1006056: 7287aa83     	lw	s5, 0x728(a5)
 100605a: cc52         	sw	s4, 0x18(sp)
 100605c: c65e         	sw	s7, 0xc(sp)
 100605e: 57fd         	li	a5, -0x1
 1006060: 01640a33     	add	s4, s0, s6
 1006064: 9aa6         	add	s5, s5, s1
 1006066: 2cf70e63     	beq	a4, a5, 0x1006342 <_malloc_r+0x4be>
 100606a: 6785         	lui	a5, 0x1
 100606c: 07bd         	addi	a5, a5, 0xf
 100606e: 9abe         	add	s5, s5, a5
 1006070: 77fd         	lui	a5, 0xfffff
 1006072: 00fafab3     	and	s5, s5, a5
 1006076: 85d6         	mv	a1, s5
 1006078: 854e         	mv	a0, s3
 100607a: 4a1050ef     	jal	0x100bd1a <_sbrk_r>
 100607e: 57fd         	li	a5, -0x1
 1006080: 8baa         	mv	s7, a0
 1006082: 34f50063     	beq	a0, a5, 0x10063c2 <_malloc_r+0x53e>
 1006086: c462         	sw	s8, 0x8(sp)
 1006088: 1b456463     	bltu	a0, s4, 0x1006230 <_malloc_r+0x3ac>
 100608c: 01801c37     	lui	s8, 0x1801
 1006090: 34cc0c13     	addi	s8, s8, 0x34c
 1006094: 000c2583     	lw	a1, 0x0(s8)
 1006098: 95d6         	add	a1, a1, s5
 100609a: 00bc2023     	sw	a1, 0x0(s8)
 100609e: 872e         	mv	a4, a1
 10060a0: 1eaa1e63     	bne	s4, a0, 0x100629c <_malloc_r+0x418>
 10060a4: 01451793     	slli	a5, a0, 0x14
 10060a8: 1e079a63     	bnez	a5, 0x100629c <_malloc_r+0x418>
 10060ac: 00892b83     	lw	s7, 0x8(s2)
 10060b0: 015b07b3     	add	a5, s6, s5
 10060b4: 0017e793     	ori	a5, a5, 0x1
 10060b8: 00fba223     	sw	a5, 0x4(s7)
 10060bc: 01800737     	lui	a4, 0x1800
 10060c0: 72472683     	lw	a3, 0x724(a4)
 10060c4: 00b6f463     	bgeu	a3, a1, 0x10060cc <_malloc_r+0x248>
 10060c8: 72b72223     	sw	a1, 0x724(a4)
 10060cc: 01800737     	lui	a4, 0x1800
 10060d0: 72072683     	lw	a3, 0x720(a4)
 10060d4: 00b6f463     	bgeu	a3, a1, 0x10060dc <_malloc_r+0x258>
 10060d8: 72b72023     	sw	a1, 0x720(a4)
 10060dc: 4c22         	lw	s8, 0x8(sp)
 10060de: 845e         	mv	s0, s7
 10060e0: 9bf1         	andi	a5, a5, -0x4
 10060e2: 40978733     	sub	a4, a5, s1
 10060e6: 2897ec63     	bltu	a5, s1, 0x100637e <_malloc_r+0x4fa>
 10060ea: 47bd         	li	a5, 0xf
 10060ec: 28e7d963     	bge	a5, a4, 0x100637e <_malloc_r+0x4fa>
 10060f0: 4a62         	lw	s4, 0x18(sp)
 10060f2: 4ad2         	lw	s5, 0x14(sp)
 10060f4: 4bb2         	lw	s7, 0xc(sp)
 10060f6: 4c92         	lw	s9, 0x4(sp)
 10060f8: 0014e793     	ori	a5, s1, 0x1
 10060fc: c05c         	sw	a5, 0x4(s0)
 10060fe: 94a2         	add	s1, s1, s0
 1006100: 00992423     	sw	s1, 0x8(s2)
 1006104: 00176713     	ori	a4, a4, 0x1
 1006108: 854e         	mv	a0, s3
 100610a: c0d8         	sw	a4, 0x4(s1)
 100610c: 2e2d         	jal	0x1006446 <__malloc_unlock>
 100610e: 50b2         	lw	ra, 0x2c(sp)
 1006110: 00840513     	addi	a0, s0, 0x8
 1006114: 5422         	lw	s0, 0x28(sp)
 1006116: 4b42         	lw	s6, 0x10(sp)
 1006118: 5492         	lw	s1, 0x24(sp)
 100611a: 5902         	lw	s2, 0x20(sp)
 100611c: 49f2         	lw	s3, 0x1c(sp)
 100611e: 6145         	addi	sp, sp, 0x30
 1006120: 8082         	ret
 1006122: 00492503     	lw	a0, 0x4(s2)
 1006126: b551         	j	0x1005faa <_malloc_r+0x126>
 1006128: 4410         	lw	a2, 0x8(s0)
 100612a: bb71         	j	0x1005ec6 <_malloc_r+0x42>
 100612c: 47c0         	lw	s0, 0xc(a5)
 100612e: 0589         	addi	a1, a1, 0x2
 1006130: e0878fe3     	beq	a5, s0, 0x1005f4e <_malloc_r+0xca>
 1006134: b369         	j	0x1005ebe <_malloc_r+0x3a>
 1006136: 0097d713     	srli	a4, a5, 0x9
 100613a: 4691         	li	a3, 0x4
 100613c: 0ee6f263     	bgeu	a3, a4, 0x1006220 <_malloc_r+0x39c>
 1006140: 46d1         	li	a3, 0x14
 1006142: 24e6e763     	bltu	a3, a4, 0x1006390 <_malloc_r+0x50c>
 1006146: 05c70613     	addi	a2, a4, 0x5c
 100614a: 05b70693     	addi	a3, a4, 0x5b
 100614e: 060e         	slli	a2, a2, 0x3
 1006150: 964a         	add	a2, a2, s2
 1006152: 4218         	lw	a4, 0x0(a2)
 1006154: 1661         	addi	a2, a2, -0x8
 1006156: 00e61663     	bne	a2, a4, 0x1006162 <_malloc_r+0x2de>
 100615a: a2f5         	j	0x1006346 <_malloc_r+0x4c2>
 100615c: 4718         	lw	a4, 0x8(a4)
 100615e: 00e60663     	beq	a2, a4, 0x100616a <_malloc_r+0x2e6>
 1006162: 4354         	lw	a3, 0x4(a4)
 1006164: 9af1         	andi	a3, a3, -0x4
 1006166: fed7ebe3     	bltu	a5, a3, 0x100615c <_malloc_r+0x2d8>
 100616a: 4750         	lw	a2, 0xc(a4)
 100616c: c450         	sw	a2, 0xc(s0)
 100616e: c418         	sw	a4, 0x8(s0)
 1006170: c600         	sw	s0, 0x8(a2)
 1006172: c740         	sw	s0, 0xc(a4)
 1006174: bd1d         	j	0x1005faa <_malloc_r+0x126>
 1006176: 4751         	li	a4, 0x14
 1006178: 0cf77363     	bgeu	a4, a5, 0x100623e <_malloc_r+0x3ba>
 100617c: 05400713     	li	a4, 0x54
 1006180: 22f76463     	bltu	a4, a5, 0x10063a8 <_malloc_r+0x524>
 1006184: 00c4d793     	srli	a5, s1, 0xc
 1006188: 06f78593     	addi	a1, a5, 0x6f
 100618c: 06e78813     	addi	a6, a5, 0x6e
 1006190: 00359613     	slli	a2, a1, 0x3
 1006194: b369         	j	0x1005f1e <_malloc_r+0x9a>
 1006196: 0e05         	addi	t3, t3, 0x1
 1006198: 003e7793     	andi	a5, t3, 0x3
 100619c: 0521         	addi	a0, a0, 0x8
 100619e: cfc5         	beqz	a5, 0x1006256 <_malloc_r+0x3d2>
 10061a0: 455c         	lw	a5, 0xc(a0)
 10061a2: b581         	j	0x1005fe2 <_malloc_r+0x15e>
 10061a4: 4410         	lw	a2, 0x8(s0)
 10061a6: 0014e593     	ori	a1, s1, 0x1
 10061aa: c04c         	sw	a1, 0x4(s0)
 10061ac: c65c         	sw	a5, 0xc(a2)
 10061ae: c790         	sw	a2, 0x8(a5)
 10061b0: 94a2         	add	s1, s1, s0
 10061b2: 00992a23     	sw	s1, 0x14(s2)
 10061b6: 00992823     	sw	s1, 0x10(s2)
 10061ba: 0016e793     	ori	a5, a3, 0x1
 10061be: 0104a623     	sw	a6, 0xc(s1)
 10061c2: 0104a423     	sw	a6, 0x8(s1)
 10061c6: c0dc         	sw	a5, 0x4(s1)
 10061c8: 9722         	add	a4, a4, s0
 10061ca: 854e         	mv	a0, s3
 10061cc: c314         	sw	a3, 0x0(a4)
 10061ce: 2ca5         	jal	0x1006446 <__malloc_unlock>
 10061d0: 00840513     	addi	a0, s0, 0x8
 10061d4: b321         	j	0x1005edc <_malloc_r+0x58>
 10061d6: 97a2         	add	a5, a5, s0
 10061d8: 43d8         	lw	a4, 0x4(a5)
 10061da: 854e         	mv	a0, s3
 10061dc: 00176713     	ori	a4, a4, 0x1
 10061e0: c3d8         	sw	a4, 0x4(a5)
 10061e2: 2495         	jal	0x1006446 <__malloc_unlock>
 10061e4: 00840513     	addi	a0, s0, 0x8
 10061e8: b9d5         	j	0x1005edc <_malloc_r+0x58>
 10061ea: 0034d593     	srli	a1, s1, 0x3
 10061ee: 00848793     	addi	a5, s1, 0x8
 10061f2: b965         	j	0x1005eaa <_malloc_r+0x26>
 10061f4: 0014e693     	ori	a3, s1, 0x1
 10061f8: c054         	sw	a3, 0x4(s0)
 10061fa: 94a2         	add	s1, s1, s0
 10061fc: 00992a23     	sw	s1, 0x14(s2)
 1006200: 00992823     	sw	s1, 0x10(s2)
 1006204: 00176693     	ori	a3, a4, 0x1
 1006208: 0104a623     	sw	a6, 0xc(s1)
 100620c: 0104a423     	sw	a6, 0x8(s1)
 1006210: c0d4         	sw	a3, 0x4(s1)
 1006212: 97a2         	add	a5, a5, s0
 1006214: 854e         	mv	a0, s3
 1006216: c398         	sw	a4, 0x0(a5)
 1006218: 243d         	jal	0x1006446 <__malloc_unlock>
 100621a: 00840513     	addi	a0, s0, 0x8
 100621e: b97d         	j	0x1005edc <_malloc_r+0x58>
 1006220: 0067d713     	srli	a4, a5, 0x6
 1006224: 03970613     	addi	a2, a4, 0x39
 1006228: 03870693     	addi	a3, a4, 0x38
 100622c: 060e         	slli	a2, a2, 0x3
 100622e: b70d         	j	0x1006150 <_malloc_r+0x2cc>
 1006230: 05240d63     	beq	s0, s2, 0x100628a <_malloc_r+0x406>
 1006234: 00892403     	lw	s0, 0x8(s2)
 1006238: 4c22         	lw	s8, 0x8(sp)
 100623a: 405c         	lw	a5, 0x4(s0)
 100623c: b555         	j	0x10060e0 <_malloc_r+0x25c>
 100623e: 05c78593     	addi	a1, a5, 0x5c
 1006242: 05b78813     	addi	a6, a5, 0x5b
 1006246: 00359613     	slli	a2, a1, 0x3
 100624a: b9d1         	j	0x1005f1e <_malloc_r+0x9a>
 100624c: 00832783     	lw	a5, 0x8(t1)
 1006250: 15fd         	addi	a1, a1, -0x1
 1006252: 1e679663     	bne	a5, t1, 0x100643e <_malloc_r+0x5ba>
 1006256: 0035f793     	andi	a5, a1, 0x3
 100625a: 1361         	addi	t1, t1, -0x8
 100625c: fbe5         	bnez	a5, 0x100624c <_malloc_r+0x3c8>
 100625e: 00492703     	lw	a4, 0x4(s2)
 1006262: fff64793     	not	a5, a2
 1006266: 8ff9         	and	a5, a5, a4
 1006268: 00f92223     	sw	a5, 0x4(s2)
 100626c: 0606         	slli	a2, a2, 0x1
 100626e: dac7efe3     	bltu	a5, a2, 0x100602c <_malloc_r+0x1a8>
 1006272: da060de3     	beqz	a2, 0x100602c <_malloc_r+0x1a8>
 1006276: 00f67733     	and	a4, a2, a5
 100627a: e711         	bnez	a4, 0x1006286 <_malloc_r+0x402>
 100627c: 0606         	slli	a2, a2, 0x1
 100627e: 00f67733     	and	a4, a2, a5
 1006282: 0e11         	addi	t3, t3, 0x4
 1006284: df65         	beqz	a4, 0x100627c <_malloc_r+0x3f8>
 1006286: 85f2         	mv	a1, t3
 1006288: b3b9         	j	0x1005fd6 <_malloc_r+0x152>
 100628a: 01801c37     	lui	s8, 0x1801
 100628e: 34cc0c13     	addi	s8, s8, 0x34c
 1006292: 000c2703     	lw	a4, 0x0(s8)
 1006296: 9756         	add	a4, a4, s5
 1006298: 00ec2023     	sw	a4, 0x0(s8)
 100629c: 6a8ca683     	lw	a3, 0x6a8(s9)
 10062a0: 57fd         	li	a5, -0x1
 10062a2: 12f68463     	beq	a3, a5, 0x10063ca <_malloc_r+0x546>
 10062a6: 414b87b3     	sub	a5, s7, s4
 10062aa: 97ba         	add	a5, a5, a4
 10062ac: 00fc2023     	sw	a5, 0x0(s8)
 10062b0: 007bfc93     	andi	s9, s7, 0x7
 10062b4: 0a0c8163     	beqz	s9, 0x1006356 <_malloc_r+0x4d2>
 10062b8: 419b8bb3     	sub	s7, s7, s9
 10062bc: 6785         	lui	a5, 0x1
 10062be: 07a1         	addi	a5, a5, 0x8
 10062c0: 0ba1         	addi	s7, s7, 0x8
 10062c2: 419785b3     	sub	a1, a5, s9
 10062c6: 9ade         	add	s5, s5, s7
 10062c8: 415585b3     	sub	a1, a1, s5
 10062cc: 05d2         	slli	a1, a1, 0x14
 10062ce: 0145da13     	srli	s4, a1, 0x14
 10062d2: 85d2         	mv	a1, s4
 10062d4: 854e         	mv	a0, s3
 10062d6: 245050ef     	jal	0x100bd1a <_sbrk_r>
 10062da: 57fd         	li	a5, -0x1
 10062dc: 12f50363     	beq	a0, a5, 0x1006402 <_malloc_r+0x57e>
 10062e0: 41750533     	sub	a0, a0, s7
 10062e4: 01450ab3     	add	s5, a0, s4
 10062e8: 000c2703     	lw	a4, 0x0(s8)
 10062ec: 01792423     	sw	s7, 0x8(s2)
 10062f0: 001ae793     	ori	a5, s5, 0x1
 10062f4: 00ea05b3     	add	a1, s4, a4
 10062f8: 00bc2023     	sw	a1, 0x0(s8)
 10062fc: 00fba223     	sw	a5, 0x4(s7)
 1006300: db240ee3     	beq	s0, s2, 0x10060bc <_malloc_r+0x238>
 1006304: 46bd         	li	a3, 0xf
 1006306: 0766f863     	bgeu	a3, s6, 0x1006376 <_malloc_r+0x4f2>
 100630a: 4058         	lw	a4, 0x4(s0)
 100630c: ff4b0793     	addi	a5, s6, -0xc
 1006310: 9be1         	andi	a5, a5, -0x8
 1006312: 8b05         	andi	a4, a4, 0x1
 1006314: 8f5d         	or	a4, a4, a5
 1006316: c058         	sw	a4, 0x4(s0)
 1006318: 4615         	li	a2, 0x5
 100631a: 00f40733     	add	a4, s0, a5
 100631e: c350         	sw	a2, 0x4(a4)
 1006320: c710         	sw	a2, 0x8(a4)
 1006322: 00f6e563     	bltu	a3, a5, 0x100632c <_malloc_r+0x4a8>
 1006326: 004ba783     	lw	a5, 0x4(s7)
 100632a: bb49         	j	0x10060bc <_malloc_r+0x238>
 100632c: 00840593     	addi	a1, s0, 0x8
 1006330: 854e         	mv	a0, s3
 1006332: 3215         	jal	0x1005c56 <_free_r>
 1006334: 00892b83     	lw	s7, 0x8(s2)
 1006338: 000c2583     	lw	a1, 0x0(s8)
 100633c: 004ba783     	lw	a5, 0x4(s7)
 1006340: bbb5         	j	0x10060bc <_malloc_r+0x238>
 1006342: 0ac1         	addi	s5, s5, 0x10
 1006344: bb0d         	j	0x1006076 <_malloc_r+0x1f2>
 1006346: 8689         	srai	a3, a3, 0x2
 1006348: 4785         	li	a5, 0x1
 100634a: 00d797b3     	sll	a5, a5, a3
 100634e: 8d5d         	or	a0, a0, a5
 1006350: 00a92223     	sw	a0, 0x4(s2)
 1006354: bd21         	j	0x100616c <_malloc_r+0x2e8>
 1006356: 015b85b3     	add	a1, s7, s5
 100635a: 40b005b3     	neg	a1, a1
 100635e: 05d2         	slli	a1, a1, 0x14
 1006360: 0145da13     	srli	s4, a1, 0x14
 1006364: 85d2         	mv	a1, s4
 1006366: 854e         	mv	a0, s3
 1006368: 1b3050ef     	jal	0x100bd1a <_sbrk_r>
 100636c: 57fd         	li	a5, -0x1
 100636e: f6f519e3     	bne	a0, a5, 0x10062e0 <_malloc_r+0x45c>
 1006372: 4a01         	li	s4, 0x0
 1006374: bf95         	j	0x10062e8 <_malloc_r+0x464>
 1006376: 4c22         	lw	s8, 0x8(sp)
 1006378: 4785         	li	a5, 0x1
 100637a: 00fba223     	sw	a5, 0x4(s7)
 100637e: 854e         	mv	a0, s3
 1006380: 20d9         	jal	0x1006446 <__malloc_unlock>
 1006382: 4501         	li	a0, 0x0
 1006384: 4a62         	lw	s4, 0x18(sp)
 1006386: 4ad2         	lw	s5, 0x14(sp)
 1006388: 4b42         	lw	s6, 0x10(sp)
 100638a: 4bb2         	lw	s7, 0xc(sp)
 100638c: 4c92         	lw	s9, 0x4(sp)
 100638e: b6b9         	j	0x1005edc <_malloc_r+0x58>
 1006390: 05400693     	li	a3, 0x54
 1006394: 02e6ee63     	bltu	a3, a4, 0x10063d0 <_malloc_r+0x54c>
 1006398: 00c7d713     	srli	a4, a5, 0xc
 100639c: 06f70613     	addi	a2, a4, 0x6f
 10063a0: 06e70693     	addi	a3, a4, 0x6e
 10063a4: 060e         	slli	a2, a2, 0x3
 10063a6: b36d         	j	0x1006150 <_malloc_r+0x2cc>
 10063a8: 15400713     	li	a4, 0x154
 10063ac: 02f76e63     	bltu	a4, a5, 0x10063e8 <_malloc_r+0x564>
 10063b0: 00f4d793     	srli	a5, s1, 0xf
 10063b4: 07878593     	addi	a1, a5, 0x78
 10063b8: 07778813     	addi	a6, a5, 0x77
 10063bc: 00359613     	slli	a2, a1, 0x3
 10063c0: beb9         	j	0x1005f1e <_malloc_r+0x9a>
 10063c2: 00892403     	lw	s0, 0x8(s2)
 10063c6: 405c         	lw	a5, 0x4(s0)
 10063c8: bb21         	j	0x10060e0 <_malloc_r+0x25c>
 10063ca: 6b7ca423     	sw	s7, 0x6a8(s9)
 10063ce: b5cd         	j	0x10062b0 <_malloc_r+0x42c>
 10063d0: 15400693     	li	a3, 0x154
 10063d4: 02e6ed63     	bltu	a3, a4, 0x100640e <_malloc_r+0x58a>
 10063d8: 00f7d713     	srli	a4, a5, 0xf
 10063dc: 07870613     	addi	a2, a4, 0x78
 10063e0: 07770693     	addi	a3, a4, 0x77
 10063e4: 060e         	slli	a2, a2, 0x3
 10063e6: b3ad         	j	0x1006150 <_malloc_r+0x2cc>
 10063e8: 55400713     	li	a4, 0x554
 10063ec: 02f76d63     	bltu	a4, a5, 0x1006426 <_malloc_r+0x5a2>
 10063f0: 0124d793     	srli	a5, s1, 0x12
 10063f4: 07d78593     	addi	a1, a5, 0x7d
 10063f8: 07c78813     	addi	a6, a5, 0x7c
 10063fc: 00359613     	slli	a2, a1, 0x3
 1006400: be39         	j	0x1005f1e <_malloc_r+0x9a>
 1006402: 1ce1         	addi	s9, s9, -0x8
 1006404: 9ae6         	add	s5, s5, s9
 1006406: 417a8ab3     	sub	s5, s5, s7
 100640a: 4a01         	li	s4, 0x0
 100640c: bdf1         	j	0x10062e8 <_malloc_r+0x464>
 100640e: 55400693     	li	a3, 0x554
 1006412: 02e6e163     	bltu	a3, a4, 0x1006434 <_malloc_r+0x5b0>
 1006416: 0127d713     	srli	a4, a5, 0x12
 100641a: 07d70613     	addi	a2, a4, 0x7d
 100641e: 07c70693     	addi	a3, a4, 0x7c
 1006422: 060e         	slli	a2, a2, 0x3
 1006424: b335         	j	0x1006150 <_malloc_r+0x2cc>
 1006426: 3f800613     	li	a2, 0x3f8
 100642a: 07f00593     	li	a1, 0x7f
 100642e: 07e00813     	li	a6, 0x7e
 1006432: b4f5         	j	0x1005f1e <_malloc_r+0x9a>
 1006434: 3f800613     	li	a2, 0x3f8
 1006438: 07e00693     	li	a3, 0x7e
 100643c: bb11         	j	0x1006150 <_malloc_r+0x2cc>
 100643e: 00492783     	lw	a5, 0x4(s2)
 1006442: b52d         	j	0x100626c <_malloc_r+0x3e8>

01006444 <__malloc_lock>:
 1006444: 8082         	ret

01006446 <__malloc_unlock>:
 1006446: 8082         	ret

01006448 <_fwalk_sglue>:
 1006448: 7179         	addi	sp, sp, -0x30
 100644a: d04a         	sw	s2, 0x20(sp)
 100644c: ce4e         	sw	s3, 0x1c(sp)
 100644e: cc52         	sw	s4, 0x18(sp)
 1006450: ca56         	sw	s5, 0x14(sp)
 1006452: c85a         	sw	s6, 0x10(sp)
 1006454: c65e         	sw	s7, 0xc(sp)
 1006456: d606         	sw	ra, 0x2c(sp)
 1006458: d422         	sw	s0, 0x28(sp)
 100645a: d226         	sw	s1, 0x24(sp)
 100645c: 8b2a         	mv	s6, a0
 100645e: 8bae         	mv	s7, a1
 1006460: 8ab2         	mv	s5, a2
 1006462: 4a01         	li	s4, 0x0
 1006464: 4985         	li	s3, 0x1
 1006466: 597d         	li	s2, -0x1
 1006468: 004aa483     	lw	s1, 0x4(s5)
 100646c: 008aa403     	lw	s0, 0x8(s5)
 1006470: 14fd         	addi	s1, s1, -0x1
 1006472: 0204c463     	bltz	s1, 0x100649a <_fwalk_sglue+0x52>
 1006476: 00c45783     	lhu	a5, 0xc(s0)
 100647a: 00f9fb63     	bgeu	s3, a5, 0x1006490 <_fwalk_sglue+0x48>
 100647e: 00e41783     	lh	a5, 0xe(s0)
 1006482: 85a2         	mv	a1, s0
 1006484: 855a         	mv	a0, s6
 1006486: 01278563     	beq	a5, s2, 0x1006490 <_fwalk_sglue+0x48>
 100648a: 9b82         	jalr	s7
 100648c: 00aa6a33     	or	s4, s4, a0
 1006490: 14fd         	addi	s1, s1, -0x1
 1006492: 06840413     	addi	s0, s0, 0x68
 1006496: ff2490e3     	bne	s1, s2, 0x1006476 <_fwalk_sglue+0x2e>
 100649a: 000aaa83     	lw	s5, 0x0(s5)
 100649e: fc0a95e3     	bnez	s5, 0x1006468 <_fwalk_sglue+0x20>
 10064a2: 50b2         	lw	ra, 0x2c(sp)
 10064a4: 5422         	lw	s0, 0x28(sp)
 10064a6: 5492         	lw	s1, 0x24(sp)
 10064a8: 5902         	lw	s2, 0x20(sp)
 10064aa: 49f2         	lw	s3, 0x1c(sp)
 10064ac: 4ad2         	lw	s5, 0x14(sp)
 10064ae: 4b42         	lw	s6, 0x10(sp)
 10064b0: 4bb2         	lw	s7, 0xc(sp)
 10064b2: 8552         	mv	a0, s4
 10064b4: 4a62         	lw	s4, 0x18(sp)
 10064b6: 6145         	addi	sp, sp, 0x30
 10064b8: 8082         	ret

010064ba <printf>:
 10064ba: 01800337     	lui	t1, 0x1800
 10064be: 6b032303     	lw	t1, 0x6b0(t1)
 10064c2: 7139         	addi	sp, sp, -0x40
 10064c4: d432         	sw	a2, 0x28(sp)
 10064c6: d636         	sw	a3, 0x2c(sp)
 10064c8: d22e         	sw	a1, 0x24(sp)
 10064ca: d83a         	sw	a4, 0x30(sp)
 10064cc: da3e         	sw	a5, 0x34(sp)
 10064ce: dc42         	sw	a6, 0x38(sp)
 10064d0: de46         	sw	a7, 0x3c(sp)
 10064d2: 00832583     	lw	a1, 0x8(t1)
 10064d6: 1054         	addi	a3, sp, 0x24
 10064d8: 862a         	mv	a2, a0
 10064da: 851a         	mv	a0, t1
 10064dc: ce06         	sw	ra, 0x1c(sp)
 10064de: c636         	sw	a3, 0xc(sp)
 10064e0: 2021         	jal	0x10064e8 <_vfprintf_r>
 10064e2: 40f2         	lw	ra, 0x1c(sp)
 10064e4: 6121         	addi	sp, sp, 0x40
 10064e6: 8082         	ret

010064e8 <_vfprintf_r>:
 10064e8: 7145         	addi	sp, sp, -0x1d0
 10064ea: 1c112623     	sw	ra, 0x1cc(sp)
 10064ee: 1c812423     	sw	s0, 0x1c8(sp)
 10064f2: 1c912223     	sw	s1, 0x1c4(sp)
 10064f6: 1b612823     	sw	s6, 0x1b0(sp)
 10064fa: 84ae         	mv	s1, a1
 10064fc: 8b32         	mv	s6, a2
 10064fe: ca36         	sw	a3, 0x14(sp)
 1006500: 842a         	mv	s0, a0
 1006502: c42a         	sw	a0, 0x8(sp)
 1006504: 644050ef     	jal	0x100bb48 <_localeconv_r>
 1006508: 411c         	lw	a5, 0x0(a0)
 100650a: 853e         	mv	a0, a5
 100650c: d83e         	sw	a5, 0x30(sp)
 100650e: 383050ef     	jal	0x100c090 <strlen>
 1006512: d62a         	sw	a0, 0x2c(sp)
 1006514: c982         	sw	zero, 0xd0(sp)
 1006516: cb82         	sw	zero, 0xd4(sp)
 1006518: cd82         	sw	zero, 0xd8(sp)
 100651a: cf82         	sw	zero, 0xdc(sp)
 100651c: c409         	beqz	s0, 0x1006526 <_vfprintf_r+0x3e>
 100651e: 5858         	lw	a4, 0x34(s0)
 1006520: e319         	bnez	a4, 0x1006526 <_vfprintf_r+0x3e>
 1006522: 1b40106f     	j	0x10076d6 <_vfprintf_r+0x11ee>
 1006526: 00c49683     	lh	a3, 0xc(s1)
 100652a: 50f8         	lw	a4, 0x64(s1)
 100652c: 01269613     	slli	a2, a3, 0x12
 1006530: 00064a63     	bltz	a2, 0x1006544 <_vfprintf_r+0x5c>
 1006534: 7679         	lui	a2, 0xffffe
 1006536: 167d         	addi	a2, a2, -0x1
 1006538: 6589         	lui	a1, 0x2
 100653a: 8ecd         	or	a3, a3, a1
 100653c: 8f71         	and	a4, a4, a2
 100653e: 00d49623     	sh	a3, 0xc(s1)
 1006542: d0f8         	sw	a4, 0x64(s1)
 1006544: 01271693     	slli	a3, a4, 0x12
 1006548: 0006d463     	bgez	a3, 0x1006550 <_vfprintf_r+0x68>
 100654c: 0a10106f     	j	0x1007dec <_vfprintf_r+0x1904>
 1006550: 00c49703     	lh	a4, 0xc(s1)
 1006554: 00877693     	andi	a3, a4, 0x8
 1006558: 22068c63     	beqz	a3, 0x1006790 <_vfprintf_r+0x2a8>
 100655c: 4894         	lw	a3, 0x10(s1)
 100655e: 22068963     	beqz	a3, 0x1006790 <_vfprintf_r+0x2a8>
 1006562: 8b69         	andi	a4, a4, 0x1a
 1006564: 46a9         	li	a3, 0xa
 1006566: 24d70263     	beq	a4, a3, 0x10067aa <_vfprintf_r+0x2c2>
 100656a: 1b312e23     	sw	s3, 0x1bc(sp)
 100656e: 1b412c23     	sw	s4, 0x1b8(sp)
 1006572: 1ba12023     	sw	s10, 0x1a0(sp)
 1006576: 01010737     	lui	a4, 0x1010
 100657a: 1d212023     	sw	s2, 0x1c0(sp)
 100657e: 1b512a23     	sw	s5, 0x1b4(sp)
 1006582: 1b712623     	sw	s7, 0x1ac(sp)
 1006586: 1b812423     	sw	s8, 0x1a8(sp)
 100658a: 1b912223     	sw	s9, 0x1a4(sp)
 100658e: 19b12e23     	sw	s11, 0x19c(sp)
 1006592: 8d5a         	mv	s10, s6
 1006594: 97070793     	addi	a5, a4, -0x690
 1006598: 000d4703     	lbu	a4, 0x0(s10)
 100659c: 0ec10993     	addi	s3, sp, 0xec
 10065a0: 01010a37     	lui	s4, 0x1010
 10065a4: c3ce         	sw	s3, 0xc4(sp)
 10065a6: c782         	sw	zero, 0xcc(sp)
 10065a8: c582         	sw	zero, 0xc8(sp)
 10065aa: d002         	sw	zero, 0x20(sp)
 10065ac: da02         	sw	zero, 0x34(sp)
 10065ae: c082         	sw	zero, 0x40(sp)
 10065b0: de02         	sw	zero, 0x3c(sp)
 10065b2: c482         	sw	zero, 0x48(sp)
 10065b4: c282         	sw	zero, 0x44(sp)
 10065b6: c602         	sw	zero, 0xc(sp)
 10065b8: cc3e         	sw	a5, 0x18(sp)
 10065ba: 844e         	mv	s0, s3
 10065bc: b74a0a13     	addi	s4, s4, -0x48c
 10065c0: 18070063     	beqz	a4, 0x1006740 <_vfprintf_r+0x258>
 10065c4: 896a         	mv	s2, s10
 10065c6: 02500693     	li	a3, 0x25
 10065ca: 2ed70a63     	beq	a4, a3, 0x10068be <_vfprintf_r+0x3d6>
 10065ce: 00194703     	lbu	a4, 0x1(s2)
 10065d2: 0905         	addi	s2, s2, 0x1
 10065d4: fb7d         	bnez	a4, 0x10065ca <_vfprintf_r+0xe2>
 10065d6: 41a90ab3     	sub	s5, s2, s10
 10065da: 17a90363     	beq	s2, s10, 0x1006740 <_vfprintf_r+0x258>
 10065de: 46be         	lw	a3, 0xcc(sp)
 10065e0: 472e         	lw	a4, 0xc8(sp)
 10065e2: 01a42023     	sw	s10, 0x0(s0)
 10065e6: 96d6         	add	a3, a3, s5
 10065e8: 0705         	addi	a4, a4, 0x1
 10065ea: 01542223     	sw	s5, 0x4(s0)
 10065ee: c7b6         	sw	a3, 0xcc(sp)
 10065f0: c5ba         	sw	a4, 0xc8(sp)
 10065f2: 469d         	li	a3, 0x7
 10065f4: 0421         	addi	s0, s0, 0x8
 10065f6: 2ce6cb63     	blt	a3, a4, 0x10068cc <_vfprintf_r+0x3e4>
 10065fa: 47b2         	lw	a5, 0xc(sp)
 10065fc: 00094703     	lbu	a4, 0x0(s2)
 1006600: 97d6         	add	a5, a5, s5
 1006602: c63e         	sw	a5, 0xc(sp)
 1006604: 12070e63     	beqz	a4, 0x1006740 <_vfprintf_r+0x258>
 1006608: 00194883     	lbu	a7, 0x1(s2)
 100660c: 0a0103a3     	sb	zero, 0xa7(sp)
 1006610: 0905         	addi	s2, s2, 0x1
 1006612: 5afd         	li	s5, -0x1
 1006614: 4b81         	li	s7, 0x0
 1006616: 4c81         	li	s9, 0x0
 1006618: 05a00b13     	li	s6, 0x5a
 100661c: 0905         	addi	s2, s2, 0x1
 100661e: fe088793     	addi	a5, a7, -0x20
 1006622: 02fb6b63     	bltu	s6, a5, 0x1006658 <_vfprintf_r+0x170>
 1006626: 4762         	lw	a4, 0x18(sp)
 1006628: 078a         	slli	a5, a5, 0x2
 100662a: 97ba         	add	a5, a5, a4
 100662c: 439c         	lw	a5, 0x0(a5)
 100662e: 8782         	jr	a5
 1006630: 4b81         	li	s7, 0x0
 1006632: fd088793     	addi	a5, a7, -0x30
 1006636: 46a5         	li	a3, 0x9
 1006638: 00094883     	lbu	a7, 0x0(s2)
 100663c: 002b9713     	slli	a4, s7, 0x2
 1006640: 9bba         	add	s7, s7, a4
 1006642: 0b86         	slli	s7, s7, 0x1
 1006644: 9bbe         	add	s7, s7, a5
 1006646: fd088793     	addi	a5, a7, -0x30
 100664a: 0905         	addi	s2, s2, 0x1
 100664c: fef6f6e3     	bgeu	a3, a5, 0x1006638 <_vfprintf_r+0x150>
 1006650: fe088793     	addi	a5, a7, -0x20
 1006654: fcfb79e3     	bgeu	s6, a5, 0x1006626 <_vfprintf_r+0x13e>
 1006658: 0e088463     	beqz	a7, 0x1006740 <_vfprintf_r+0x258>
 100665c: 13110623     	sb	a7, 0x12c(sp)
 1006660: 0a0103a3     	sb	zero, 0xa7(sp)
 1006664: 4d85         	li	s11, 0x1
 1006666: 4b05         	li	s6, 0x1
 1006668: 12c10d13     	addi	s10, sp, 0x12c
 100666c: c802         	sw	zero, 0x10(sp)
 100666e: 4a81         	li	s5, 0x0
 1006670: d402         	sw	zero, 0x28(sp)
 1006672: d202         	sw	zero, 0x24(sp)
 1006674: ce02         	sw	zero, 0x1c(sp)
 1006676: 002cf293     	andi	t0, s9, 0x2
 100667a: 00028363     	beqz	t0, 0x1006680 <_vfprintf_r+0x198>
 100667e: 0d89         	addi	s11, s11, 0x2
 1006680: 084cff93     	andi	t6, s9, 0x84
 1006684: 463e         	lw	a2, 0xcc(sp)
 1006686: 000f9663     	bnez	t6, 0x1006692 <_vfprintf_r+0x1aa>
 100668a: 41bb8733     	sub	a4, s7, s11
 100668e: 0ce04be3     	bgtz	a4, 0x1006f64 <_vfprintf_r+0xa7c>
 1006692: 0a714703     	lbu	a4, 0xa7(sp)
 1006696: cf19         	beqz	a4, 0x10066b4 <_vfprintf_r+0x1cc>
 1006698: 472e         	lw	a4, 0xc8(sp)
 100669a: 0a710593     	addi	a1, sp, 0xa7
 100669e: c00c         	sw	a1, 0x0(s0)
 10066a0: 0605         	addi	a2, a2, 0x1
 10066a2: 4585         	li	a1, 0x1
 10066a4: 0705         	addi	a4, a4, 0x1
 10066a6: c04c         	sw	a1, 0x4(s0)
 10066a8: c7b2         	sw	a2, 0xcc(sp)
 10066aa: c5ba         	sw	a4, 0xc8(sp)
 10066ac: 459d         	li	a1, 0x7
 10066ae: 0421         	addi	s0, s0, 0x8
 10066b0: 2ee5c663     	blt	a1, a4, 0x100699c <_vfprintf_r+0x4b4>
 10066b4: 00028f63     	beqz	t0, 0x10066d2 <_vfprintf_r+0x1ea>
 10066b8: 472e         	lw	a4, 0xc8(sp)
 10066ba: 4589         	li	a1, 0x2
 10066bc: 0609         	addi	a2, a2, 0x2
 10066be: 0705         	addi	a4, a4, 0x1
 10066c0: 113c         	addi	a5, sp, 0xa8
 10066c2: c04c         	sw	a1, 0x4(s0)
 10066c4: c01c         	sw	a5, 0x0(s0)
 10066c6: c7b2         	sw	a2, 0xcc(sp)
 10066c8: c5ba         	sw	a4, 0xc8(sp)
 10066ca: 459d         	li	a1, 0x7
 10066cc: 0421         	addi	s0, s0, 0x8
 10066ce: 12e5cfe3     	blt	a1, a4, 0x100700c <_vfprintf_r+0xb24>
 10066d2: 08000713     	li	a4, 0x80
 10066d6: 74ef8063     	beq	t6, a4, 0x1006e16 <_vfprintf_r+0x92e>
 10066da: 416a8ab3     	sub	s5, s5, s6
 10066de: 7d504d63     	bgtz	s5, 0x1006eb8 <_vfprintf_r+0x9d0>
 10066e2: 100cf713     	andi	a4, s9, 0x100
 10066e6: 60071e63     	bnez	a4, 0x1006d02 <_vfprintf_r+0x81a>
 10066ea: 47ae         	lw	a5, 0xc8(sp)
 10066ec: 965a         	add	a2, a2, s6
 10066ee: 01a42023     	sw	s10, 0x0(s0)
 10066f2: 0785         	addi	a5, a5, 0x1
 10066f4: 01642223     	sw	s6, 0x4(s0)
 10066f8: c7b2         	sw	a2, 0xcc(sp)
 10066fa: c5be         	sw	a5, 0xc8(sp)
 10066fc: 471d         	li	a4, 0x7
 10066fe: 36f74463     	blt	a4, a5, 0x1006a66 <_vfprintf_r+0x57e>
 1006702: 0421         	addi	s0, s0, 0x8
 1006704: 004cfe13     	andi	t3, s9, 0x4
 1006708: 000e0663     	beqz	t3, 0x1006714 <_vfprintf_r+0x22c>
 100670c: 41bb8ab3     	sub	s5, s7, s11
 1006710: 11504ce3     	bgtz	s5, 0x1007028 <_vfprintf_r+0xb40>
 1006714: 835e         	mv	t1, s7
 1006716: 01bbd363     	bge	s7, s11, 0x100671c <_vfprintf_r+0x234>
 100671a: 836e         	mv	t1, s11
 100671c: 47b2         	lw	a5, 0xc(sp)
 100671e: 979a         	add	a5, a5, t1
 1006720: c63e         	sw	a5, 0xc(sp)
 1006722: 020610e3     	bnez	a2, 0x1006f42 <_vfprintf_r+0xa5a>
 1006726: 47c2         	lw	a5, 0x10(sp)
 1006728: c582         	sw	zero, 0xc8(sp)
 100672a: c789         	beqz	a5, 0x1006734 <_vfprintf_r+0x24c>
 100672c: 45c2         	lw	a1, 0x10(sp)
 100672e: 4522         	lw	a0, 0x8(sp)
 1006730: d26ff0ef     	jal	0x1005c56 <_free_r>
 1006734: 844e         	mv	s0, s3
 1006736: 8d4a         	mv	s10, s2
 1006738: 000d4703     	lbu	a4, 0x0(s10)
 100673c: e80714e3     	bnez	a4, 0x10065c4 <_vfprintf_r+0xdc>
 1006740: 47be         	lw	a5, 0xcc(sp)
 1006742: c399         	beqz	a5, 0x1006748 <_vfprintf_r+0x260>
 1006744: 33a0106f     	j	0x1007a7e <_vfprintf_r+0x1596>
 1006748: 00c4d783     	lhu	a5, 0xc(s1)
 100674c: 1c012903     	lw	s2, 0x1c0(sp)
 1006750: 1bc12983     	lw	s3, 0x1bc(sp)
 1006754: 0407f793     	andi	a5, a5, 0x40
 1006758: 1b812a03     	lw	s4, 0x1b8(sp)
 100675c: 1b412a83     	lw	s5, 0x1b4(sp)
 1006760: 1ac12b83     	lw	s7, 0x1ac(sp)
 1006764: 1a812c03     	lw	s8, 0x1a8(sp)
 1006768: 1a412c83     	lw	s9, 0x1a4(sp)
 100676c: 1a012d03     	lw	s10, 0x1a0(sp)
 1006770: 19c12d83     	lw	s11, 0x19c(sp)
 1006774: c399         	beqz	a5, 0x100677a <_vfprintf_r+0x292>
 1006776: 6760106f     	j	0x1007dec <_vfprintf_r+0x1904>
 100677a: 1cc12083     	lw	ra, 0x1cc(sp)
 100677e: 1c812403     	lw	s0, 0x1c8(sp)
 1006782: 4532         	lw	a0, 0xc(sp)
 1006784: 1c412483     	lw	s1, 0x1c4(sp)
 1006788: 1b012b03     	lw	s6, 0x1b0(sp)
 100678c: 6179         	addi	sp, sp, 0x1d0
 100678e: 8082         	ret
 1006790: 4522         	lw	a0, 0x8(sp)
 1006792: 85a6         	mv	a1, s1
 1006794: 7ff040ef     	jal	0x100b792 <__swsetup_r>
 1006798: c119         	beqz	a0, 0x100679e <_vfprintf_r+0x2b6>
 100679a: 6520106f     	j	0x1007dec <_vfprintf_r+0x1904>
 100679e: 00c49703     	lh	a4, 0xc(s1)
 10067a2: 46a9         	li	a3, 0xa
 10067a4: 8b69         	andi	a4, a4, 0x1a
 10067a6: dcd712e3     	bne	a4, a3, 0x100656a <_vfprintf_r+0x82>
 10067aa: 00e49703     	lh	a4, 0xe(s1)
 10067ae: da074ee3     	bltz	a4, 0x100656a <_vfprintf_r+0x82>
 10067b2: 46d2         	lw	a3, 0x14(sp)
 10067b4: 4522         	lw	a0, 0x8(sp)
 10067b6: 865a         	mv	a2, s6
 10067b8: 85a6         	mv	a1, s1
 10067ba: 101010ef     	jal	0x10080ba <__sbprintf>
 10067be: c62a         	sw	a0, 0xc(sp)
 10067c0: bf6d         	j	0x100677a <_vfprintf_r+0x292>
 10067c2: 4c22         	lw	s8, 0x8(sp)
 10067c4: 8562         	mv	a0, s8
 10067c6: 382050ef     	jal	0x100bb48 <_localeconv_r>
 10067ca: 415c         	lw	a5, 0x4(a0)
 10067cc: 853e         	mv	a0, a5
 10067ce: c2be         	sw	a5, 0x44(sp)
 10067d0: 0c1050ef     	jal	0x100c090 <strlen>
 10067d4: 87aa         	mv	a5, a0
 10067d6: 8562         	mv	a0, s8
 10067d8: c4be         	sw	a5, 0x48(sp)
 10067da: 8c3e         	mv	s8, a5
 10067dc: 36c050ef     	jal	0x100bb48 <_localeconv_r>
 10067e0: 451c         	lw	a5, 0x8(a0)
 10067e2: de3e         	sw	a5, 0x3c(sp)
 10067e4: 280c1ee3     	bnez	s8, 0x1007280 <_vfprintf_r+0xd98>
 10067e8: 00094883     	lbu	a7, 0x0(s2)
 10067ec: bd05         	j	0x100661c <_vfprintf_r+0x134>
 10067ee: 00094883     	lbu	a7, 0x0(s2)
 10067f2: 020cec93     	ori	s9, s9, 0x20
 10067f6: b51d         	j	0x100661c <_vfprintf_r+0x134>
 10067f8: 010cec93     	ori	s9, s9, 0x10
 10067fc: 020cf793     	andi	a5, s9, 0x20
 1006800: 26078d63     	beqz	a5, 0x1006a7a <_vfprintf_r+0x592>
 1006804: 47d2         	lw	a5, 0x14(sp)
 1006806: 00778c13     	addi	s8, a5, 0x7
 100680a: ff8c7c13     	andi	s8, s8, -0x8
 100680e: 004c2783     	lw	a5, 0x4(s8)
 1006812: 000c2b03     	lw	s6, 0x0(s8)
 1006816: 008c0713     	addi	a4, s8, 0x8
 100681a: ca3a         	sw	a4, 0x14(sp)
 100681c: 8dbe         	mv	s11, a5
 100681e: 2807c363     	bltz	a5, 0x1006aa4 <_vfprintf_r+0x5bc>
 1006822: 8ee6         	mv	t4, s9
 1006824: 380ac463     	bltz	s5, 0x1006bac <_vfprintf_r+0x6c4>
 1006828: 01bb67b3     	or	a5, s6, s11
 100682c: f7fcfe93     	andi	t4, s9, -0x81
 1006830: 36079e63     	bnez	a5, 0x1006bac <_vfprintf_r+0x6c4>
 1006834: 380a9163     	bnez	s5, 0x1006bb6 <_vfprintf_r+0x6ce>
 1006838: 4b01         	li	s6, 0x0
 100683a: 8cf6         	mv	s9, t4
 100683c: 19010d13     	addi	s10, sp, 0x190
 1006840: 0a714703     	lbu	a4, 0xa7(sp)
 1006844: 8dd6         	mv	s11, s5
 1006846: 016ad363     	bge	s5, s6, 0x100684c <_vfprintf_r+0x364>
 100684a: 8dda         	mv	s11, s6
 100684c: c802         	sw	zero, 0x10(sp)
 100684e: d402         	sw	zero, 0x28(sp)
 1006850: d202         	sw	zero, 0x24(sp)
 1006852: ce02         	sw	zero, 0x1c(sp)
 1006854: e20701e3     	beqz	a4, 0x1006676 <_vfprintf_r+0x18e>
 1006858: 0d85         	addi	s11, s11, 0x1
 100685a: bd31         	j	0x1006676 <_vfprintf_r+0x18e>
 100685c: 010cec93     	ori	s9, s9, 0x10
 1006860: 020cf793     	andi	a5, s9, 0x20
 1006864: 2a078c63     	beqz	a5, 0x1006b1c <_vfprintf_r+0x634>
 1006868: 47d2         	lw	a5, 0x14(sp)
 100686a: 00778c13     	addi	s8, a5, 0x7
 100686e: ff8c7c13     	andi	s8, s8, -0x8
 1006872: 000c2b03     	lw	s6, 0x0(s8)
 1006876: 004c2d83     	lw	s11, 0x4(s8)
 100687a: 008c0793     	addi	a5, s8, 0x8
 100687e: ca3e         	sw	a5, 0x14(sp)
 1006880: bffcfe93     	andi	t4, s9, -0x401
 1006884: 4781         	li	a5, 0x0
 1006886: 4701         	li	a4, 0x0
 1006888: 0ae103a3     	sb	a4, 0xa7(sp)
 100688c: 220acc63     	bltz	s5, 0x1006ac4 <_vfprintf_r+0x5dc>
 1006890: 01bb6733     	or	a4, s6, s11
 1006894: f7fefc93     	andi	s9, t4, -0x81
 1006898: 6c071463     	bnez	a4, 0x1006f60 <_vfprintf_r+0xa78>
 100689c: 520a9963     	bnez	s5, 0x1006dce <_vfprintf_r+0x8e6>
 10068a0: 180798e3     	bnez	a5, 0x1007230 <_vfprintf_r+0xd48>
 10068a4: 001efb13     	andi	s6, t4, 0x1
 10068a8: 19010d13     	addi	s10, sp, 0x190
 10068ac: f80b0ae3     	beqz	s6, 0x1006840 <_vfprintf_r+0x358>
 10068b0: 03000793     	li	a5, 0x30
 10068b4: 18f107a3     	sb	a5, 0x18f(sp)
 10068b8: 18f10d13     	addi	s10, sp, 0x18f
 10068bc: b751         	j	0x1006840 <_vfprintf_r+0x358>
 10068be: 41a90ab3     	sub	s5, s2, s10
 10068c2: d1a91ee3     	bne	s2, s10, 0x10065de <_vfprintf_r+0xf6>
 10068c6: 00094703     	lbu	a4, 0x0(s2)
 10068ca: bb2d         	j	0x1006604 <_vfprintf_r+0x11c>
 10068cc: 4522         	lw	a0, 0x8(sp)
 10068ce: 01d0         	addi	a2, sp, 0xc4
 10068d0: 85a6         	mv	a1, s1
 10068d2: 07f010ef     	jal	0x1008150 <__sprint_r>
 10068d6: e60519e3     	bnez	a0, 0x1006748 <_vfprintf_r+0x260>
 10068da: 844e         	mv	s0, s3
 10068dc: bb39         	j	0x10065fa <_vfprintf_r+0x112>
 10068de: 008cf713     	andi	a4, s9, 0x8
 10068e2: 1c071ee3     	bnez	a4, 0x10072be <_vfprintf_r+0xdd6>
 10068e6: 47d2         	lw	a5, 0x14(sp)
 10068e8: 0908         	addi	a0, sp, 0x90
 10068ea: c846         	sw	a7, 0x10(sp)
 10068ec: 00778c13     	addi	s8, a5, 0x7
 10068f0: ff8c7c13     	andi	s8, s8, -0x8
 10068f4: 000c3507     	fld	fa0, 0x0(s8)
 10068f8: 008c0793     	addi	a5, s8, 0x8
 10068fc: ca3e         	sw	a5, 0x14(sp)
 10068fe: 05a080ef     	jal	0x100e958 <__extenddftf2>
 1006902: 45ca         	lw	a1, 0x90(sp)
 1006904: 465a         	lw	a2, 0x94(sp)
 1006906: 46ea         	lw	a3, 0x98(sp)
 1006908: 477a         	lw	a4, 0x9c(sp)
 100690a: 48c2         	lw	a7, 0x10(sp)
 100690c: 0988         	addi	a0, sp, 0xd0
 100690e: c846         	sw	a7, 0x10(sp)
 1006910: cfba         	sw	a4, 0xdc(sp)
 1006912: c9ae         	sw	a1, 0xd0(sp)
 1006914: cbb2         	sw	a2, 0xd4(sp)
 1006916: cdb6         	sw	a3, 0xd8(sp)
 1006918: 13c020ef     	jal	0x1008a54 <_ldcheck>
 100691c: d72a         	sw	a0, 0xac(sp)
 100691e: 4709         	li	a4, 0x2
 1006920: 48c2         	lw	a7, 0x10(sp)
 1006922: 5ee50ae3     	beq	a0, a4, 0x1007716 <_vfprintf_r+0x122e>
 1006926: 4705         	li	a4, 0x1
 1006928: 6ce505e3     	beq	a0, a4, 0x10077f2 <_vfprintf_r+0x130a>
 100692c: 06100713     	li	a4, 0x61
 1006930: 2ce88ae3     	beq	a7, a4, 0x1007404 <_vfprintf_r+0xf1c>
 1006934: 04100713     	li	a4, 0x41
 1006938: 05800793     	li	a5, 0x58
 100693c: 2ce886e3     	beq	a7, a4, 0x1007408 <_vfprintf_r+0xf20>
 1006940: 577d         	li	a4, -0x1
 1006942: 00ea9463     	bne	s5, a4, 0x100694a <_vfprintf_r+0x462>
 1006946: 6500106f     	j	0x1007f96 <_vfprintf_r+0x1aae>
 100694a: fdf8f713     	andi	a4, a7, -0x21
 100694e: 04700693     	li	a3, 0x47
 1006952: c802         	sw	zero, 0x10(sp)
 1006954: 00d71563     	bne	a4, a3, 0x100695e <_vfprintf_r+0x476>
 1006958: 000a9363     	bnez	s5, 0x100695e <_vfprintf_r+0x476>
 100695c: 4a85         	li	s5, 0x1
 100695e: 4c7e         	lw	s8, 0xdc(sp)
 1006960: 100ce793     	ori	a5, s9, 0x100
 1006964: c6be         	sw	a5, 0x4c(sp)
 1006966: dc02         	sw	zero, 0x38(sp)
 1006968: 4fce         	lw	t6, 0xd0(sp)
 100696a: 4f5e         	lw	t5, 0xd4(sp)
 100696c: 4eee         	lw	t4, 0xd8(sp)
 100696e: 000c5963     	bgez	s8, 0x1006980 <_vfprintf_r+0x498>
 1006972: 80000737     	lui	a4, 0x80000
 1006976: 02d00793     	li	a5, 0x2d
 100697a: 01874c33     	xor	s8, a4, s8
 100697e: dc3e         	sw	a5, 0x38(sp)
 1006980: fbf88713     	addi	a4, a7, -0x41
 1006984: 02500693     	li	a3, 0x25
 1006988: 2ae6ece3     	bltu	a3, a4, 0x1007440 <_vfprintf_r+0xf58>
 100698c: 010106b7     	lui	a3, 0x1010
 1006990: 070a         	slli	a4, a4, 0x2
 1006992: adc68693     	addi	a3, a3, -0x524
 1006996: 9736         	add	a4, a4, a3
 1006998: 4318         	lw	a4, 0x0(a4)
 100699a: 8702         	jr	a4
 100699c: 4522         	lw	a0, 0x8(sp)
 100699e: 01d0         	addi	a2, sp, 0xc4
 10069a0: 85a6         	mv	a1, s1
 10069a2: c8c6         	sw	a7, 0x50(sp)
 10069a4: c6fe         	sw	t6, 0x4c(sp)
 10069a6: dc16         	sw	t0, 0x38(sp)
 10069a8: 7a8010ef     	jal	0x1008150 <__sprint_r>
 10069ac: 5a051263     	bnez	a0, 0x1006f50 <_vfprintf_r+0xa68>
 10069b0: 463e         	lw	a2, 0xcc(sp)
 10069b2: 48c6         	lw	a7, 0x50(sp)
 10069b4: 4fb6         	lw	t6, 0x4c(sp)
 10069b6: 52e2         	lw	t0, 0x38(sp)
 10069b8: 844e         	mv	s0, s3
 10069ba: b9ed         	j	0x10066b4 <_vfprintf_r+0x1cc>
 10069bc: 4aae         	lw	s5, 0xc8(sp)
 10069be: 5782         	lw	a5, 0x20(sp)
 10069c0: 4705         	li	a4, 0x1
 10069c2: 01a42023     	sw	s10, 0x0(s0)
 10069c6: 00160c13     	addi	s8, a2, 0x1
 10069ca: 0a85         	addi	s5, s5, 0x1
 10069cc: 00840b13     	addi	s6, s0, 0x8
 10069d0: 7af75f63     	bge	a4, a5, 0x100718e <_vfprintf_r+0xca6>
 10069d4: 4705         	li	a4, 0x1
 10069d6: c058         	sw	a4, 0x4(s0)
 10069d8: c7e2         	sw	s8, 0xcc(sp)
 10069da: c5d6         	sw	s5, 0xc8(sp)
 10069dc: 471d         	li	a4, 0x7
 10069de: 39574ee3     	blt	a4, s5, 0x100757a <_vfprintf_r+0x1092>
 10069e2: 57b2         	lw	a5, 0x2c(sp)
 10069e4: 5742         	lw	a4, 0x30(sp)
 10069e6: 0a85         	addi	s5, s5, 0x1
 10069e8: 9c3e         	add	s8, s8, a5
 10069ea: 00eb2023     	sw	a4, 0x0(s6)
 10069ee: 00fb2223     	sw	a5, 0x4(s6)
 10069f2: c7e2         	sw	s8, 0xcc(sp)
 10069f4: c5d6         	sw	s5, 0xc8(sp)
 10069f6: 471d         	li	a4, 0x7
 10069f8: 0b21         	addi	s6, s6, 0x8
 10069fa: 39574ce3     	blt	a4, s5, 0x1007592 <_vfprintf_r+0x10aa>
 10069fe: 474e         	lw	a4, 0xd0(sp)
 1006a00: 5782         	lw	a5, 0x20(sp)
 1006a02: 010c         	addi	a1, sp, 0x80
 1006a04: c93a         	sw	a4, 0x90(sp)
 1006a06: 475e         	lw	a4, 0xd4(sp)
 1006a08: 0908         	addi	a0, sp, 0x90
 1006a0a: c102         	sw	zero, 0x80(sp)
 1006a0c: cb3a         	sw	a4, 0x94(sp)
 1006a0e: 476e         	lw	a4, 0xd8(sp)
 1006a10: c302         	sw	zero, 0x84(sp)
 1006a12: c502         	sw	zero, 0x88(sp)
 1006a14: cd3a         	sw	a4, 0x98(sp)
 1006a16: 477e         	lw	a4, 0xdc(sp)
 1006a18: c702         	sw	zero, 0x8c(sp)
 1006a1a: fff78413     	addi	s0, a5, -0x1
 1006a1e: cf3a         	sw	a4, 0x9c(sp)
 1006a20: 419050ef     	jal	0x100c638 <__netf2>
 1006a24: 78050a63     	beqz	a0, 0x10071b8 <_vfprintf_r+0xcd0>
 1006a28: 001d0793     	addi	a5, s10, 0x1
 1006a2c: 0a85         	addi	s5, s5, 0x1
 1006a2e: 9c22         	add	s8, s8, s0
 1006a30: 00fb2023     	sw	a5, 0x0(s6)
 1006a34: 008b2223     	sw	s0, 0x4(s6)
 1006a38: c7e2         	sw	s8, 0xcc(sp)
 1006a3a: c5d6         	sw	s5, 0xc8(sp)
 1006a3c: 479d         	li	a5, 0x7
 1006a3e: 0b21         	addi	s6, s6, 0x8
 1006a40: 7757c163     	blt	a5, s5, 0x10071a2 <_vfprintf_r+0xcba>
 1006a44: 4686         	lw	a3, 0x40(sp)
 1006a46: 1958         	addi	a4, sp, 0xb4
 1006a48: 001a8793     	addi	a5, s5, 0x1
 1006a4c: 01868633     	add	a2, a3, s8
 1006a50: 00eb2023     	sw	a4, 0x0(s6)
 1006a54: 00db2223     	sw	a3, 0x4(s6)
 1006a58: c7b2         	sw	a2, 0xcc(sp)
 1006a5a: c5be         	sw	a5, 0xc8(sp)
 1006a5c: 471d         	li	a4, 0x7
 1006a5e: 008b0413     	addi	s0, s6, 0x8
 1006a62: caf751e3     	bge	a4, a5, 0x1006704 <_vfprintf_r+0x21c>
 1006a66: 4522         	lw	a0, 0x8(sp)
 1006a68: 01d0         	addi	a2, sp, 0xc4
 1006a6a: 85a6         	mv	a1, s1
 1006a6c: 6e4010ef     	jal	0x1008150 <__sprint_r>
 1006a70: 4e051063     	bnez	a0, 0x1006f50 <_vfprintf_r+0xa68>
 1006a74: 463e         	lw	a2, 0xcc(sp)
 1006a76: 844e         	mv	s0, s3
 1006a78: b171         	j	0x1006704 <_vfprintf_r+0x21c>
 1006a7a: 4752         	lw	a4, 0x14(sp)
 1006a7c: 010cf793     	andi	a5, s9, 0x10
 1006a80: 00072b03     	lw	s6, 0x0(a4)
 1006a84: 0711         	addi	a4, a4, 0x4
 1006a86: ca3a         	sw	a4, 0x14(sp)
 1006a88: 7e079763     	bnez	a5, 0x1007276 <_vfprintf_r+0xd8e>
 1006a8c: 040cf793     	andi	a5, s9, 0x40
 1006a90: 7c078f63     	beqz	a5, 0x100726e <_vfprintf_r+0xd86>
 1006a94: 0b42         	slli	s6, s6, 0x10
 1006a96: 410b5b13     	srai	s6, s6, 0x10
 1006a9a: 41fb5d93     	srai	s11, s6, 0x1f
 1006a9e: 87ee         	mv	a5, s11
 1006aa0: d807d1e3     	bgez	a5, 0x1006822 <_vfprintf_r+0x33a>
 1006aa4: 02d00713     	li	a4, 0x2d
 1006aa8: 016037b3     	snez	a5, s6
 1006aac: 41b00db3     	neg	s11, s11
 1006ab0: 0ae103a3     	sb	a4, 0xa7(sp)
 1006ab4: 40fd8db3     	sub	s11, s11, a5
 1006ab8: 41600b33     	neg	s6, s6
 1006abc: 8ee6         	mv	t4, s9
 1006abe: 4785         	li	a5, 0x1
 1006ac0: dc0ad8e3     	bgez	s5, 0x1006890 <_vfprintf_r+0x3a8>
 1006ac4: 4705         	li	a4, 0x1
 1006ac6: 0ee78363     	beq	a5, a4, 0x1006bac <_vfprintf_r+0x6c4>
 1006aca: 4709         	li	a4, 0x2
 1006acc: 30e78a63     	beq	a5, a4, 0x1006de0 <_vfprintf_r+0x8f8>
 1006ad0: 19010d13     	addi	s10, sp, 0x190
 1006ad4: 01dd9793     	slli	a5, s11, 0x1d
 1006ad8: 007b7713     	andi	a4, s6, 0x7
 1006adc: 003b5b13     	srli	s6, s6, 0x3
 1006ae0: 03070713     	addi	a4, a4, 0x30
 1006ae4: 0167eb33     	or	s6, a5, s6
 1006ae8: 003ddd93     	srli	s11, s11, 0x3
 1006aec: feed0fa3     	sb	a4, -0x1(s10)
 1006af0: 01bb67b3     	or	a5, s6, s11
 1006af4: 866a         	mv	a2, s10
 1006af6: 1d7d         	addi	s10, s10, -0x1
 1006af8: fff1         	bnez	a5, 0x1006ad4 <_vfprintf_r+0x5ec>
 1006afa: 001ef693     	andi	a3, t4, 0x1
 1006afe: 30068763     	beqz	a3, 0x1006e0c <_vfprintf_r+0x924>
 1006b02: 03000693     	li	a3, 0x30
 1006b06: 30d70363     	beq	a4, a3, 0x1006e0c <_vfprintf_r+0x924>
 1006b0a: 1679         	addi	a2, a2, -0x2
 1006b0c: 0b1c         	addi	a5, sp, 0x190
 1006b0e: fedd0fa3     	sb	a3, -0x1(s10)
 1006b12: 40c78b33     	sub	s6, a5, a2
 1006b16: 8cf6         	mv	s9, t4
 1006b18: 8d32         	mv	s10, a2
 1006b1a: b31d         	j	0x1006840 <_vfprintf_r+0x358>
 1006b1c: 4752         	lw	a4, 0x14(sp)
 1006b1e: 010cf793     	andi	a5, s9, 0x10
 1006b22: 00072b03     	lw	s6, 0x0(a4)
 1006b26: 0711         	addi	a4, a4, 0x4
 1006b28: ca3a         	sw	a4, 0x14(sp)
 1006b2a: 72079f63     	bnez	a5, 0x1007268 <_vfprintf_r+0xd80>
 1006b2e: 040cf793     	andi	a5, s9, 0x40
 1006b32: 72078763     	beqz	a5, 0x1007260 <_vfprintf_r+0xd78>
 1006b36: 0b42         	slli	s6, s6, 0x10
 1006b38: 010b5b13     	srli	s6, s6, 0x10
 1006b3c: 4d81         	li	s11, 0x0
 1006b3e: b389         	j	0x1006880 <_vfprintf_r+0x398>
 1006b40: 4752         	lw	a4, 0x14(sp)
 1006b42: 0a0103a3     	sb	zero, 0xa7(sp)
 1006b46: 4d85         	li	s11, 0x1
 1006b48: 431c         	lw	a5, 0x0(a4)
 1006b4a: 0711         	addi	a4, a4, 0x4
 1006b4c: ca3a         	sw	a4, 0x14(sp)
 1006b4e: 12f10623     	sb	a5, 0x12c(sp)
 1006b52: 4b05         	li	s6, 0x1
 1006b54: 12c10d13     	addi	s10, sp, 0x12c
 1006b58: be11         	j	0x100666c <_vfprintf_r+0x184>
 1006b5a: 47d2         	lw	a5, 0x14(sp)
 1006b5c: 0a0103a3     	sb	zero, 0xa7(sp)
 1006b60: 0007ad03     	lw	s10, 0x0(a5)
 1006b64: 00478c13     	addi	s8, a5, 0x4
 1006b68: 000d05e3     	beqz	s10, 0x1007372 <_vfprintf_r+0xe8a>
 1006b6c: 440ac3e3     	bltz	s5, 0x10077b2 <_vfprintf_r+0x12ca>
 1006b70: 8656         	mv	a2, s5
 1006b72: 4581         	li	a1, 0x0
 1006b74: 856a         	mv	a0, s10
 1006b76: ca46         	sw	a7, 0x14(sp)
 1006b78: 603040ef     	jal	0x100b97a <memchr>
 1006b7c: c82a         	sw	a0, 0x10(sp)
 1006b7e: 48d2         	lw	a7, 0x14(sp)
 1006b80: e119         	bnez	a0, 0x1006b86 <_vfprintf_r+0x69e>
 1006b82: 2800106f     	j	0x1007e02 <_vfprintf_r+0x191a>
 1006b86: 47c2         	lw	a5, 0x10(sp)
 1006b88: 0a714703     	lbu	a4, 0xa7(sp)
 1006b8c: ca62         	sw	s8, 0x14(sp)
 1006b8e: 41a78b33     	sub	s6, a5, s10
 1006b92: fffb4693     	not	a3, s6
 1006b96: 86fd         	srai	a3, a3, 0x1f
 1006b98: c802         	sw	zero, 0x10(sp)
 1006b9a: d402         	sw	zero, 0x28(sp)
 1006b9c: d202         	sw	zero, 0x24(sp)
 1006b9e: ce02         	sw	zero, 0x1c(sp)
 1006ba0: 00db7db3     	and	s11, s6, a3
 1006ba4: 4a81         	li	s5, 0x0
 1006ba6: ca0719e3     	bnez	a4, 0x1006858 <_vfprintf_r+0x370>
 1006baa: b4f1         	j	0x1006676 <_vfprintf_r+0x18e>
 1006bac: 200d95e3     	bnez	s11, 0x10075b6 <_vfprintf_r+0x10ce>
 1006bb0: 47a5         	li	a5, 0x9
 1006bb2: 2167e2e3     	bltu	a5, s6, 0x10075b6 <_vfprintf_r+0x10ce>
 1006bb6: 030b0b13     	addi	s6, s6, 0x30
 1006bba: 196107a3     	sb	s6, 0x18f(sp)
 1006bbe: 8cf6         	mv	s9, t4
 1006bc0: 4b05         	li	s6, 0x1
 1006bc2: 18f10d13     	addi	s10, sp, 0x18f
 1006bc6: b9ad         	j	0x1006840 <_vfprintf_r+0x358>
 1006bc8: 47d2         	lw	a5, 0x14(sp)
 1006bca: 0007ab83     	lw	s7, 0x0(a5)
 1006bce: 0791         	addi	a5, a5, 0x4
 1006bd0: 660bda63     	bgez	s7, 0x1007244 <_vfprintf_r+0xd5c>
 1006bd4: 41700bb3     	neg	s7, s7
 1006bd8: ca3e         	sw	a5, 0x14(sp)
 1006bda: 00094883     	lbu	a7, 0x0(s2)
 1006bde: 004cec93     	ori	s9, s9, 0x4
 1006be2: bc2d         	j	0x100661c <_vfprintf_r+0x134>
 1006be4: 02b00793     	li	a5, 0x2b
 1006be8: 00094883     	lbu	a7, 0x0(s2)
 1006bec: 0af103a3     	sb	a5, 0xa7(sp)
 1006bf0: b435         	j	0x100661c <_vfprintf_r+0x134>
 1006bf2: 00094883     	lbu	a7, 0x0(s2)
 1006bf6: 080cec93     	ori	s9, s9, 0x80
 1006bfa: b40d         	j	0x100661c <_vfprintf_r+0x134>
 1006bfc: 00094883     	lbu	a7, 0x0(s2)
 1006c00: 02a00793     	li	a5, 0x2a
 1006c04: 00190693     	addi	a3, s2, 0x1
 1006c08: 00f89463     	bne	a7, a5, 0x1006c10 <_vfprintf_r+0x728>
 1006c0c: 4760106f     	j	0x1008082 <_vfprintf_r+0x1b9a>
 1006c10: fd088793     	addi	a5, a7, -0x30
 1006c14: 4725         	li	a4, 0x9
 1006c16: 4a81         	li	s5, 0x0
 1006c18: 4625         	li	a2, 0x9
 1006c1a: 02f76063     	bltu	a4, a5, 0x1006c3a <_vfprintf_r+0x752>
 1006c1e: 0006c883     	lbu	a7, 0x0(a3)
 1006c22: 002a9713     	slli	a4, s5, 0x2
 1006c26: 9aba         	add	s5, s5, a4
 1006c28: 0a86         	slli	s5, s5, 0x1
 1006c2a: 9abe         	add	s5, s5, a5
 1006c2c: fd088793     	addi	a5, a7, -0x30
 1006c30: 0685         	addi	a3, a3, 0x1
 1006c32: fef676e3     	bgeu	a2, a5, 0x1006c1e <_vfprintf_r+0x736>
 1006c36: 6a0ac263     	bltz	s5, 0x10072da <_vfprintf_r+0xdf2>
 1006c3a: 8936         	mv	s2, a3
 1006c3c: b2cd         	j	0x100661e <_vfprintf_r+0x136>
 1006c3e: 00094883     	lbu	a7, 0x0(s2)
 1006c42: 001cec93     	ori	s9, s9, 0x1
 1006c46: bad9         	j	0x100661c <_vfprintf_r+0x134>
 1006c48: 0a714783     	lbu	a5, 0xa7(sp)
 1006c4c: 00094883     	lbu	a7, 0x0(s2)
 1006c50: 9c0796e3     	bnez	a5, 0x100661c <_vfprintf_r+0x134>
 1006c54: 02000793     	li	a5, 0x20
 1006c58: 0af103a3     	sb	a5, 0xa7(sp)
 1006c5c: b2c1         	j	0x100661c <_vfprintf_r+0x134>
 1006c5e: 010cee93     	ori	t4, s9, 0x10
 1006c62: 020ef793     	andi	a5, t4, 0x20
 1006c66: 5a078363     	beqz	a5, 0x100720c <_vfprintf_r+0xd24>
 1006c6a: 47d2         	lw	a5, 0x14(sp)
 1006c6c: 00778c13     	addi	s8, a5, 0x7
 1006c70: ff8c7c13     	andi	s8, s8, -0x8
 1006c74: 008c0793     	addi	a5, s8, 0x8
 1006c78: ca3e         	sw	a5, 0x14(sp)
 1006c7a: 000c2b03     	lw	s6, 0x0(s8)
 1006c7e: 004c2d83     	lw	s11, 0x4(s8)
 1006c82: 4785         	li	a5, 0x1
 1006c84: b109         	j	0x1006886 <_vfprintf_r+0x39e>
 1006c86: 00094883     	lbu	a7, 0x0(s2)
 1006c8a: 008cec93     	ori	s9, s9, 0x8
 1006c8e: b279         	j	0x100661c <_vfprintf_r+0x134>
 1006c90: 4752         	lw	a4, 0x14(sp)
 1006c92: 67a1         	lui	a5, 0x8
 1006c94: 83078793     	addi	a5, a5, -0x7d0
 1006c98: 0af11423     	sh	a5, 0xa8(sp)
 1006c9c: 00470793     	addi	a5, a4, 0x4
 1006ca0: ca3e         	sw	a5, 0x14(sp)
 1006ca2: 010107b7     	lui	a5, 0x1010
 1006ca6: 8fc78793     	addi	a5, a5, -0x704
 1006caa: da3e         	sw	a5, 0x34(sp)
 1006cac: 00072b03     	lw	s6, 0x0(a4)
 1006cb0: 4d81         	li	s11, 0x0
 1006cb2: 002cee93     	ori	t4, s9, 0x2
 1006cb6: 4789         	li	a5, 0x2
 1006cb8: 07800893     	li	a7, 0x78
 1006cbc: b6e9         	j	0x1006886 <_vfprintf_r+0x39e>
 1006cbe: 020cf793     	andi	a5, s9, 0x20
 1006cc2: 5c078c63     	beqz	a5, 0x100729a <_vfprintf_r+0xdb2>
 1006cc6: 47d2         	lw	a5, 0x14(sp)
 1006cc8: 46b2         	lw	a3, 0xc(sp)
 1006cca: 439c         	lw	a5, 0x0(a5)
 1006ccc: 41f6d713     	srai	a4, a3, 0x1f
 1006cd0: c394         	sw	a3, 0x0(a5)
 1006cd2: c3d8         	sw	a4, 0x4(a5)
 1006cd4: 47d2         	lw	a5, 0x14(sp)
 1006cd6: 8d4a         	mv	s10, s2
 1006cd8: 0791         	addi	a5, a5, 0x4
 1006cda: ca3e         	sw	a5, 0x14(sp)
 1006cdc: bcb1         	j	0x1006738 <_vfprintf_r+0x250>
 1006cde: 00094883     	lbu	a7, 0x0(s2)
 1006ce2: 06c00793     	li	a5, 0x6c
 1006ce6: 66f88563     	beq	a7, a5, 0x1007350 <_vfprintf_r+0xe68>
 1006cea: 010cec93     	ori	s9, s9, 0x10
 1006cee: b23d         	j	0x100661c <_vfprintf_r+0x134>
 1006cf0: 00094883     	lbu	a7, 0x0(s2)
 1006cf4: 06800793     	li	a5, 0x68
 1006cf8: 64f88563     	beq	a7, a5, 0x1007342 <_vfprintf_r+0xe5a>
 1006cfc: 040cec93     	ori	s9, s9, 0x40
 1006d00: ba31         	j	0x100661c <_vfprintf_r+0x134>
 1006d02: 06500713     	li	a4, 0x65
 1006d06: cb175be3     	bge	a4, a7, 0x10069bc <_vfprintf_r+0x4d4>
 1006d0a: 474e         	lw	a4, 0xd0(sp)
 1006d0c: 010c         	addi	a1, sp, 0x80
 1006d0e: 0908         	addi	a0, sp, 0x90
 1006d10: c93a         	sw	a4, 0x90(sp)
 1006d12: 475e         	lw	a4, 0xd4(sp)
 1006d14: dc32         	sw	a2, 0x38(sp)
 1006d16: c102         	sw	zero, 0x80(sp)
 1006d18: cb3a         	sw	a4, 0x94(sp)
 1006d1a: 476e         	lw	a4, 0xd8(sp)
 1006d1c: c302         	sw	zero, 0x84(sp)
 1006d1e: c502         	sw	zero, 0x88(sp)
 1006d20: cd3a         	sw	a4, 0x98(sp)
 1006d22: 477e         	lw	a4, 0xdc(sp)
 1006d24: c702         	sw	zero, 0x8c(sp)
 1006d26: cf3a         	sw	a4, 0x9c(sp)
 1006d28: 111050ef     	jal	0x100c638 <__netf2>
 1006d2c: 5662         	lw	a2, 0x38(sp)
 1006d2e: 36051963     	bnez	a0, 0x10070a0 <_vfprintf_r+0xbb8>
 1006d32: 47ae         	lw	a5, 0xc8(sp)
 1006d34: 01010737     	lui	a4, 0x1010
 1006d38: 8c070713     	addi	a4, a4, -0x740
 1006d3c: c018         	sw	a4, 0x0(s0)
 1006d3e: 0605         	addi	a2, a2, 0x1
 1006d40: 4705         	li	a4, 0x1
 1006d42: 0785         	addi	a5, a5, 0x1
 1006d44: c058         	sw	a4, 0x4(s0)
 1006d46: c7b2         	sw	a2, 0xcc(sp)
 1006d48: c5be         	sw	a5, 0xc8(sp)
 1006d4a: 471d         	li	a4, 0x7
 1006d4c: 0421         	addi	s0, s0, 0x8
 1006d4e: 18f749e3     	blt	a4, a5, 0x10076e0 <_vfprintf_r+0x11f8>
 1006d52: 57ba         	lw	a5, 0xac(sp)
 1006d54: 5702         	lw	a4, 0x20(sp)
 1006d56: 4ee7d263     	bge	a5, a4, 0x100723a <_vfprintf_r+0xd52>
 1006d5a: 57c2         	lw	a5, 0x30(sp)
 1006d5c: 5732         	lw	a4, 0x2c(sp)
 1006d5e: 0421         	addi	s0, s0, 0x8
 1006d60: fef42c23     	sw	a5, -0x8(s0)
 1006d64: 47ae         	lw	a5, 0xc8(sp)
 1006d66: 963a         	add	a2, a2, a4
 1006d68: fee42e23     	sw	a4, -0x4(s0)
 1006d6c: 0785         	addi	a5, a5, 0x1
 1006d6e: c7b2         	sw	a2, 0xcc(sp)
 1006d70: c5be         	sw	a5, 0xc8(sp)
 1006d72: 471d         	li	a4, 0x7
 1006d74: 5ef74563     	blt	a4, a5, 0x100735e <_vfprintf_r+0xe76>
 1006d78: 5782         	lw	a5, 0x20(sp)
 1006d7a: fff78a93     	addi	s5, a5, -0x1
 1006d7e: 995053e3     	blez	s5, 0x1006704 <_vfprintf_r+0x21c>
 1006d82: 01010837     	lui	a6, 0x1010
 1006d86: b7480813     	addi	a6, a6, -0x48c
 1006d8a: 4741         	li	a4, 0x10
 1006d8c: 47ae         	lw	a5, 0xc8(sp)
 1006d8e: 4b41         	li	s6, 0x10
 1006d90: 4c1d         	li	s8, 0x7
 1006d92: 8d42         	mv	s10, a6
 1006d94: 01574763     	blt	a4, s5, 0x1006da2 <_vfprintf_r+0x8ba>
 1006d98: 1610006f     	j	0x10076f8 <_vfprintf_r+0x1210>
 1006d9c: 1ac1         	addi	s5, s5, -0x10
 1006d9e: 155b5ce3     	bge	s6, s5, 0x10076f6 <_vfprintf_r+0x120e>
 1006da2: 0641         	addi	a2, a2, 0x10
 1006da4: 0785         	addi	a5, a5, 0x1
 1006da6: 01a42023     	sw	s10, 0x0(s0)
 1006daa: 01642223     	sw	s6, 0x4(s0)
 1006dae: c7b2         	sw	a2, 0xcc(sp)
 1006db0: c5be         	sw	a5, 0xc8(sp)
 1006db2: 0421         	addi	s0, s0, 0x8
 1006db4: fefc54e3     	bge	s8, a5, 0x1006d9c <_vfprintf_r+0x8b4>
 1006db8: 4522         	lw	a0, 0x8(sp)
 1006dba: 01d0         	addi	a2, sp, 0xc4
 1006dbc: 85a6         	mv	a1, s1
 1006dbe: 392010ef     	jal	0x1008150 <__sprint_r>
 1006dc2: 18051763     	bnez	a0, 0x1006f50 <_vfprintf_r+0xa68>
 1006dc6: 463e         	lw	a2, 0xcc(sp)
 1006dc8: 47ae         	lw	a5, 0xc8(sp)
 1006dca: 844e         	mv	s0, s3
 1006dcc: bfc1         	j	0x1006d9c <_vfprintf_r+0x8b4>
 1006dce: 4705         	li	a4, 0x1
 1006dd0: 00e79463     	bne	a5, a4, 0x1006dd8 <_vfprintf_r+0x8f0>
 1006dd4: 1120106f     	j	0x1007ee6 <_vfprintf_r+0x19fe>
 1006dd8: 4709         	li	a4, 0x2
 1006dda: 8ee6         	mv	t4, s9
 1006ddc: cee79ae3     	bne	a5, a4, 0x1006ad0 <_vfprintf_r+0x5e8>
 1006de0: 56d2         	lw	a3, 0x34(sp)
 1006de2: 19010d13     	addi	s10, sp, 0x190
 1006de6: 00fb7793     	andi	a5, s6, 0xf
 1006dea: 97b6         	add	a5, a5, a3
 1006dec: 0007c703     	lbu	a4, 0x0(a5)
 1006df0: 004b5b13     	srli	s6, s6, 0x4
 1006df4: 01cd9793     	slli	a5, s11, 0x1c
 1006df8: 0167eb33     	or	s6, a5, s6
 1006dfc: 004ddd93     	srli	s11, s11, 0x4
 1006e00: feed0fa3     	sb	a4, -0x1(s10)
 1006e04: 01bb67b3     	or	a5, s6, s11
 1006e08: 1d7d         	addi	s10, s10, -0x1
 1006e0a: fff1         	bnez	a5, 0x1006de6 <_vfprintf_r+0x8fe>
 1006e0c: 0b1c         	addi	a5, sp, 0x190
 1006e0e: 41a78b33     	sub	s6, a5, s10
 1006e12: 8cf6         	mv	s9, t4
 1006e14: b435         	j	0x1006840 <_vfprintf_r+0x358>
 1006e16: 41bb8c33     	sub	s8, s7, s11
 1006e1a: 8d8050e3     	blez	s8, 0x10066da <_vfprintf_r+0x1f2>
 1006e1e: 01010837     	lui	a6, 0x1010
 1006e22: 4541         	li	a0, 0x10
 1006e24: 45ae         	lw	a1, 0xc8(sp)
 1006e26: b7480813     	addi	a6, a6, -0x48c
 1006e2a: 05855f63     	bge	a0, s8, 0x1006e88 <_vfprintf_r+0x9a0>
 1006e2e: dc4a         	sw	s2, 0x38(sp)
 1006e30: 87a2         	mv	a5, s0
 1006e32: 4ec1         	li	t4, 0x10
 1006e34: 8462         	mv	s0, s8
 1006e36: 4f9d         	li	t6, 0x7
 1006e38: 8c5a         	mv	s8, s6
 1006e3a: 8942         	mv	s2, a6
 1006e3c: 8b56         	mv	s6, s5
 1006e3e: 8ac6         	mv	s5, a7
 1006e40: a021         	j	0x1006e48 <_vfprintf_r+0x960>
 1006e42: 1441         	addi	s0, s0, -0x10
 1006e44: 028edb63     	bge	t4, s0, 0x1006e7a <_vfprintf_r+0x992>
 1006e48: 0641         	addi	a2, a2, 0x10
 1006e4a: 0585         	addi	a1, a1, 0x1
 1006e4c: 0127a023     	sw	s2, 0x0(a5)
 1006e50: 01d7a223     	sw	t4, 0x4(a5)
 1006e54: c7b2         	sw	a2, 0xcc(sp)
 1006e56: c5ae         	sw	a1, 0xc8(sp)
 1006e58: 07a1         	addi	a5, a5, 0x8
 1006e5a: febfd4e3     	bge	t6, a1, 0x1006e42 <_vfprintf_r+0x95a>
 1006e5e: 4522         	lw	a0, 0x8(sp)
 1006e60: 01d0         	addi	a2, sp, 0xc4
 1006e62: 85a6         	mv	a1, s1
 1006e64: 2ec010ef     	jal	0x1008150 <__sprint_r>
 1006e68: e565         	bnez	a0, 0x1006f50 <_vfprintf_r+0xa68>
 1006e6a: 4ec1         	li	t4, 0x10
 1006e6c: 1441         	addi	s0, s0, -0x10
 1006e6e: 463e         	lw	a2, 0xcc(sp)
 1006e70: 45ae         	lw	a1, 0xc8(sp)
 1006e72: 87ce         	mv	a5, s3
 1006e74: 4f9d         	li	t6, 0x7
 1006e76: fc8ec9e3     	blt	t4, s0, 0x1006e48 <_vfprintf_r+0x960>
 1006e7a: 884a         	mv	a6, s2
 1006e7c: 5962         	lw	s2, 0x38(sp)
 1006e7e: 88d6         	mv	a7, s5
 1006e80: 8ada         	mv	s5, s6
 1006e82: 8b62         	mv	s6, s8
 1006e84: 8c22         	mv	s8, s0
 1006e86: 843e         	mv	s0, a5
 1006e88: 9662         	add	a2, a2, s8
 1006e8a: 0585         	addi	a1, a1, 0x1
 1006e8c: 01042023     	sw	a6, 0x0(s0)
 1006e90: 01842223     	sw	s8, 0x4(s0)
 1006e94: c7b2         	sw	a2, 0xcc(sp)
 1006e96: c5ae         	sw	a1, 0xc8(sp)
 1006e98: 471d         	li	a4, 0x7
 1006e9a: 0421         	addi	s0, s0, 0x8
 1006e9c: 82b75fe3     	bge	a4, a1, 0x10066da <_vfprintf_r+0x1f2>
 1006ea0: 4522         	lw	a0, 0x8(sp)
 1006ea2: 01d0         	addi	a2, sp, 0xc4
 1006ea4: 85a6         	mv	a1, s1
 1006ea6: dc46         	sw	a7, 0x38(sp)
 1006ea8: 2a8010ef     	jal	0x1008150 <__sprint_r>
 1006eac: e155         	bnez	a0, 0x1006f50 <_vfprintf_r+0xa68>
 1006eae: 463e         	lw	a2, 0xcc(sp)
 1006eb0: 58e2         	lw	a7, 0x38(sp)
 1006eb2: 844e         	mv	s0, s3
 1006eb4: 827ff06f     	j	0x10066da <_vfprintf_r+0x1f2>
 1006eb8: 01010837     	lui	a6, 0x1010
 1006ebc: 4741         	li	a4, 0x10
 1006ebe: 45ae         	lw	a1, 0xc8(sp)
 1006ec0: b7480813     	addi	a6, a6, -0x48c
 1006ec4: 05575763     	bge	a4, s5, 0x1006f12 <_vfprintf_r+0xa2a>
 1006ec8: 87a2         	mv	a5, s0
 1006eca: 4741         	li	a4, 0x10
 1006ecc: 8456         	mv	s0, s5
 1006ece: 4c1d         	li	s8, 0x7
 1006ed0: dc46         	sw	a7, 0x38(sp)
 1006ed2: 8ad2         	mv	s5, s4
 1006ed4: a021         	j	0x1006edc <_vfprintf_r+0x9f4>
 1006ed6: 1441         	addi	s0, s0, -0x10
 1006ed8: 02875963     	bge	a4, s0, 0x1006f0a <_vfprintf_r+0xa22>
 1006edc: 0641         	addi	a2, a2, 0x10
 1006ede: 0585         	addi	a1, a1, 0x1
 1006ee0: 0147a023     	sw	s4, 0x0(a5)
 1006ee4: c3d8         	sw	a4, 0x4(a5)
 1006ee6: c7b2         	sw	a2, 0xcc(sp)
 1006ee8: c5ae         	sw	a1, 0xc8(sp)
 1006eea: 07a1         	addi	a5, a5, 0x8
 1006eec: febc55e3     	bge	s8, a1, 0x1006ed6 <_vfprintf_r+0x9ee>
 1006ef0: 4522         	lw	a0, 0x8(sp)
 1006ef2: 01d0         	addi	a2, sp, 0xc4
 1006ef4: 85a6         	mv	a1, s1
 1006ef6: 25a010ef     	jal	0x1008150 <__sprint_r>
 1006efa: e939         	bnez	a0, 0x1006f50 <_vfprintf_r+0xa68>
 1006efc: 4741         	li	a4, 0x10
 1006efe: 1441         	addi	s0, s0, -0x10
 1006f00: 463e         	lw	a2, 0xcc(sp)
 1006f02: 45ae         	lw	a1, 0xc8(sp)
 1006f04: 87ce         	mv	a5, s3
 1006f06: fc874be3     	blt	a4, s0, 0x1006edc <_vfprintf_r+0x9f4>
 1006f0a: 58e2         	lw	a7, 0x38(sp)
 1006f0c: 8856         	mv	a6, s5
 1006f0e: 8aa2         	mv	s5, s0
 1006f10: 843e         	mv	s0, a5
 1006f12: 9656         	add	a2, a2, s5
 1006f14: 0585         	addi	a1, a1, 0x1
 1006f16: 01042023     	sw	a6, 0x0(s0)
 1006f1a: 01542223     	sw	s5, 0x4(s0)
 1006f1e: c7b2         	sw	a2, 0xcc(sp)
 1006f20: c5ae         	sw	a1, 0xc8(sp)
 1006f22: 471d         	li	a4, 0x7
 1006f24: 0421         	addi	s0, s0, 0x8
 1006f26: fab75e63     	bge	a4, a1, 0x10066e2 <_vfprintf_r+0x1fa>
 1006f2a: 4522         	lw	a0, 0x8(sp)
 1006f2c: 01d0         	addi	a2, sp, 0xc4
 1006f2e: 85a6         	mv	a1, s1
 1006f30: dc46         	sw	a7, 0x38(sp)
 1006f32: 21e010ef     	jal	0x1008150 <__sprint_r>
 1006f36: ed09         	bnez	a0, 0x1006f50 <_vfprintf_r+0xa68>
 1006f38: 463e         	lw	a2, 0xcc(sp)
 1006f3a: 58e2         	lw	a7, 0x38(sp)
 1006f3c: 844e         	mv	s0, s3
 1006f3e: fa4ff06f     	j	0x10066e2 <_vfprintf_r+0x1fa>
 1006f42: 4522         	lw	a0, 0x8(sp)
 1006f44: 01d0         	addi	a2, sp, 0xc4
 1006f46: 85a6         	mv	a1, s1
 1006f48: 208010ef     	jal	0x1008150 <__sprint_r>
 1006f4c: fc050d63     	beqz	a0, 0x1006726 <_vfprintf_r+0x23e>
 1006f50: 45c2         	lw	a1, 0x10(sp)
 1006f52: fe058b63     	beqz	a1, 0x1006748 <_vfprintf_r+0x260>
 1006f56: 4522         	lw	a0, 0x8(sp)
 1006f58: cfffe0ef     	jal	0x1005c56 <_free_r>
 1006f5c: fecff06f     	j	0x1006748 <_vfprintf_r+0x260>
 1006f60: 8ee6         	mv	t4, s9
 1006f62: b68d         	j	0x1006ac4 <_vfprintf_r+0x5dc>
 1006f64: 01010837     	lui	a6, 0x1010
 1006f68: 4541         	li	a0, 0x10
 1006f6a: 45ae         	lw	a1, 0xc8(sp)
 1006f6c: b8480c13     	addi	s8, a6, -0x47c
 1006f70: 06e55363     	bge	a0, a4, 0x1006fd6 <_vfprintf_r+0xaee>
 1006f74: c8ca         	sw	s2, 0x50(sp)
 1006f76: 87a2         	mv	a5, s0
 1006f78: 8962         	mv	s2, s8
 1006f7a: 4ec1         	li	t4, 0x10
 1006f7c: 8c5a         	mv	s8, s6
 1006f7e: 439d         	li	t2, 0x7
 1006f80: 8b56         	mv	s6, s5
 1006f82: dc16         	sw	t0, 0x38(sp)
 1006f84: c6fe         	sw	t6, 0x4c(sp)
 1006f86: 843a         	mv	s0, a4
 1006f88: 8ac6         	mv	s5, a7
 1006f8a: a021         	j	0x1006f92 <_vfprintf_r+0xaaa>
 1006f8c: 1441         	addi	s0, s0, -0x10
 1006f8e: 028edb63     	bge	t4, s0, 0x1006fc4 <_vfprintf_r+0xadc>
 1006f92: 0641         	addi	a2, a2, 0x10
 1006f94: 0585         	addi	a1, a1, 0x1
 1006f96: 0127a023     	sw	s2, 0x0(a5)
 1006f9a: 01d7a223     	sw	t4, 0x4(a5)
 1006f9e: c7b2         	sw	a2, 0xcc(sp)
 1006fa0: c5ae         	sw	a1, 0xc8(sp)
 1006fa2: 07a1         	addi	a5, a5, 0x8
 1006fa4: feb3d4e3     	bge	t2, a1, 0x1006f8c <_vfprintf_r+0xaa4>
 1006fa8: 4522         	lw	a0, 0x8(sp)
 1006faa: 01d0         	addi	a2, sp, 0xc4
 1006fac: 85a6         	mv	a1, s1
 1006fae: 1a2010ef     	jal	0x1008150 <__sprint_r>
 1006fb2: fd59         	bnez	a0, 0x1006f50 <_vfprintf_r+0xa68>
 1006fb4: 4ec1         	li	t4, 0x10
 1006fb6: 1441         	addi	s0, s0, -0x10
 1006fb8: 463e         	lw	a2, 0xcc(sp)
 1006fba: 45ae         	lw	a1, 0xc8(sp)
 1006fbc: 87ce         	mv	a5, s3
 1006fbe: 439d         	li	t2, 0x7
 1006fc0: fc8ec9e3     	blt	t4, s0, 0x1006f92 <_vfprintf_r+0xaaa>
 1006fc4: 88d6         	mv	a7, s5
 1006fc6: 52e2         	lw	t0, 0x38(sp)
 1006fc8: 8ada         	mv	s5, s6
 1006fca: 4fb6         	lw	t6, 0x4c(sp)
 1006fcc: 8b62         	mv	s6, s8
 1006fce: 8c4a         	mv	s8, s2
 1006fd0: 4946         	lw	s2, 0x50(sp)
 1006fd2: 8722         	mv	a4, s0
 1006fd4: 843e         	mv	s0, a5
 1006fd6: 963a         	add	a2, a2, a4
 1006fd8: 0585         	addi	a1, a1, 0x1
 1006fda: c058         	sw	a4, 0x4(s0)
 1006fdc: 01842023     	sw	s8, 0x0(s0)
 1006fe0: c7b2         	sw	a2, 0xcc(sp)
 1006fe2: c5ae         	sw	a1, 0xc8(sp)
 1006fe4: 471d         	li	a4, 0x7
 1006fe6: 0421         	addi	s0, s0, 0x8
 1006fe8: eab75563     	bge	a4, a1, 0x1006692 <_vfprintf_r+0x1aa>
 1006fec: 4522         	lw	a0, 0x8(sp)
 1006fee: 01d0         	addi	a2, sp, 0xc4
 1006ff0: 85a6         	mv	a1, s1
 1006ff2: c8c6         	sw	a7, 0x50(sp)
 1006ff4: c6fe         	sw	t6, 0x4c(sp)
 1006ff6: dc16         	sw	t0, 0x38(sp)
 1006ff8: 158010ef     	jal	0x1008150 <__sprint_r>
 1006ffc: f931         	bnez	a0, 0x1006f50 <_vfprintf_r+0xa68>
 1006ffe: 463e         	lw	a2, 0xcc(sp)
 1007000: 48c6         	lw	a7, 0x50(sp)
 1007002: 4fb6         	lw	t6, 0x4c(sp)
 1007004: 52e2         	lw	t0, 0x38(sp)
 1007006: 844e         	mv	s0, s3
 1007008: e8aff06f     	j	0x1006692 <_vfprintf_r+0x1aa>
 100700c: 4522         	lw	a0, 0x8(sp)
 100700e: 01d0         	addi	a2, sp, 0xc4
 1007010: 85a6         	mv	a1, s1
 1007012: c6c6         	sw	a7, 0x4c(sp)
 1007014: dc7e         	sw	t6, 0x38(sp)
 1007016: 13a010ef     	jal	0x1008150 <__sprint_r>
 100701a: f91d         	bnez	a0, 0x1006f50 <_vfprintf_r+0xa68>
 100701c: 463e         	lw	a2, 0xcc(sp)
 100701e: 48b6         	lw	a7, 0x4c(sp)
 1007020: 5fe2         	lw	t6, 0x38(sp)
 1007022: 844e         	mv	s0, s3
 1007024: eaeff06f     	j	0x10066d2 <_vfprintf_r+0x1ea>
 1007028: 01010837     	lui	a6, 0x1010
 100702c: 4741         	li	a4, 0x10
 100702e: 47ae         	lw	a5, 0xc8(sp)
 1007030: b8480c13     	addi	s8, a6, -0x47c
 1007034: 05575163     	bge	a4, s5, 0x1007076 <_vfprintf_r+0xb8e>
 1007038: 4d22         	lw	s10, 0x8(sp)
 100703a: 4b41         	li	s6, 0x10
 100703c: 4c9d         	li	s9, 0x7
 100703e: a021         	j	0x1007046 <_vfprintf_r+0xb5e>
 1007040: 1ac1         	addi	s5, s5, -0x10
 1007042: 035b5a63     	bge	s6, s5, 0x1007076 <_vfprintf_r+0xb8e>
 1007046: 0641         	addi	a2, a2, 0x10
 1007048: 0785         	addi	a5, a5, 0x1
 100704a: 01842023     	sw	s8, 0x0(s0)
 100704e: 01642223     	sw	s6, 0x4(s0)
 1007052: c7b2         	sw	a2, 0xcc(sp)
 1007054: c5be         	sw	a5, 0xc8(sp)
 1007056: 0421         	addi	s0, s0, 0x8
 1007058: fefcd4e3     	bge	s9, a5, 0x1007040 <_vfprintf_r+0xb58>
 100705c: 01d0         	addi	a2, sp, 0xc4
 100705e: 85a6         	mv	a1, s1
 1007060: 856a         	mv	a0, s10
 1007062: 0ee010ef     	jal	0x1008150 <__sprint_r>
 1007066: ee0515e3     	bnez	a0, 0x1006f50 <_vfprintf_r+0xa68>
 100706a: 1ac1         	addi	s5, s5, -0x10
 100706c: 463e         	lw	a2, 0xcc(sp)
 100706e: 47ae         	lw	a5, 0xc8(sp)
 1007070: 844e         	mv	s0, s3
 1007072: fd5b4ae3     	blt	s6, s5, 0x1007046 <_vfprintf_r+0xb5e>
 1007076: 9656         	add	a2, a2, s5
 1007078: 0785         	addi	a5, a5, 0x1
 100707a: 01842023     	sw	s8, 0x0(s0)
 100707e: 01542223     	sw	s5, 0x4(s0)
 1007082: c7b2         	sw	a2, 0xcc(sp)
 1007084: c5be         	sw	a5, 0xc8(sp)
 1007086: 471d         	li	a4, 0x7
 1007088: e8f75663     	bge	a4, a5, 0x1006714 <_vfprintf_r+0x22c>
 100708c: 4522         	lw	a0, 0x8(sp)
 100708e: 01d0         	addi	a2, sp, 0xc4
 1007090: 85a6         	mv	a1, s1
 1007092: 0be010ef     	jal	0x1008150 <__sprint_r>
 1007096: ea051de3     	bnez	a0, 0x1006f50 <_vfprintf_r+0xa68>
 100709a: 463e         	lw	a2, 0xcc(sp)
 100709c: e78ff06f     	j	0x1006714 <_vfprintf_r+0x22c>
 10070a0: 553a         	lw	a0, 0xac(sp)
 10070a2: 5ea05463     	blez	a0, 0x100768a <_vfprintf_r+0x11a2>
 10070a6: 47f2         	lw	a5, 0x1c(sp)
 10070a8: 5702         	lw	a4, 0x20(sp)
 10070aa: 8abe         	mv	s5, a5
 10070ac: 22f74363     	blt	a4, a5, 0x10072d2 <_vfprintf_r+0xdea>
 10070b0: 01505f63     	blez	s5, 0x10070ce <_vfprintf_r+0xbe6>
 10070b4: 472e         	lw	a4, 0xc8(sp)
 10070b6: 9656         	add	a2, a2, s5
 10070b8: 01a42023     	sw	s10, 0x0(s0)
 10070bc: 0705         	addi	a4, a4, 0x1
 10070be: 01542223     	sw	s5, 0x4(s0)
 10070c2: c7b2         	sw	a2, 0xcc(sp)
 10070c4: c5ba         	sw	a4, 0xc8(sp)
 10070c6: 459d         	li	a1, 0x7
 10070c8: 0421         	addi	s0, s0, 0x8
 10070ca: 14e5cfe3     	blt	a1, a4, 0x1007a28 <_vfprintf_r+0x1540>
 10070ce: fffac713     	not	a4, s5
 10070d2: 47f2         	lw	a5, 0x1c(sp)
 10070d4: 877d         	srai	a4, a4, 0x1f
 10070d6: 00eafab3     	and	s5, s5, a4
 10070da: 41578ab3     	sub	s5, a5, s5
 10070de: 2b504663     	bgtz	s5, 0x100738a <_vfprintf_r+0xea2>
 10070e2: 47f2         	lw	a5, 0x1c(sp)
 10070e4: 400cf713     	andi	a4, s9, 0x400
 10070e8: 00fd0c33     	add	s8, s10, a5
 10070ec: 7c071763     	bnez	a4, 0x10078ba <_vfprintf_r+0x13d2>
 10070f0: 5aba         	lw	s5, 0xac(sp)
 10070f2: 5782         	lw	a5, 0x20(sp)
 10070f4: 2efac063     	blt	s5, a5, 0x10073d4 <_vfprintf_r+0xeec>
 10070f8: 001cf713     	andi	a4, s9, 0x1
 10070fc: 2c071c63     	bnez	a4, 0x10073d4 <_vfprintf_r+0xeec>
 1007100: 5702         	lw	a4, 0x20(sp)
 1007102: 00ed07b3     	add	a5, s10, a4
 1007106: 41570ab3     	sub	s5, a4, s5
 100710a: 41878b33     	sub	s6, a5, s8
 100710e: 016ad363     	bge	s5, s6, 0x1007114 <_vfprintf_r+0xc2c>
 1007112: 8b56         	mv	s6, s5
 1007114: 01605f63     	blez	s6, 0x1007132 <_vfprintf_r+0xc4a>
 1007118: 47ae         	lw	a5, 0xc8(sp)
 100711a: 965a         	add	a2, a2, s6
 100711c: 01842023     	sw	s8, 0x0(s0)
 1007120: 0785         	addi	a5, a5, 0x1
 1007122: 01642223     	sw	s6, 0x4(s0)
 1007126: c7b2         	sw	a2, 0xcc(sp)
 1007128: c5be         	sw	a5, 0xc8(sp)
 100712a: 471d         	li	a4, 0x7
 100712c: 0421         	addi	s0, s0, 0x8
 100712e: 4ef748e3     	blt	a4, a5, 0x1007e1e <_vfprintf_r+0x1936>
 1007132: fffb4793     	not	a5, s6
 1007136: 87fd         	srai	a5, a5, 0x1f
 1007138: 00fb7b33     	and	s6, s6, a5
 100713c: 416a8ab3     	sub	s5, s5, s6
 1007140: dd505263     	blez	s5, 0x1006704 <_vfprintf_r+0x21c>
 1007144: 01010837     	lui	a6, 0x1010
 1007148: b7480813     	addi	a6, a6, -0x48c
 100714c: 4741         	li	a4, 0x10
 100714e: 47ae         	lw	a5, 0xc8(sp)
 1007150: 4b41         	li	s6, 0x10
 1007152: 4c1d         	li	s8, 0x7
 1007154: 8d42         	mv	s10, a6
 1007156: 01574663     	blt	a4, s5, 0x1007162 <_vfprintf_r+0xc7a>
 100715a: ab79         	j	0x10076f8 <_vfprintf_r+0x1210>
 100715c: 1ac1         	addi	s5, s5, -0x10
 100715e: 595b5c63     	bge	s6, s5, 0x10076f6 <_vfprintf_r+0x120e>
 1007162: 0641         	addi	a2, a2, 0x10
 1007164: 0785         	addi	a5, a5, 0x1
 1007166: 01a42023     	sw	s10, 0x0(s0)
 100716a: 01642223     	sw	s6, 0x4(s0)
 100716e: c7b2         	sw	a2, 0xcc(sp)
 1007170: c5be         	sw	a5, 0xc8(sp)
 1007172: 0421         	addi	s0, s0, 0x8
 1007174: fefc54e3     	bge	s8, a5, 0x100715c <_vfprintf_r+0xc74>
 1007178: 4522         	lw	a0, 0x8(sp)
 100717a: 01d0         	addi	a2, sp, 0xc4
 100717c: 85a6         	mv	a1, s1
 100717e: 7d3000ef     	jal	0x1008150 <__sprint_r>
 1007182: dc0517e3     	bnez	a0, 0x1006f50 <_vfprintf_r+0xa68>
 1007186: 463e         	lw	a2, 0xcc(sp)
 1007188: 47ae         	lw	a5, 0xc8(sp)
 100718a: 844e         	mv	s0, s3
 100718c: bfc1         	j	0x100715c <_vfprintf_r+0xc74>
 100718e: 001cf593     	andi	a1, s9, 0x1
 1007192: 840591e3     	bnez	a1, 0x10069d4 <_vfprintf_r+0x4ec>
 1007196: c058         	sw	a4, 0x4(s0)
 1007198: c7e2         	sw	s8, 0xcc(sp)
 100719a: c5d6         	sw	s5, 0xc8(sp)
 100719c: 479d         	li	a5, 0x7
 100719e: 8b57d3e3     	bge	a5, s5, 0x1006a44 <_vfprintf_r+0x55c>
 10071a2: 4522         	lw	a0, 0x8(sp)
 10071a4: 01d0         	addi	a2, sp, 0xc4
 10071a6: 85a6         	mv	a1, s1
 10071a8: 7a9000ef     	jal	0x1008150 <__sprint_r>
 10071ac: da0512e3     	bnez	a0, 0x1006f50 <_vfprintf_r+0xa68>
 10071b0: 4c3e         	lw	s8, 0xcc(sp)
 10071b2: 4aae         	lw	s5, 0xc8(sp)
 10071b4: 8b4e         	mv	s6, s3
 10071b6: b079         	j	0x1006a44 <_vfprintf_r+0x55c>
 10071b8: 5702         	lw	a4, 0x20(sp)
 10071ba: 4785         	li	a5, 0x1
 10071bc: 88e7d4e3     	bge	a5, a4, 0x1006a44 <_vfprintf_r+0x55c>
 10071c0: 01010837     	lui	a6, 0x1010
 10071c4: 47c5         	li	a5, 0x11
 10071c6: b7480813     	addi	a6, a6, -0x48c
 10071ca: 60e7de63     	bge	a5, a4, 0x10077e6 <_vfprintf_r+0x12fe>
 10071ce: ce4a         	sw	s2, 0x1c(sp)
 10071d0: 47c1         	li	a5, 0x10
 10071d2: 4d1d         	li	s10, 0x7
 10071d4: 8942         	mv	s2, a6
 10071d6: a021         	j	0x10071de <_vfprintf_r+0xcf6>
 10071d8: 1441         	addi	s0, s0, -0x10
 10071da: 6087d463     	bge	a5, s0, 0x10077e2 <_vfprintf_r+0x12fa>
 10071de: 0c41         	addi	s8, s8, 0x10
 10071e0: 0a85         	addi	s5, s5, 0x1
 10071e2: 012b2023     	sw	s2, 0x0(s6)
 10071e6: 00fb2223     	sw	a5, 0x4(s6)
 10071ea: c7e2         	sw	s8, 0xcc(sp)
 10071ec: c5d6         	sw	s5, 0xc8(sp)
 10071ee: 0b21         	addi	s6, s6, 0x8
 10071f0: ff5d54e3     	bge	s10, s5, 0x10071d8 <_vfprintf_r+0xcf0>
 10071f4: 4522         	lw	a0, 0x8(sp)
 10071f6: 01d0         	addi	a2, sp, 0xc4
 10071f8: 85a6         	mv	a1, s1
 10071fa: 757000ef     	jal	0x1008150 <__sprint_r>
 10071fe: d40519e3     	bnez	a0, 0x1006f50 <_vfprintf_r+0xa68>
 1007202: 4c3e         	lw	s8, 0xcc(sp)
 1007204: 4aae         	lw	s5, 0xc8(sp)
 1007206: 8b4e         	mv	s6, s3
 1007208: 47c1         	li	a5, 0x10
 100720a: b7f9         	j	0x10071d8 <_vfprintf_r+0xcf0>
 100720c: 4752         	lw	a4, 0x14(sp)
 100720e: 010ef793     	andi	a5, t4, 0x10
 1007212: 00072b03     	lw	s6, 0x0(a4)
 1007216: 0711         	addi	a4, a4, 0x4
 1007218: ca3a         	sw	a4, 0x14(sp)
 100721a: ef9d         	bnez	a5, 0x1007258 <_vfprintf_r+0xd70>
 100721c: 040ef793     	andi	a5, t4, 0x40
 1007220: c79d         	beqz	a5, 0x100724e <_vfprintf_r+0xd66>
 1007222: 0b42         	slli	s6, s6, 0x10
 1007224: 010b5b13     	srli	s6, s6, 0x10
 1007228: 4d81         	li	s11, 0x0
 100722a: 4785         	li	a5, 0x1
 100722c: e5aff06f     	j	0x1006886 <_vfprintf_r+0x39e>
 1007230: 4b01         	li	s6, 0x0
 1007232: 19010d13     	addi	s10, sp, 0x190
 1007236: e0aff06f     	j	0x1006840 <_vfprintf_r+0x358>
 100723a: 001cf793     	andi	a5, s9, 0x1
 100723e: cc078363     	beqz	a5, 0x1006704 <_vfprintf_r+0x21c>
 1007242: be21         	j	0x1006d5a <_vfprintf_r+0x872>
 1007244: 00094883     	lbu	a7, 0x0(s2)
 1007248: ca3e         	sw	a5, 0x14(sp)
 100724a: bd2ff06f     	j	0x100661c <_vfprintf_r+0x134>
 100724e: 200ef793     	andi	a5, t4, 0x200
 1007252: c399         	beqz	a5, 0x1007258 <_vfprintf_r+0xd70>
 1007254: 0ffb7b13     	andi	s6, s6, 0xff
 1007258: 4d81         	li	s11, 0x0
 100725a: 4785         	li	a5, 0x1
 100725c: e2aff06f     	j	0x1006886 <_vfprintf_r+0x39e>
 1007260: 200cf793     	andi	a5, s9, 0x200
 1007264: 7e079d63     	bnez	a5, 0x1007a5e <_vfprintf_r+0x1576>
 1007268: 4d81         	li	s11, 0x0
 100726a: e16ff06f     	j	0x1006880 <_vfprintf_r+0x398>
 100726e: 200cf793     	andi	a5, s9, 0x200
 1007272: 7c079e63     	bnez	a5, 0x1007a4e <_vfprintf_r+0x1566>
 1007276: 41fb5d93     	srai	s11, s6, 0x1f
 100727a: 87ee         	mv	a5, s11
 100727c: da2ff06f     	j	0x100681e <_vfprintf_r+0x336>
 1007280: 57f2         	lw	a5, 0x3c(sp)
 1007282: 00094883     	lbu	a7, 0x0(s2)
 1007286: b8078b63     	beqz	a5, 0x100661c <_vfprintf_r+0x134>
 100728a: 0007c783     	lbu	a5, 0x0(a5)
 100728e: b8078763     	beqz	a5, 0x100661c <_vfprintf_r+0x134>
 1007292: 400cec93     	ori	s9, s9, 0x400
 1007296: b86ff06f     	j	0x100661c <_vfprintf_r+0x134>
 100729a: 010cf793     	andi	a5, s9, 0x10
 100729e: 4c079663     	bnez	a5, 0x100776a <_vfprintf_r+0x1282>
 10072a2: 040cf793     	andi	a5, s9, 0x40
 10072a6: 78079d63     	bnez	a5, 0x1007a40 <_vfprintf_r+0x1558>
 10072aa: 200cfe13     	andi	t3, s9, 0x200
 10072ae: 4a0e0e63     	beqz	t3, 0x100776a <_vfprintf_r+0x1282>
 10072b2: 47d2         	lw	a5, 0x14(sp)
 10072b4: 4732         	lw	a4, 0xc(sp)
 10072b6: 439c         	lw	a5, 0x0(a5)
 10072b8: 00e78023     	sb	a4, 0x0(a5)
 10072bc: bc21         	j	0x1006cd4 <_vfprintf_r+0x7ec>
 10072be: 47d2         	lw	a5, 0x14(sp)
 10072c0: 4398         	lw	a4, 0x0(a5)
 10072c2: 0791         	addi	a5, a5, 0x4
 10072c4: ca3e         	sw	a5, 0x14(sp)
 10072c6: 430c         	lw	a1, 0x0(a4)
 10072c8: 4350         	lw	a2, 0x4(a4)
 10072ca: 4714         	lw	a3, 0x8(a4)
 10072cc: 4758         	lw	a4, 0xc(a4)
 10072ce: e3eff06f     	j	0x100690c <_vfprintf_r+0x424>
 10072d2: 8aba         	mv	s5, a4
 10072d4: df5040e3     	bgtz	s5, 0x10070b4 <_vfprintf_r+0xbcc>
 10072d8: bbdd         	j	0x10070ce <_vfprintf_r+0xbe6>
 10072da: 5afd         	li	s5, -0x1
 10072dc: 8936         	mv	s2, a3
 10072de: b40ff06f     	j	0x100661e <_vfprintf_r+0x136>
 10072e2: 010107b7     	lui	a5, 0x1010
 10072e6: 87c78793     	addi	a5, a5, -0x784
 10072ea: da3e         	sw	a5, 0x34(sp)
 10072ec: 020cf793     	andi	a5, s9, 0x20
 10072f0: 26078563     	beqz	a5, 0x100755a <_vfprintf_r+0x1072>
 10072f4: 47d2         	lw	a5, 0x14(sp)
 10072f6: 00778c13     	addi	s8, a5, 0x7
 10072fa: ff8c7c13     	andi	s8, s8, -0x8
 10072fe: 000c2b03     	lw	s6, 0x0(s8)
 1007302: 004c2d83     	lw	s11, 0x4(s8)
 1007306: 008c0793     	addi	a5, s8, 0x8
 100730a: ca3e         	sw	a5, 0x14(sp)
 100730c: 001cf793     	andi	a5, s9, 0x1
 1007310: cf81         	beqz	a5, 0x1007328 <_vfprintf_r+0xe40>
 1007312: 01bb67b3     	or	a5, s6, s11
 1007316: cb89         	beqz	a5, 0x1007328 <_vfprintf_r+0xe40>
 1007318: 03000793     	li	a5, 0x30
 100731c: 0af10423     	sb	a5, 0xa8(sp)
 1007320: 0b1104a3     	sb	a7, 0xa9(sp)
 1007324: 002cec93     	ori	s9, s9, 0x2
 1007328: bffcfe93     	andi	t4, s9, -0x401
 100732c: 4789         	li	a5, 0x2
 100732e: d58ff06f     	j	0x1006886 <_vfprintf_r+0x39e>
 1007332: 8ee6         	mv	t4, s9
 1007334: b23d         	j	0x1006c62 <_vfprintf_r+0x77a>
 1007336: 010107b7     	lui	a5, 0x1010
 100733a: 8fc78793     	addi	a5, a5, -0x704
 100733e: da3e         	sw	a5, 0x34(sp)
 1007340: b775         	j	0x10072ec <_vfprintf_r+0xe04>
 1007342: 00194883     	lbu	a7, 0x1(s2)
 1007346: 200cec93     	ori	s9, s9, 0x200
 100734a: 0905         	addi	s2, s2, 0x1
 100734c: ad0ff06f     	j	0x100661c <_vfprintf_r+0x134>
 1007350: 00194883     	lbu	a7, 0x1(s2)
 1007354: 020cec93     	ori	s9, s9, 0x20
 1007358: 0905         	addi	s2, s2, 0x1
 100735a: ac2ff06f     	j	0x100661c <_vfprintf_r+0x134>
 100735e: 4522         	lw	a0, 0x8(sp)
 1007360: 01d0         	addi	a2, sp, 0xc4
 1007362: 85a6         	mv	a1, s1
 1007364: 5ed000ef     	jal	0x1008150 <__sprint_r>
 1007368: be0514e3     	bnez	a0, 0x1006f50 <_vfprintf_r+0xa68>
 100736c: 463e         	lw	a2, 0xcc(sp)
 100736e: 844e         	mv	s0, s3
 1007370: b421         	j	0x1006d78 <_vfprintf_r+0x890>
 1007372: 4799         	li	a5, 0x6
 1007374: 8b56         	mv	s6, s5
 1007376: 6d57e363     	bltu	a5, s5, 0x1007a3c <_vfprintf_r+0x1554>
 100737a: 010107b7     	lui	a5, 0x1010
 100737e: 8dda         	mv	s11, s6
 1007380: ca62         	sw	s8, 0x14(sp)
 1007382: 91c78d13     	addi	s10, a5, -0x6e4
 1007386: ae6ff06f     	j	0x100666c <_vfprintf_r+0x184>
 100738a: 01010837     	lui	a6, 0x1010
 100738e: 45c1         	li	a1, 0x10
 1007390: 472e         	lw	a4, 0xc8(sp)
 1007392: b7480813     	addi	a6, a6, -0x48c
 1007396: 4755de63     	bge	a1, s5, 0x1007812 <_vfprintf_r+0x132a>
 100739a: 87a2         	mv	a5, s0
 100739c: 4c41         	li	s8, 0x10
 100739e: 4b1d         	li	s6, 0x7
 10073a0: 8442         	mv	s0, a6
 10073a2: a021         	j	0x10073aa <_vfprintf_r+0xec2>
 10073a4: 1ac1         	addi	s5, s5, -0x10
 10073a6: 475c5463     	bge	s8, s5, 0x100780e <_vfprintf_r+0x1326>
 10073aa: 0641         	addi	a2, a2, 0x10
 10073ac: 0705         	addi	a4, a4, 0x1
 10073ae: c380         	sw	s0, 0x0(a5)
 10073b0: 0187a223     	sw	s8, 0x4(a5)
 10073b4: c7b2         	sw	a2, 0xcc(sp)
 10073b6: c5ba         	sw	a4, 0xc8(sp)
 10073b8: 07a1         	addi	a5, a5, 0x8
 10073ba: feeb55e3     	bge	s6, a4, 0x10073a4 <_vfprintf_r+0xebc>
 10073be: 4522         	lw	a0, 0x8(sp)
 10073c0: 01d0         	addi	a2, sp, 0xc4
 10073c2: 85a6         	mv	a1, s1
 10073c4: 58d000ef     	jal	0x1008150 <__sprint_r>
 10073c8: b80514e3     	bnez	a0, 0x1006f50 <_vfprintf_r+0xa68>
 10073cc: 463e         	lw	a2, 0xcc(sp)
 10073ce: 472e         	lw	a4, 0xc8(sp)
 10073d0: 87ce         	mv	a5, s3
 10073d2: bfc9         	j	0x10073a4 <_vfprintf_r+0xebc>
 10073d4: 5742         	lw	a4, 0x30(sp)
 10073d6: 57b2         	lw	a5, 0x2c(sp)
 10073d8: 459d         	li	a1, 0x7
 10073da: c018         	sw	a4, 0x0(s0)
 10073dc: 472e         	lw	a4, 0xc8(sp)
 10073de: 963e         	add	a2, a2, a5
 10073e0: c05c         	sw	a5, 0x4(s0)
 10073e2: 0705         	addi	a4, a4, 0x1
 10073e4: c7b2         	sw	a2, 0xcc(sp)
 10073e6: c5ba         	sw	a4, 0xc8(sp)
 10073e8: 0421         	addi	s0, s0, 0x8
 10073ea: d0e5dbe3     	bge	a1, a4, 0x1007100 <_vfprintf_r+0xc18>
 10073ee: 4522         	lw	a0, 0x8(sp)
 10073f0: 01d0         	addi	a2, sp, 0xc4
 10073f2: 85a6         	mv	a1, s1
 10073f4: 55d000ef     	jal	0x1008150 <__sprint_r>
 10073f8: b4051ce3     	bnez	a0, 0x1006f50 <_vfprintf_r+0xa68>
 10073fc: 5aba         	lw	s5, 0xac(sp)
 10073fe: 463e         	lw	a2, 0xcc(sp)
 1007400: 844e         	mv	s0, s3
 1007402: b9fd         	j	0x1007100 <_vfprintf_r+0xc18>
 1007404: 07800793     	li	a5, 0x78
 1007408: 03000713     	li	a4, 0x30
 100740c: 0ae10423     	sb	a4, 0xa8(sp)
 1007410: 0af104a3     	sb	a5, 0xa9(sp)
 1007414: 06300713     	li	a4, 0x63
 1007418: c802         	sw	zero, 0x10(sp)
 100741a: 002cec93     	ori	s9, s9, 0x2
 100741e: 12c10d13     	addi	s10, sp, 0x12c
 1007422: d3575e63     	bge	a4, s5, 0x100695e <_vfprintf_r+0x476>
 1007426: 4522         	lw	a0, 0x8(sp)
 1007428: 001a8593     	addi	a1, s5, 0x1
 100742c: c846         	sw	a7, 0x10(sp)
 100742e: a57fe0ef     	jal	0x1005e84 <_malloc_r>
 1007432: 48c2         	lw	a7, 0x10(sp)
 1007434: 8d2a         	mv	s10, a0
 1007436: 46050ae3     	beqz	a0, 0x10080aa <_vfprintf_r+0x1bc2>
 100743a: c82a         	sw	a0, 0x10(sp)
 100743c: d22ff06f     	j	0x100695e <_vfprintf_r+0x476>
 1007440: 4522         	lw	a0, 0x8(sp)
 1007442: 09010b13     	addi	s6, sp, 0x90
 1007446: 1178         	addi	a4, sp, 0xac
 1007448: 0bc10813     	addi	a6, sp, 0xbc
 100744c: 191c         	addi	a5, sp, 0xb0
 100744e: 86d6         	mv	a3, s5
 1007450: 4609         	li	a2, 0x2
 1007452: 85da         	mv	a1, s6
 1007454: d446         	sw	a7, 0x28(sp)
 1007456: c97e         	sw	t6, 0x90(sp)
 1007458: d27e         	sw	t6, 0x24(sp)
 100745a: cb7a         	sw	t5, 0x94(sp)
 100745c: d07a         	sw	t5, 0x20(sp)
 100745e: cd76         	sw	t4, 0x98(sp)
 1007460: ce76         	sw	t4, 0x1c(sp)
 1007462: cf62         	sw	s8, 0x9c(sp)
 1007464: 44e010ef     	jal	0x10088b2 <_ldtoa_r>
 1007468: 001cf713     	andi	a4, s9, 0x1
 100746c: 4ef2         	lw	t4, 0x1c(sp)
 100746e: 5f02         	lw	t5, 0x20(sp)
 1007470: 5f92         	lw	t6, 0x24(sp)
 1007472: 58a2         	lw	a7, 0x28(sp)
 1007474: 8d2a         	mv	s10, a0
 1007476: 62071563     	bnez	a4, 0x1007aa0 <_vfprintf_r+0x15b8>
 100747a: 57ba         	lw	a5, 0xac(sp)
 100747c: ce3e         	sw	a5, 0x1c(sp)
 100747e: 57fa         	lw	a5, 0xbc(sp)
 1007480: 8f89         	sub	a5, a5, a0
 1007482: d03e         	sw	a5, 0x20(sp)
 1007484: 47f2         	lw	a5, 0x1c(sp)
 1007486: 5775         	li	a4, -0x3
 1007488: 00e7c463     	blt	a5, a4, 0x1007490 <_vfprintf_r+0xfa8>
 100748c: 10fad0e3     	bge	s5, a5, 0x1007d8c <_vfprintf_r+0x18a4>
 1007490: 47f2         	lw	a5, 0x1c(sp)
 1007492: 18f9         	addi	a7, a7, -0x2
 1007494: fff78713     	addi	a4, a5, -0x1
 1007498: d73a         	sw	a4, 0xac(sp)
 100749a: 0ff8f693     	andi	a3, a7, 0xff
 100749e: 4601         	li	a2, 0x0
 10074a0: 0ad10a23     	sb	a3, 0xb4(sp)
 10074a4: 02b00693     	li	a3, 0x2b
 10074a8: 00075763     	bgez	a4, 0x10074b6 <_vfprintf_r+0xfce>
 10074ac: 47f2         	lw	a5, 0x1c(sp)
 10074ae: 4705         	li	a4, 0x1
 10074b0: 02d00693     	li	a3, 0x2d
 10074b4: 8f1d         	sub	a4, a4, a5
 10074b6: 0ad10aa3     	sb	a3, 0xb5(sp)
 10074ba: 46a5         	li	a3, 0x9
 10074bc: 2ae6d8e3     	bge	a3, a4, 0x1007f6c <_vfprintf_r+0x1a84>
 10074c0: 0c310813     	addi	a6, sp, 0xc3
 10074c4: 85c2         	mv	a1, a6
 10074c6: 4529         	li	a0, 0xa
 10074c8: 06300f13     	li	t5, 0x63
 10074cc: 02a767b3     	rem	a5, a4, a0
 10074d0: 862e         	mv	a2, a1
 10074d2: 86ba         	mv	a3, a4
 10074d4: 15fd         	addi	a1, a1, -0x1
 10074d6: 03078793     	addi	a5, a5, 0x30
 10074da: fef60fa3     	sb	a5, -0x1(a2)
 10074de: 02a74733     	div	a4, a4, a0
 10074e2: fedf45e3     	blt	t5, a3, 0x10074cc <_vfprintf_r+0xfe4>
 10074e6: 03070713     	addi	a4, a4, 0x30
 10074ea: ffe60693     	addi	a3, a2, -0x2
 10074ee: fee58fa3     	sb	a4, -0x1(a1)
 10074f2: 3906f4e3     	bgeu	a3, a6, 0x100807a <_vfprintf_r+0x1b92>
 10074f6: 0b610713     	addi	a4, sp, 0xb6
 10074fa: 0006c783     	lbu	a5, 0x0(a3)
 10074fe: 0685         	addi	a3, a3, 0x1
 1007500: 0705         	addi	a4, a4, 0x1
 1007502: fef70fa3     	sb	a5, -0x1(a4)
 1007506: ff069ae3     	bne	a3, a6, 0x10074fa <_vfprintf_r+0x1012>
 100750a: 0b1c         	addi	a5, sp, 0x190
 100750c: 40c78733     	sub	a4, a5, a2
 1007510: f3770793     	addi	a5, a4, -0xc9
 1007514: c0be         	sw	a5, 0x40(sp)
 1007516: 5782         	lw	a5, 0x20(sp)
 1007518: 4686         	lw	a3, 0x40(sp)
 100751a: 4705         	li	a4, 0x1
 100751c: 00d78b33     	add	s6, a5, a3
 1007520: 26f75fe3     	bge	a4, a5, 0x1007f9e <_vfprintf_r+0x1ab6>
 1007524: 57b2         	lw	a5, 0x2c(sp)
 1007526: 9b3e         	add	s6, s6, a5
 1007528: fffb4693     	not	a3, s6
 100752c: bffcfe13     	andi	t3, s9, -0x401
 1007530: 86fd         	srai	a3, a3, 0x1f
 1007532: 100e6793     	ori	a5, t3, 0x100
 1007536: c6be         	sw	a5, 0x4c(sp)
 1007538: 00db7db3     	and	s11, s6, a3
 100753c: d402         	sw	zero, 0x28(sp)
 100753e: d202         	sw	zero, 0x24(sp)
 1007540: ce02         	sw	zero, 0x1c(sp)
 1007542: 57e2         	lw	a5, 0x38(sp)
 1007544: 02078be3     	beqz	a5, 0x1007d7a <_vfprintf_r+0x1892>
 1007548: 02d00713     	li	a4, 0x2d
 100754c: 4cb6         	lw	s9, 0x4c(sp)
 100754e: 0ae103a3     	sb	a4, 0xa7(sp)
 1007552: 4a81         	li	s5, 0x0
 1007554: 0d85         	addi	s11, s11, 0x1
 1007556: 920ff06f     	j	0x1006676 <_vfprintf_r+0x18e>
 100755a: 4752         	lw	a4, 0x14(sp)
 100755c: 010cf793     	andi	a5, s9, 0x10
 1007560: 00072b03     	lw	s6, 0x0(a4)
 1007564: 0711         	addi	a4, a4, 0x4
 1007566: ca3a         	sw	a4, 0x14(sp)
 1007568: e7a9         	bnez	a5, 0x10075b2 <_vfprintf_r+0x10ca>
 100756a: 040cf793     	andi	a5, s9, 0x40
 100756e: cf95         	beqz	a5, 0x10075aa <_vfprintf_r+0x10c2>
 1007570: 0b42         	slli	s6, s6, 0x10
 1007572: 010b5b13     	srli	s6, s6, 0x10
 1007576: 4d81         	li	s11, 0x0
 1007578: bb51         	j	0x100730c <_vfprintf_r+0xe24>
 100757a: 4522         	lw	a0, 0x8(sp)
 100757c: 01d0         	addi	a2, sp, 0xc4
 100757e: 85a6         	mv	a1, s1
 1007580: 3d1000ef     	jal	0x1008150 <__sprint_r>
 1007584: 9c0516e3     	bnez	a0, 0x1006f50 <_vfprintf_r+0xa68>
 1007588: 4c3e         	lw	s8, 0xcc(sp)
 100758a: 4aae         	lw	s5, 0xc8(sp)
 100758c: 8b4e         	mv	s6, s3
 100758e: c54ff06f     	j	0x10069e2 <_vfprintf_r+0x4fa>
 1007592: 4522         	lw	a0, 0x8(sp)
 1007594: 01d0         	addi	a2, sp, 0xc4
 1007596: 85a6         	mv	a1, s1
 1007598: 3b9000ef     	jal	0x1008150 <__sprint_r>
 100759c: 9a051ae3     	bnez	a0, 0x1006f50 <_vfprintf_r+0xa68>
 10075a0: 4c3e         	lw	s8, 0xcc(sp)
 10075a2: 4aae         	lw	s5, 0xc8(sp)
 10075a4: 8b4e         	mv	s6, s3
 10075a6: c58ff06f     	j	0x10069fe <_vfprintf_r+0x516>
 10075aa: 200cf793     	andi	a5, s9, 0x200
 10075ae: 4a079d63     	bnez	a5, 0x1007a68 <_vfprintf_r+0x1580>
 10075b2: 4d81         	li	s11, 0x0
 10075b4: bba1         	j	0x100730c <_vfprintf_r+0xe24>
 10075b6: ccccd837     	lui	a6, 0xccccd
 10075ba: ccccdcb7     	lui	s9, 0xccccd
 10075be: 5772         	lw	a4, 0x3c(sp)
 10075c0: 400eff13     	andi	t5, t4, 0x400
 10075c4: 4601         	li	a2, 0x0
 10075c6: 0b0c         	addi	a1, sp, 0x190
 10075c8: 4e15         	li	t3, 0x5
 10075ca: ccd80813     	addi	a6, a6, -0x333
 10075ce: cccc8c93     	addi	s9, s9, -0x334
 10075d2: 0ff00c13     	li	s8, 0xff
 10075d6: a081         	j	0x1007616 <_vfprintf_r+0x112e>
 10075d8: 016d37b3     	sltu	a5, s10, s6
 10075dc: 97ea         	add	a5, a5, s10
 10075de: 03c7f7b3     	remu	a5, a5, t3
 10075e2: 40fb07b3     	sub	a5, s6, a5
 10075e6: 00fb35b3     	sltu	a1, s6, a5
 10075ea: 40bd85b3     	sub	a1, s11, a1
 10075ee: 03978333     	mul	t1, a5, s9
 10075f2: 030585b3     	mul	a1, a1, a6
 10075f6: 0307b533     	mulhu	a0, a5, a6
 10075fa: 959a         	add	a1, a1, t1
 10075fc: 030787b3     	mul	a5, a5, a6
 1007600: 95aa         	add	a1, a1, a0
 1007602: 01f59513     	slli	a0, a1, 0x1f
 1007606: 8185         	srli	a1, a1, 0x1
 1007608: 8385         	srli	a5, a5, 0x1
 100760a: 8fc9         	or	a5, a5, a0
 100760c: 7c0d8c63     	beqz	s11, 0x1007de4 <_vfprintf_r+0x18fc>
 1007610: 8dae         	mv	s11, a1
 1007612: 8b3e         	mv	s6, a5
 1007614: 85b6         	mv	a1, a3
 1007616: 01bb0d33     	add	s10, s6, s11
 100761a: 016d37b3     	sltu	a5, s10, s6
 100761e: 97ea         	add	a5, a5, s10
 1007620: 03c7f7b3     	remu	a5, a5, t3
 1007624: fff58693     	addi	a3, a1, -0x1
 1007628: 0605         	addi	a2, a2, 0x1
 100762a: 40fb07b3     	sub	a5, s6, a5
 100762e: 00fb3533     	sltu	a0, s6, a5
 1007632: 40ad8533     	sub	a0, s11, a0
 1007636: 0307b333     	mulhu	t1, a5, a6
 100763a: 03050533     	mul	a0, a0, a6
 100763e: 030787b3     	mul	a5, a5, a6
 1007642: 951a         	add	a0, a0, t1
 1007644: 057e         	slli	a0, a0, 0x1f
 1007646: 8385         	srli	a5, a5, 0x1
 1007648: 8fc9         	or	a5, a5, a0
 100764a: 00279513     	slli	a0, a5, 0x2
 100764e: 97aa         	add	a5, a5, a0
 1007650: 0786         	slli	a5, a5, 0x1
 1007652: 40fb07b3     	sub	a5, s6, a5
 1007656: 03078793     	addi	a5, a5, 0x30
 100765a: fef58fa3     	sb	a5, -0x1(a1)
 100765e: f60f0de3     	beqz	t5, 0x10075d8 <_vfprintf_r+0x10f0>
 1007662: 00074783     	lbu	a5, 0x0(a4)
 1007666: f6f619e3     	bne	a2, a5, 0x10075d8 <_vfprintf_r+0x10f0>
 100766a: f78607e3     	beq	a2, s8, 0x10075d8 <_vfprintf_r+0x10f0>
 100766e: 1c0d9863     	bnez	s11, 0x100783e <_vfprintf_r+0x1356>
 1007672: 47a5         	li	a5, 0x9
 1007674: 1d67e563     	bltu	a5, s6, 0x100783e <_vfprintf_r+0x1356>
 1007678: 8d36         	mv	s10, a3
 100767a: 0b1c         	addi	a5, sp, 0x190
 100767c: d032         	sw	a2, 0x20(sp)
 100767e: de3a         	sw	a4, 0x3c(sp)
 1007680: 41a78b33     	sub	s6, a5, s10
 1007684: 8cf6         	mv	s9, t4
 1007686: 9baff06f     	j	0x1006840 <_vfprintf_r+0x358>
 100768a: 472e         	lw	a4, 0xc8(sp)
 100768c: 010105b7     	lui	a1, 0x1010
 1007690: 8c058593     	addi	a1, a1, -0x740
 1007694: c00c         	sw	a1, 0x0(s0)
 1007696: 0605         	addi	a2, a2, 0x1
 1007698: 4585         	li	a1, 0x1
 100769a: 0705         	addi	a4, a4, 0x1
 100769c: c04c         	sw	a1, 0x4(s0)
 100769e: c7b2         	sw	a2, 0xcc(sp)
 10076a0: c5ba         	sw	a4, 0xc8(sp)
 10076a2: 459d         	li	a1, 0x7
 10076a4: 0421         	addi	s0, s0, 0x8
 10076a6: 36e5c263     	blt	a1, a4, 0x1007a0a <_vfprintf_r+0x1522>
 10076aa: e571         	bnez	a0, 0x1007776 <_vfprintf_r+0x128e>
 10076ac: 5782         	lw	a5, 0x20(sp)
 10076ae: 001cf713     	andi	a4, s9, 0x1
 10076b2: 8f5d         	or	a4, a4, a5
 10076b4: e319         	bnez	a4, 0x10076ba <_vfprintf_r+0x11d2>
 10076b6: 84eff06f     	j	0x1006704 <_vfprintf_r+0x21c>
 10076ba: 5742         	lw	a4, 0x30(sp)
 10076bc: 57b2         	lw	a5, 0x2c(sp)
 10076be: 459d         	li	a1, 0x7
 10076c0: c018         	sw	a4, 0x0(s0)
 10076c2: 472e         	lw	a4, 0xc8(sp)
 10076c4: 963e         	add	a2, a2, a5
 10076c6: c05c         	sw	a5, 0x4(s0)
 10076c8: 0705         	addi	a4, a4, 0x1
 10076ca: c7b2         	sw	a2, 0xcc(sp)
 10076cc: c5ba         	sw	a4, 0xc8(sp)
 10076ce: 3ae5ce63     	blt	a1, a4, 0x1007a8a <_vfprintf_r+0x15a2>
 10076d2: 0421         	addi	s0, s0, 0x8
 10076d4: a0c1         	j	0x1007794 <_vfprintf_r+0x12ac>
 10076d6: 4522         	lw	a0, 0x8(sp)
 10076d8: a28fe0ef     	jal	0x1005900 <__sinit>
 10076dc: e4bfe06f     	j	0x1006526 <_vfprintf_r+0x3e>
 10076e0: 4522         	lw	a0, 0x8(sp)
 10076e2: 01d0         	addi	a2, sp, 0xc4
 10076e4: 85a6         	mv	a1, s1
 10076e6: 26b000ef     	jal	0x1008150 <__sprint_r>
 10076ea: 860513e3     	bnez	a0, 0x1006f50 <_vfprintf_r+0xa68>
 10076ee: 463e         	lw	a2, 0xcc(sp)
 10076f0: 844e         	mv	s0, s3
 10076f2: e60ff06f     	j	0x1006d52 <_vfprintf_r+0x86a>
 10076f6: 886a         	mv	a6, s10
 10076f8: 01042023     	sw	a6, 0x0(s0)
 10076fc: 01542223     	sw	s5, 0x4(s0)
 1007700: 9656         	add	a2, a2, s5
 1007702: 0785         	addi	a5, a5, 0x1
 1007704: c7b2         	sw	a2, 0xcc(sp)
 1007706: c5be         	sw	a5, 0xc8(sp)
 1007708: 471d         	li	a4, 0x7
 100770a: 00f74463     	blt	a4, a5, 0x1007712 <_vfprintf_r+0x122a>
 100770e: ff5fe06f     	j	0x1006702 <_vfprintf_r+0x21a>
 1007712: b54ff06f     	j	0x1006a66 <_vfprintf_r+0x57e>
 1007716: 47ce         	lw	a5, 0xd0(sp)
 1007718: 010c         	addi	a1, sp, 0x80
 100771a: 0908         	addi	a0, sp, 0x90
 100771c: c93e         	sw	a5, 0x90(sp)
 100771e: 47de         	lw	a5, 0xd4(sp)
 1007720: c102         	sw	zero, 0x80(sp)
 1007722: c302         	sw	zero, 0x84(sp)
 1007724: cb3e         	sw	a5, 0x94(sp)
 1007726: 47ee         	lw	a5, 0xd8(sp)
 1007728: c502         	sw	zero, 0x88(sp)
 100772a: c702         	sw	zero, 0x8c(sp)
 100772c: cd3e         	sw	a5, 0x98(sp)
 100772e: 47fe         	lw	a5, 0xdc(sp)
 1007730: cf3e         	sw	a5, 0x9c(sp)
 1007732: 0de050ef     	jal	0x100c810 <__lttf2>
 1007736: 48c2         	lw	a7, 0x10(sp)
 1007738: 6a054e63     	bltz	a0, 0x1007df4 <_vfprintf_r+0x190c>
 100773c: 0a714703     	lbu	a4, 0xa7(sp)
 1007740: 04700793     	li	a5, 0x47
 1007744: 2d17dd63     	bge	a5, a7, 0x1007a1e <_vfprintf_r+0x1536>
 1007748: 010107b7     	lui	a5, 0x1010
 100774c: 8b078d13     	addi	s10, a5, -0x750
 1007750: c802         	sw	zero, 0x10(sp)
 1007752: d402         	sw	zero, 0x28(sp)
 1007754: d202         	sw	zero, 0x24(sp)
 1007756: ce02         	sw	zero, 0x1c(sp)
 1007758: f7fcfc93     	andi	s9, s9, -0x81
 100775c: 4d8d         	li	s11, 0x3
 100775e: 4b0d         	li	s6, 0x3
 1007760: 4a81         	li	s5, 0x0
 1007762: 8e071b63     	bnez	a4, 0x1006858 <_vfprintf_r+0x370>
 1007766: f11fe06f     	j	0x1006676 <_vfprintf_r+0x18e>
 100776a: 47d2         	lw	a5, 0x14(sp)
 100776c: 4732         	lw	a4, 0xc(sp)
 100776e: 439c         	lw	a5, 0x0(a5)
 1007770: c398         	sw	a4, 0x0(a5)
 1007772: d62ff06f     	j	0x1006cd4 <_vfprintf_r+0x7ec>
 1007776: 5742         	lw	a4, 0x30(sp)
 1007778: 57b2         	lw	a5, 0x2c(sp)
 100777a: 459d         	li	a1, 0x7
 100777c: c018         	sw	a4, 0x0(s0)
 100777e: 472e         	lw	a4, 0xc8(sp)
 1007780: 963e         	add	a2, a2, a5
 1007782: c05c         	sw	a5, 0x4(s0)
 1007784: 0705         	addi	a4, a4, 0x1
 1007786: c7b2         	sw	a2, 0xcc(sp)
 1007788: c5ba         	sw	a4, 0xc8(sp)
 100778a: 0421         	addi	s0, s0, 0x8
 100778c: 2ee5cf63     	blt	a1, a4, 0x1007a8a <_vfprintf_r+0x15a2>
 1007790: 74054e63     	bltz	a0, 0x1007eec <_vfprintf_r+0x1a04>
 1007794: 5782         	lw	a5, 0x20(sp)
 1007796: 0705         	addi	a4, a4, 0x1
 1007798: 01a42023     	sw	s10, 0x0(s0)
 100779c: 963e         	add	a2, a2, a5
 100779e: c05c         	sw	a5, 0x4(s0)
 10077a0: c7b2         	sw	a2, 0xcc(sp)
 10077a2: c5ba         	sw	a4, 0xc8(sp)
 10077a4: 479d         	li	a5, 0x7
 10077a6: 00e7c463     	blt	a5, a4, 0x10077ae <_vfprintf_r+0x12c6>
 10077aa: f59fe06f     	j	0x1006702 <_vfprintf_r+0x21a>
 10077ae: ab8ff06f     	j	0x1006a66 <_vfprintf_r+0x57e>
 10077b2: 856a         	mv	a0, s10
 10077b4: dc46         	sw	a7, 0x38(sp)
 10077b6: 0db040ef     	jal	0x100c090 <strlen>
 10077ba: 0a714703     	lbu	a4, 0xa7(sp)
 10077be: fff54693     	not	a3, a0
 10077c2: 86fd         	srai	a3, a3, 0x1f
 10077c4: ca62         	sw	s8, 0x14(sp)
 10077c6: c802         	sw	zero, 0x10(sp)
 10077c8: d402         	sw	zero, 0x28(sp)
 10077ca: d202         	sw	zero, 0x24(sp)
 10077cc: ce02         	sw	zero, 0x1c(sp)
 10077ce: 58e2         	lw	a7, 0x38(sp)
 10077d0: 8b2a         	mv	s6, a0
 10077d2: 00d57db3     	and	s11, a0, a3
 10077d6: 4a81         	li	s5, 0x0
 10077d8: c319         	beqz	a4, 0x10077de <_vfprintf_r+0x12f6>
 10077da: 87eff06f     	j	0x1006858 <_vfprintf_r+0x370>
 10077de: e99fe06f     	j	0x1006676 <_vfprintf_r+0x18e>
 10077e2: 884a         	mv	a6, s2
 10077e4: 4972         	lw	s2, 0x1c(sp)
 10077e6: 9c22         	add	s8, s8, s0
 10077e8: 0a85         	addi	s5, s5, 0x1
 10077ea: 010b2023     	sw	a6, 0x0(s6)
 10077ee: a46ff06f     	j	0x1006a34 <_vfprintf_r+0x54c>
 10077f2: 47fe         	lw	a5, 0xdc(sp)
 10077f4: 2607ce63     	bltz	a5, 0x1007a70 <_vfprintf_r+0x1588>
 10077f8: 0a714703     	lbu	a4, 0xa7(sp)
 10077fc: 04700793     	li	a5, 0x47
 1007800: 6317cd63     	blt	a5, a7, 0x1007e3a <_vfprintf_r+0x1952>
 1007804: 010107b7     	lui	a5, 0x1010
 1007808: 8f478d13     	addi	s10, a5, -0x70c
 100780c: b791         	j	0x1007750 <_vfprintf_r+0x1268>
 100780e: 8822         	mv	a6, s0
 1007810: 843e         	mv	s0, a5
 1007812: 9656         	add	a2, a2, s5
 1007814: 0705         	addi	a4, a4, 0x1
 1007816: 01042023     	sw	a6, 0x0(s0)
 100781a: 01542223     	sw	s5, 0x4(s0)
 100781e: c7b2         	sw	a2, 0xcc(sp)
 1007820: c5ba         	sw	a4, 0xc8(sp)
 1007822: 459d         	li	a1, 0x7
 1007824: 0421         	addi	s0, s0, 0x8
 1007826: 8ae5dee3     	bge	a1, a4, 0x10070e2 <_vfprintf_r+0xbfa>
 100782a: 4522         	lw	a0, 0x8(sp)
 100782c: 01d0         	addi	a2, sp, 0xc4
 100782e: 85a6         	mv	a1, s1
 1007830: 121000ef     	jal	0x1008150 <__sprint_r>
 1007834: f0051e63     	bnez	a0, 0x1006f50 <_vfprintf_r+0xa68>
 1007838: 463e         	lw	a2, 0xcc(sp)
 100783a: 844e         	mv	s0, s3
 100783c: b05d         	j	0x10070e2 <_vfprintf_r+0xbfa>
 100783e: 47a6         	lw	a5, 0x48(sp)
 1007840: 4596         	lw	a1, 0x44(sp)
 1007842: dc42         	sw	a6, 0x38(sp)
 1007844: 8e9d         	sub	a3, a3, a5
 1007846: 863e         	mv	a2, a5
 1007848: 8536         	mv	a0, a3
 100784a: d47a         	sw	t5, 0x28(sp)
 100784c: d276         	sw	t4, 0x24(sp)
 100784e: d046         	sw	a7, 0x20(sp)
 1007850: ce3a         	sw	a4, 0x1c(sp)
 1007852: c836         	sw	a3, 0x10(sp)
 1007854: 208040ef     	jal	0x100ba5c <strncpy>
 1007858: 016d37b3     	sltu	a5, s10, s6
 100785c: 4615         	li	a2, 0x5
 100785e: 97ea         	add	a5, a5, s10
 1007860: 02c7f7b3     	remu	a5, a5, a2
 1007864: 4772         	lw	a4, 0x1c(sp)
 1007866: ccccd337     	lui	t1, 0xccccd
 100786a: ccccd537     	lui	a0, 0xccccd
 100786e: 00174583     	lbu	a1, 0x1(a4)
 1007872: ccd30313     	addi	t1, t1, -0x333
 1007876: ccc50513     	addi	a0, a0, -0x334
 100787a: 00b035b3     	snez	a1, a1
 100787e: 972e         	add	a4, a4, a1
 1007880: 46c2         	lw	a3, 0x10(sp)
 1007882: 5882         	lw	a7, 0x20(sp)
 1007884: 5e92         	lw	t4, 0x24(sp)
 1007886: 5f22         	lw	t5, 0x28(sp)
 1007888: 5862         	lw	a6, 0x38(sp)
 100788a: 4601         	li	a2, 0x0
 100788c: 4e15         	li	t3, 0x5
 100788e: 40fb07b3     	sub	a5, s6, a5
 1007892: 00fb35b3     	sltu	a1, s6, a5
 1007896: 40bd85b3     	sub	a1, s11, a1
 100789a: 02a78533     	mul	a0, a5, a0
 100789e: 026585b3     	mul	a1, a1, t1
 10078a2: 0267bfb3     	mulhu	t6, a5, t1
 10078a6: 95aa         	add	a1, a1, a0
 10078a8: 02678533     	mul	a0, a5, t1
 10078ac: 95fe         	add	a1, a1, t6
 10078ae: 01f59793     	slli	a5, a1, 0x1f
 10078b2: 8185         	srli	a1, a1, 0x1
 10078b4: 8105         	srli	a0, a0, 0x1
 10078b6: 8fc9         	or	a5, a5, a0
 10078b8: bba1         	j	0x1007610 <_vfprintf_r+0x1128>
 10078ba: 5782         	lw	a5, 0x20(sp)
 10078bc: 5b12         	lw	s6, 0x24(sp)
 10078be: 010108b7     	lui	a7, 0x1010
 10078c2: 97ea         	add	a5, a5, s10
 10078c4: dc4a         	sw	s2, 0x38(sp)
 10078c6: c6e6         	sw	s9, 0x4c(sp)
 10078c8: c8de         	sw	s7, 0x50(sp)
 10078ca: d26e         	sw	s11, 0x24(sp)
 10078cc: 5da2         	lw	s11, 0x28(sp)
 10078ce: d46a         	sw	s10, 0x28(sp)
 10078d0: 5cf2         	lw	s9, 0x3c(sp)
 10078d2: 8d62         	mv	s10, s8
 10078d4: 4922         	lw	s2, 0x8(sp)
 10078d6: 4c26         	lw	s8, 0x48(sp)
 10078d8: 481d         	li	a6, 0x7
 10078da: 4741         	li	a4, 0x10
 10078dc: b7488a93     	addi	s5, a7, -0x48c
 10078e0: 85a2         	mv	a1, s0
 10078e2: 8bbe         	mv	s7, a5
 10078e4: 07605363     	blez	s6, 0x100794a <_vfprintf_r+0x1462>
 10078e8: 0fb05663     	blez	s11, 0x10079d4 <_vfprintf_r+0x14ec>
 10078ec: 1dfd         	addi	s11, s11, -0x1
 10078ee: 4796         	lw	a5, 0x44(sp)
 10078f0: 9662         	add	a2, a2, s8
 10078f2: 0185a223     	sw	s8, 0x4(a1)
 10078f6: c19c         	sw	a5, 0x0(a1)
 10078f8: 47ae         	lw	a5, 0xc8(sp)
 10078fa: c7b2         	sw	a2, 0xcc(sp)
 10078fc: 05a1         	addi	a1, a1, 0x8
 10078fe: 0785         	addi	a5, a5, 0x1
 1007900: c5be         	sw	a5, 0xc8(sp)
 1007902: 0cf84c63     	blt	a6, a5, 0x10079da <_vfprintf_r+0x14f2>
 1007906: 000cc683     	lbu	a3, 0x0(s9)
 100790a: 41ab8433     	sub	s0, s7, s10
 100790e: 0086d363     	bge	a3, s0, 0x1007914 <_vfprintf_r+0x142c>
 1007912: 8436         	mv	s0, a3
 1007914: 00805f63     	blez	s0, 0x1007932 <_vfprintf_r+0x144a>
 1007918: 46ae         	lw	a3, 0xc8(sp)
 100791a: 9622         	add	a2, a2, s0
 100791c: 01a5a023     	sw	s10, 0x0(a1)
 1007920: 0685         	addi	a3, a3, 0x1
 1007922: c1c0         	sw	s0, 0x4(a1)
 1007924: c7b2         	sw	a2, 0xcc(sp)
 1007926: c5b6         	sw	a3, 0xc8(sp)
 1007928: 0cd84463     	blt	a6, a3, 0x10079f0 <_vfprintf_r+0x1508>
 100792c: 000cc683     	lbu	a3, 0x0(s9)
 1007930: 05a1         	addi	a1, a1, 0x8
 1007932: fff44513     	not	a0, s0
 1007936: 857d         	srai	a0, a0, 0x1f
 1007938: 00a477b3     	and	a5, s0, a0
 100793c: 40f68433     	sub	s0, a3, a5
 1007940: 02804763     	bgtz	s0, 0x100796e <_vfprintf_r+0x1486>
 1007944: 9d36         	add	s10, s10, a3
 1007946: fb6041e3     	bgtz	s6, 0x10078e8 <_vfprintf_r+0x1400>
 100794a: fbb041e3     	bgtz	s11, 0x10078ec <_vfprintf_r+0x1404>
 100794e: 5782         	lw	a5, 0x20(sp)
 1007950: 8c6a         	mv	s8, s10
 1007952: 5d22         	lw	s10, 0x28(sp)
 1007954: de66         	sw	s9, 0x3c(sp)
 1007956: 5962         	lw	s2, 0x38(sp)
 1007958: 00fd0733     	add	a4, s10, a5
 100795c: 4cb6         	lw	s9, 0x4c(sp)
 100795e: 4bc6         	lw	s7, 0x50(sp)
 1007960: 5d92         	lw	s11, 0x24(sp)
 1007962: 842e         	mv	s0, a1
 1007964: f9877663     	bgeu	a4, s8, 0x10070f0 <_vfprintf_r+0xc08>
 1007968: 8c3a         	mv	s8, a4
 100796a: f86ff06f     	j	0x10070f0 <_vfprintf_r+0xc08>
 100796e: 01010f37     	lui	t5, 0x1010
 1007972: 46ae         	lw	a3, 0xc8(sp)
 1007974: b74f0f13     	addi	t5, t5, -0x48c
 1007978: 04875063     	bge	a4, s0, 0x10079b8 <_vfprintf_r+0x14d0>
 100797c: ce56         	sw	s5, 0x1c(sp)
 100797e: a021         	j	0x1007986 <_vfprintf_r+0x149e>
 1007980: 1441         	addi	s0, s0, -0x10
 1007982: 02875a63     	bge	a4, s0, 0x10079b6 <_vfprintf_r+0x14ce>
 1007986: 0641         	addi	a2, a2, 0x10
 1007988: 0685         	addi	a3, a3, 0x1
 100798a: 0155a023     	sw	s5, 0x0(a1)
 100798e: c1d8         	sw	a4, 0x4(a1)
 1007990: c7b2         	sw	a2, 0xcc(sp)
 1007992: c5b6         	sw	a3, 0xc8(sp)
 1007994: 05a1         	addi	a1, a1, 0x8
 1007996: fed855e3     	bge	a6, a3, 0x1007980 <_vfprintf_r+0x1498>
 100799a: 01d0         	addi	a2, sp, 0xc4
 100799c: 85a6         	mv	a1, s1
 100799e: 854a         	mv	a0, s2
 10079a0: 2f45         	jal	0x1008150 <__sprint_r>
 10079a2: da051763     	bnez	a0, 0x1006f50 <_vfprintf_r+0xa68>
 10079a6: 4741         	li	a4, 0x10
 10079a8: 1441         	addi	s0, s0, -0x10
 10079aa: 463e         	lw	a2, 0xcc(sp)
 10079ac: 46ae         	lw	a3, 0xc8(sp)
 10079ae: 85ce         	mv	a1, s3
 10079b0: 481d         	li	a6, 0x7
 10079b2: fc874ae3     	blt	a4, s0, 0x1007986 <_vfprintf_r+0x149e>
 10079b6: 4f72         	lw	t5, 0x1c(sp)
 10079b8: 9622         	add	a2, a2, s0
 10079ba: 0685         	addi	a3, a3, 0x1
 10079bc: 01e5a023     	sw	t5, 0x0(a1)
 10079c0: c1c0         	sw	s0, 0x4(a1)
 10079c2: c7b2         	sw	a2, 0xcc(sp)
 10079c4: c5b6         	sw	a3, 0xc8(sp)
 10079c6: 40d84163     	blt	a6, a3, 0x1007dc8 <_vfprintf_r+0x18e0>
 10079ca: 000cc683     	lbu	a3, 0x0(s9)
 10079ce: 05a1         	addi	a1, a1, 0x8
 10079d0: 9d36         	add	s10, s10, a3
 10079d2: bf95         	j	0x1007946 <_vfprintf_r+0x145e>
 10079d4: 1cfd         	addi	s9, s9, -0x1
 10079d6: 1b7d         	addi	s6, s6, -0x1
 10079d8: bf19         	j	0x10078ee <_vfprintf_r+0x1406>
 10079da: 01d0         	addi	a2, sp, 0xc4
 10079dc: 85a6         	mv	a1, s1
 10079de: 854a         	mv	a0, s2
 10079e0: 2f85         	jal	0x1008150 <__sprint_r>
 10079e2: d6051763     	bnez	a0, 0x1006f50 <_vfprintf_r+0xa68>
 10079e6: 463e         	lw	a2, 0xcc(sp)
 10079e8: 85ce         	mv	a1, s3
 10079ea: 4741         	li	a4, 0x10
 10079ec: 481d         	li	a6, 0x7
 10079ee: bf21         	j	0x1007906 <_vfprintf_r+0x141e>
 10079f0: 01d0         	addi	a2, sp, 0xc4
 10079f2: 85a6         	mv	a1, s1
 10079f4: 854a         	mv	a0, s2
 10079f6: 2fa9         	jal	0x1008150 <__sprint_r>
 10079f8: d4051c63     	bnez	a0, 0x1006f50 <_vfprintf_r+0xa68>
 10079fc: 000cc683     	lbu	a3, 0x0(s9)
 1007a00: 463e         	lw	a2, 0xcc(sp)
 1007a02: 85ce         	mv	a1, s3
 1007a04: 4741         	li	a4, 0x10
 1007a06: 481d         	li	a6, 0x7
 1007a08: b72d         	j	0x1007932 <_vfprintf_r+0x144a>
 1007a0a: 4522         	lw	a0, 0x8(sp)
 1007a0c: 01d0         	addi	a2, sp, 0xc4
 1007a0e: 85a6         	mv	a1, s1
 1007a10: 2781         	jal	0x1008150 <__sprint_r>
 1007a12: d2051f63     	bnez	a0, 0x1006f50 <_vfprintf_r+0xa68>
 1007a16: 553a         	lw	a0, 0xac(sp)
 1007a18: 463e         	lw	a2, 0xcc(sp)
 1007a1a: 844e         	mv	s0, s3
 1007a1c: b179         	j	0x10076aa <_vfprintf_r+0x11c2>
 1007a1e: 010107b7     	lui	a5, 0x1010
 1007a22: 8b478d13     	addi	s10, a5, -0x74c
 1007a26: b32d         	j	0x1007750 <_vfprintf_r+0x1268>
 1007a28: 4522         	lw	a0, 0x8(sp)
 1007a2a: 01d0         	addi	a2, sp, 0xc4
 1007a2c: 85a6         	mv	a1, s1
 1007a2e: 270d         	jal	0x1008150 <__sprint_r>
 1007a30: d2051063     	bnez	a0, 0x1006f50 <_vfprintf_r+0xa68>
 1007a34: 463e         	lw	a2, 0xcc(sp)
 1007a36: 844e         	mv	s0, s3
 1007a38: e96ff06f     	j	0x10070ce <_vfprintf_r+0xbe6>
 1007a3c: 4b19         	li	s6, 0x6
 1007a3e: ba35         	j	0x100737a <_vfprintf_r+0xe92>
 1007a40: 47d2         	lw	a5, 0x14(sp)
 1007a42: 4732         	lw	a4, 0xc(sp)
 1007a44: 439c         	lw	a5, 0x0(a5)
 1007a46: 00e79023     	sh	a4, 0x0(a5)
 1007a4a: a8aff06f     	j	0x1006cd4 <_vfprintf_r+0x7ec>
 1007a4e: 0b62         	slli	s6, s6, 0x18
 1007a50: 418b5b13     	srai	s6, s6, 0x18
 1007a54: 41fb5d93     	srai	s11, s6, 0x1f
 1007a58: 87ee         	mv	a5, s11
 1007a5a: dc5fe06f     	j	0x100681e <_vfprintf_r+0x336>
 1007a5e: 0ffb7b13     	andi	s6, s6, 0xff
 1007a62: 4d81         	li	s11, 0x0
 1007a64: e1dfe06f     	j	0x1006880 <_vfprintf_r+0x398>
 1007a68: 0ffb7b13     	andi	s6, s6, 0xff
 1007a6c: 4d81         	li	s11, 0x0
 1007a6e: b879         	j	0x100730c <_vfprintf_r+0xe24>
 1007a70: 02d00793     	li	a5, 0x2d
 1007a74: 0af103a3     	sb	a5, 0xa7(sp)
 1007a78: 02d00713     	li	a4, 0x2d
 1007a7c: b341         	j	0x10077fc <_vfprintf_r+0x1314>
 1007a7e: 4522         	lw	a0, 0x8(sp)
 1007a80: 01d0         	addi	a2, sp, 0xc4
 1007a82: 85a6         	mv	a1, s1
 1007a84: 25f1         	jal	0x1008150 <__sprint_r>
 1007a86: cc3fe06f     	j	0x1006748 <_vfprintf_r+0x260>
 1007a8a: 4522         	lw	a0, 0x8(sp)
 1007a8c: 01d0         	addi	a2, sp, 0xc4
 1007a8e: 85a6         	mv	a1, s1
 1007a90: 25c1         	jal	0x1008150 <__sprint_r>
 1007a92: ca051f63     	bnez	a0, 0x1006f50 <_vfprintf_r+0xa68>
 1007a96: 553a         	lw	a0, 0xac(sp)
 1007a98: 463e         	lw	a2, 0xcc(sp)
 1007a9a: 472e         	lw	a4, 0xc8(sp)
 1007a9c: 844e         	mv	s0, s3
 1007a9e: b9cd         	j	0x1007790 <_vfprintf_r+0x12a8>
 1007aa0: 01550733     	add	a4, a0, s5
 1007aa4: 04700613     	li	a2, 0x47
 1007aa8: 010c         	addi	a1, sp, 0x80
 1007aaa: 855a         	mv	a0, s6
 1007aac: d23a         	sw	a4, 0x24(sp)
 1007aae: d032         	sw	a2, 0x20(sp)
 1007ab0: ce46         	sw	a7, 0x1c(sp)
 1007ab2: c97e         	sw	t6, 0x90(sp)
 1007ab4: cb7a         	sw	t5, 0x94(sp)
 1007ab6: cd76         	sw	t4, 0x98(sp)
 1007ab8: cf62         	sw	s8, 0x9c(sp)
 1007aba: c102         	sw	zero, 0x80(sp)
 1007abc: c302         	sw	zero, 0x84(sp)
 1007abe: c502         	sw	zero, 0x88(sp)
 1007ac0: c702         	sw	zero, 0x8c(sp)
 1007ac2: 377040ef     	jal	0x100c638 <__netf2>
 1007ac6: 48f2         	lw	a7, 0x1c(sp)
 1007ac8: 5602         	lw	a2, 0x20(sp)
 1007aca: 5712         	lw	a4, 0x24(sp)
 1007acc: 36050c63     	beqz	a0, 0x1007e44 <_vfprintf_r+0x195c>
 1007ad0: 57fa         	lw	a5, 0xbc(sp)
 1007ad2: 00e7fc63     	bgeu	a5, a4, 0x1007aea <_vfprintf_r+0x1602>
 1007ad6: 03000593     	li	a1, 0x30
 1007ada: 00178693     	addi	a3, a5, 0x1
 1007ade: df36         	sw	a3, 0xbc(sp)
 1007ae0: 00b78023     	sb	a1, 0x0(a5)
 1007ae4: 57fa         	lw	a5, 0xbc(sp)
 1007ae6: fee7eae3     	bltu	a5, a4, 0x1007ada <_vfprintf_r+0x15f2>
 1007aea: 573a         	lw	a4, 0xac(sp)
 1007aec: ce3a         	sw	a4, 0x1c(sp)
 1007aee: 41a787b3     	sub	a5, a5, s10
 1007af2: 04700713     	li	a4, 0x47
 1007af6: d03e         	sw	a5, 0x20(sp)
 1007af8: 98e606e3     	beq	a2, a4, 0x1007484 <_vfprintf_r+0xf9c>
 1007afc: 04600713     	li	a4, 0x46
 1007b00: 38e60a63     	beq	a2, a4, 0x1007e94 <_vfprintf_r+0x19ac>
 1007b04: 47f2         	lw	a5, 0x1c(sp)
 1007b06: fff78713     	addi	a4, a5, -0x1
 1007b0a: b279         	j	0x1007498 <_vfprintf_r+0xfb0>
 1007b0c: 001a8693     	addi	a3, s5, 0x1
 1007b10: 4609         	li	a2, 0x2
 1007b12: 4522         	lw	a0, 0x8(sp)
 1007b14: 09010b13     	addi	s6, sp, 0x90
 1007b18: 1178         	addi	a4, sp, 0xac
 1007b1a: 85da         	mv	a1, s6
 1007b1c: 0bc10813     	addi	a6, sp, 0xbc
 1007b20: 191c         	addi	a5, sp, 0xb0
 1007b22: c8c6         	sw	a7, 0x50(sp)
 1007b24: d436         	sw	a3, 0x28(sp)
 1007b26: c97e         	sw	t6, 0x90(sp)
 1007b28: d27e         	sw	t6, 0x24(sp)
 1007b2a: cb7a         	sw	t5, 0x94(sp)
 1007b2c: d07a         	sw	t5, 0x20(sp)
 1007b2e: cd76         	sw	t4, 0x98(sp)
 1007b30: ce76         	sw	t4, 0x1c(sp)
 1007b32: cf62         	sw	s8, 0x9c(sp)
 1007b34: 57f000ef     	jal	0x10088b2 <_ldtoa_r>
 1007b38: 48c6         	lw	a7, 0x50(sp)
 1007b3a: 56a2         	lw	a3, 0x28(sp)
 1007b3c: 04600593     	li	a1, 0x46
 1007b40: fdf8f613     	andi	a2, a7, -0x21
 1007b44: 4ef2         	lw	t4, 0x1c(sp)
 1007b46: 5f02         	lw	t5, 0x20(sp)
 1007b48: 5f92         	lw	t6, 0x24(sp)
 1007b4a: 8d2a         	mv	s10, a0
 1007b4c: 00d50733     	add	a4, a0, a3
 1007b50: 54b61963     	bne	a2, a1, 0x10080a2 <_vfprintf_r+0x1bba>
 1007b54: 000d4503     	lbu	a0, 0x0(s10)
 1007b58: 03000593     	li	a1, 0x30
 1007b5c: 2eb50863     	beq	a0, a1, 0x1007e4c <_vfprintf_r+0x1964>
 1007b60: 56ba         	lw	a3, 0xac(sp)
 1007b62: 010c         	addi	a1, sp, 0x80
 1007b64: 9736         	add	a4, a4, a3
 1007b66: b791         	j	0x1007aaa <_vfprintf_r+0x15c2>
 1007b68: 09010b13     	addi	s6, sp, 0x90
 1007b6c: 010c         	addi	a1, sp, 0x80
 1007b6e: 1170         	addi	a2, sp, 0xac
 1007b70: 855a         	mv	a0, s6
 1007b72: c0c6         	sw	a7, 0x40(sp)
 1007b74: c17e         	sw	t6, 0x80(sp)
 1007b76: c37a         	sw	t5, 0x84(sp)
 1007b78: c576         	sw	t4, 0x88(sp)
 1007b7a: ce2e         	sw	a1, 0x1c(sp)
 1007b7c: c762         	sw	s8, 0x8c(sp)
 1007b7e: 1c1030ef     	jal	0x100b53e <frexpl>
 1007b82: 474a         	lw	a4, 0x90(sp)
 1007b84: 45f2         	lw	a1, 0x1c(sp)
 1007b86: 1890         	addi	a2, sp, 0x70
 1007b88: c13a         	sw	a4, 0x80(sp)
 1007b8a: 475a         	lw	a4, 0x94(sp)
 1007b8c: 855a         	mv	a0, s6
 1007b8e: d882         	sw	zero, 0x70(sp)
 1007b90: c33a         	sw	a4, 0x84(sp)
 1007b92: 476a         	lw	a4, 0x98(sp)
 1007b94: da82         	sw	zero, 0x74(sp)
 1007b96: dc82         	sw	zero, 0x78(sp)
 1007b98: c53a         	sw	a4, 0x88(sp)
 1007b9a: 477a         	lw	a4, 0x9c(sp)
 1007b9c: c73a         	sw	a4, 0x8c(sp)
 1007b9e: 3ffc0737     	lui	a4, 0x3ffc0
 1007ba2: deba         	sw	a4, 0x7c(sp)
 1007ba4: 559040ef     	jal	0x100c8fc <__multf3>
 1007ba8: 45f2         	lw	a1, 0x1c(sp)
 1007baa: 4f4a         	lw	t5, 0x90(sp)
 1007bac: 4eda         	lw	t4, 0x94(sp)
 1007bae: 486a         	lw	a6, 0x98(sp)
 1007bb0: 855a         	mv	a0, s6
 1007bb2: d42e         	sw	a1, 0x28(sp)
 1007bb4: d27a         	sw	t5, 0x24(sp)
 1007bb6: d076         	sw	t4, 0x20(sp)
 1007bb8: ce42         	sw	a6, 0x1c(sp)
 1007bba: c102         	sw	zero, 0x80(sp)
 1007bbc: c302         	sw	zero, 0x84(sp)
 1007bbe: c502         	sw	zero, 0x88(sp)
 1007bc0: c702         	sw	zero, 0x8c(sp)
 1007bc2: 277040ef     	jal	0x100c638 <__netf2>
 1007bc6: 4dfa         	lw	s11, 0x9c(sp)
 1007bc8: 4872         	lw	a6, 0x1c(sp)
 1007bca: 5e82         	lw	t4, 0x20(sp)
 1007bcc: 5f12         	lw	t5, 0x24(sp)
 1007bce: 55a2         	lw	a1, 0x28(sp)
 1007bd0: 4886         	lw	a7, 0x40(sp)
 1007bd2: e119         	bnez	a0, 0x1007bd8 <_vfprintf_r+0x16f0>
 1007bd4: 4705         	li	a4, 0x1
 1007bd6: d73a         	sw	a4, 0xac(sp)
 1007bd8: 06100713     	li	a4, 0x61
 1007bdc: 46e88063     	beq	a7, a4, 0x100803c <_vfprintf_r+0x1b54>
 1007be0: 01010737     	lui	a4, 0x1010
 1007be4: 87c70793     	addi	a5, a4, -0x784
 1007be8: ce3e         	sw	a5, 0x1c(sp)
 1007bea: d04a         	sw	s2, 0x20(sp)
 1007bec: d466         	sw	s9, 0x28(sp)
 1007bee: c0de         	sw	s7, 0x40(sp)
 1007bf0: c6a2         	sw	s0, 0x4c(sp)
 1007bf2: 896a         	mv	s2, s10
 1007bf4: c8a6         	sw	s1, 0x50(sp)
 1007bf6: caea         	sw	s10, 0x54(sp)
 1007bf8: 44f2         	lw	s1, 0x1c(sp)
 1007bfa: 1afd         	addi	s5, s5, -0x1
 1007bfc: d246         	sw	a7, 0x24(sp)
 1007bfe: 8bfa         	mv	s7, t5
 1007c00: 8c76         	mv	s8, t4
 1007c02: 8cc2         	mv	s9, a6
 1007c04: 8d6e         	mv	s10, s11
 1007c06: 842e         	mv	s0, a1
 1007c08: a015         	j	0x1007c2c <_vfprintf_r+0x1744>
 1007c0a: 85a2         	mv	a1, s0
 1007c0c: 855a         	mv	a0, s6
 1007c0e: c95e         	sw	s7, 0x90(sp)
 1007c10: cb62         	sw	s8, 0x94(sp)
 1007c12: cd66         	sw	s9, 0x98(sp)
 1007c14: cf6a         	sw	s10, 0x9c(sp)
 1007c16: c102         	sw	zero, 0x80(sp)
 1007c18: c302         	sw	zero, 0x84(sp)
 1007c1a: c502         	sw	zero, 0x88(sp)
 1007c1c: c702         	sw	zero, 0x8c(sp)
 1007c1e: fffa8d93     	addi	s11, s5, -0x1
 1007c22: 217040ef     	jal	0x100c638 <__netf2>
 1007c26: 3c050e63     	beqz	a0, 0x1008002 <_vfprintf_r+0x1b1a>
 1007c2a: 8aee         	mv	s5, s11
 1007c2c: 400307b7     	lui	a5, 0x40030
 1007c30: 1890         	addi	a2, sp, 0x70
 1007c32: 85a2         	mv	a1, s0
 1007c34: 855a         	mv	a0, s6
 1007c36: debe         	sw	a5, 0x7c(sp)
 1007c38: c15e         	sw	s7, 0x80(sp)
 1007c3a: c362         	sw	s8, 0x84(sp)
 1007c3c: c566         	sw	s9, 0x88(sp)
 1007c3e: c76a         	sw	s10, 0x8c(sp)
 1007c40: d882         	sw	zero, 0x70(sp)
 1007c42: da82         	sw	zero, 0x74(sp)
 1007c44: dc82         	sw	zero, 0x78(sp)
 1007c46: 4b7040ef     	jal	0x100c8fc <__multf3>
 1007c4a: 855a         	mv	a0, s6
 1007c4c: 315060ef     	jal	0x100e760 <__fixtfsi>
 1007c50: 85aa         	mv	a1, a0
 1007c52: 8daa         	mv	s11, a0
 1007c54: 855a         	mv	a0, s6
 1007c56: 4d4a         	lw	s10, 0x90(sp)
 1007c58: 4cda         	lw	s9, 0x94(sp)
 1007c5a: 4c6a         	lw	s8, 0x98(sp)
 1007c5c: 4bfa         	lw	s7, 0x9c(sp)
 1007c5e: 427060ef     	jal	0x100e884 <__floatsitf>
 1007c62: 46ca         	lw	a3, 0x90(sp)
 1007c64: 1090         	addi	a2, sp, 0x60
 1007c66: 188c         	addi	a1, sp, 0x70
 1007c68: d0b6         	sw	a3, 0x60(sp)
 1007c6a: 46da         	lw	a3, 0x94(sp)
 1007c6c: 8522         	mv	a0, s0
 1007c6e: d8ea         	sw	s10, 0x70(sp)
 1007c70: d2b6         	sw	a3, 0x64(sp)
 1007c72: 46ea         	lw	a3, 0x98(sp)
 1007c74: dae6         	sw	s9, 0x74(sp)
 1007c76: dce2         	sw	s8, 0x78(sp)
 1007c78: d4b6         	sw	a3, 0x68(sp)
 1007c7a: 46fa         	lw	a3, 0x9c(sp)
 1007c7c: dede         	sw	s7, 0x7c(sp)
 1007c7e: d6b6         	sw	a3, 0x6c(sp)
 1007c80: 14d050ef     	jal	0x100d5cc <__subtf3>
 1007c84: 01b486b3     	add	a3, s1, s11
 1007c88: 0006c603     	lbu	a2, 0x0(a3)
 1007c8c: 8fca         	mv	t6, s2
 1007c8e: 0905         	addi	s2, s2, 0x1
 1007c90: 4b8a         	lw	s7, 0x80(sp)
 1007c92: 4c1a         	lw	s8, 0x84(sp)
 1007c94: 4caa         	lw	s9, 0x88(sp)
 1007c96: 4d3a         	lw	s10, 0x8c(sp)
 1007c98: 57fd         	li	a5, -0x1
 1007c9a: fec90fa3     	sb	a2, -0x1(s2)
 1007c9e: f6fa96e3     	bne	s5, a5, 0x1007c0a <_vfprintf_r+0x1722>
 1007ca2: 5892         	lw	a7, 0x24(sp)
 1007ca4: 8f5e         	mv	t5, s7
 1007ca6: 8ee2         	mv	t4, s8
 1007ca8: 8866         	mv	a6, s9
 1007caa: 85a2         	mv	a1, s0
 1007cac: ccee         	sw	s11, 0x58(sp)
 1007cae: 3ffe0ab7     	lui	s5, 0x3ffe0
 1007cb2: 8dea         	mv	s11, s10
 1007cb4: 855a         	mv	a0, s6
 1007cb6: cec6         	sw	a7, 0x5c(sp)
 1007cb8: d27e         	sw	t6, 0x24(sp)
 1007cba: 44c6         	lw	s1, 0x50(sp)
 1007cbc: 4b86         	lw	s7, 0x40(sp)
 1007cbe: 5ca2         	lw	s9, 0x28(sp)
 1007cc0: 4436         	lw	s0, 0x4c(sp)
 1007cc2: c97a         	sw	t5, 0x90(sp)
 1007cc4: c8fa         	sw	t5, 0x50(sp)
 1007cc6: cb76         	sw	t4, 0x94(sp)
 1007cc8: c6f6         	sw	t4, 0x4c(sp)
 1007cca: cd42         	sw	a6, 0x98(sp)
 1007ccc: c0c2         	sw	a6, 0x40(sp)
 1007cce: cf6e         	sw	s11, 0x9c(sp)
 1007cd0: c102         	sw	zero, 0x80(sp)
 1007cd2: c302         	sw	zero, 0x84(sp)
 1007cd4: c502         	sw	zero, 0x88(sp)
 1007cd6: c756         	sw	s5, 0x8c(sp)
 1007cd8: d42e         	sw	a1, 0x28(sp)
 1007cda: 24b040ef     	jal	0x100c724 <__gttf2>
 1007cde: 8c4a         	mv	s8, s2
 1007ce0: 4d56         	lw	s10, 0x54(sp)
 1007ce2: 5902         	lw	s2, 0x20(sp)
 1007ce4: 5f92         	lw	t6, 0x24(sp)
 1007ce6: 48f6         	lw	a7, 0x5c(sp)
 1007ce8: 00a04e63     	bgtz	a0, 0x1007d04 <_vfprintf_r+0x181c>
 1007cec: 55a2         	lw	a1, 0x28(sp)
 1007cee: 855a         	mv	a0, s6
 1007cf0: d046         	sw	a7, 0x20(sp)
 1007cf2: 147040ef     	jal	0x100c638 <__netf2>
 1007cf6: 5882         	lw	a7, 0x20(sp)
 1007cf8: e529         	bnez	a0, 0x1007d42 <_vfprintf_r+0x185a>
 1007cfa: 47e6         	lw	a5, 0x58(sp)
 1007cfc: 5f92         	lw	t6, 0x24(sp)
 1007cfe: 0017f693     	andi	a3, a5, 0x1
 1007d02: c2a1         	beqz	a3, 0x1007d42 <_vfprintf_r+0x185a>
 1007d04: 47f2         	lw	a5, 0x1c(sp)
 1007d06: df7e         	sw	t6, 0xbc(sp)
 1007d08: fffc4603     	lbu	a2, -0x1(s8)
 1007d0c: 00f7c583     	lbu	a1, 0xf(a5)
 1007d10: 86e2         	mv	a3, s8
 1007d12: 00b61e63     	bne	a2, a1, 0x1007d2e <_vfprintf_r+0x1846>
 1007d16: 03000513     	li	a0, 0x30
 1007d1a: fea68fa3     	sb	a0, -0x1(a3)
 1007d1e: 56fa         	lw	a3, 0xbc(sp)
 1007d20: fff68793     	addi	a5, a3, -0x1
 1007d24: df3e         	sw	a5, 0xbc(sp)
 1007d26: fff6c603     	lbu	a2, -0x1(a3)
 1007d2a: fec588e3     	beq	a1, a2, 0x1007d1a <_vfprintf_r+0x1832>
 1007d2e: 00160593     	addi	a1, a2, 0x1
 1007d32: 03900513     	li	a0, 0x39
 1007d36: 0ff5f593     	andi	a1, a1, 0xff
 1007d3a: 02a60c63     	beq	a2, a0, 0x1007d72 <_vfprintf_r+0x188a>
 1007d3e: feb68fa3     	sb	a1, -0x1(a3)
 1007d42: 57ba         	lw	a5, 0xac(sp)
 1007d44: 41ac0733     	sub	a4, s8, s10
 1007d48: d03a         	sw	a4, 0x20(sp)
 1007d4a: fff78713     	addi	a4, a5, -0x1
 1007d4e: ce3e         	sw	a5, 0x1c(sp)
 1007d50: 06100613     	li	a2, 0x61
 1007d54: d73a         	sw	a4, 0xac(sp)
 1007d56: 07000693     	li	a3, 0x70
 1007d5a: 00c88663     	beq	a7, a2, 0x1007d66 <_vfprintf_r+0x187e>
 1007d5e: 05000693     	li	a3, 0x50
 1007d62: 04100893     	li	a7, 0x41
 1007d66: 4605         	li	a2, 0x1
 1007d68: f38ff06f     	j	0x10074a0 <_vfprintf_r+0xfb8>
 1007d6c: 86d6         	mv	a3, s5
 1007d6e: 460d         	li	a2, 0x3
 1007d70: b34d         	j	0x1007b12 <_vfprintf_r+0x162a>
 1007d72: 47f2         	lw	a5, 0x1c(sp)
 1007d74: 00a7c583     	lbu	a1, 0xa(a5)
 1007d78: b7d9         	j	0x1007d3e <_vfprintf_r+0x1856>
 1007d7a: 0a714703     	lbu	a4, 0xa7(sp)
 1007d7e: 4cb6         	lw	s9, 0x4c(sp)
 1007d80: 4a81         	li	s5, 0x0
 1007d82: c319         	beqz	a4, 0x1007d88 <_vfprintf_r+0x18a0>
 1007d84: ad5fe06f     	j	0x1006858 <_vfprintf_r+0x370>
 1007d88: 8effe06f     	j	0x1006676 <_vfprintf_r+0x18e>
 1007d8c: 5782         	lw	a5, 0x20(sp)
 1007d8e: 4772         	lw	a4, 0x1c(sp)
 1007d90: 12f74863     	blt	a4, a5, 0x1007ec0 <_vfprintf_r+0x19d8>
 1007d94: 47f2         	lw	a5, 0x1c(sp)
 1007d96: 001cf713     	andi	a4, s9, 0x1
 1007d9a: 8b3e         	mv	s6, a5
 1007d9c: c701         	beqz	a4, 0x1007da4 <_vfprintf_r+0x18bc>
 1007d9e: 5732         	lw	a4, 0x2c(sp)
 1007da0: 00e78b33     	add	s6, a5, a4
 1007da4: 400cfe13     	andi	t3, s9, 0x400
 1007da8: 000e0563     	beqz	t3, 0x1007db2 <_vfprintf_r+0x18ca>
 1007dac: 47f2         	lw	a5, 0x1c(sp)
 1007dae: 1ef04e63     	bgtz	a5, 0x1007faa <_vfprintf_r+0x1ac2>
 1007db2: fffb4693     	not	a3, s6
 1007db6: 86fd         	srai	a3, a3, 0x1f
 1007db8: 00db7db3     	and	s11, s6, a3
 1007dbc: 06700893     	li	a7, 0x67
 1007dc0: d402         	sw	zero, 0x28(sp)
 1007dc2: d202         	sw	zero, 0x24(sp)
 1007dc4: f7eff06f     	j	0x1007542 <_vfprintf_r+0x105a>
 1007dc8: 01d0         	addi	a2, sp, 0xc4
 1007dca: 85a6         	mv	a1, s1
 1007dcc: 854a         	mv	a0, s2
 1007dce: 2649         	jal	0x1008150 <__sprint_r>
 1007dd0: 98051063     	bnez	a0, 0x1006f50 <_vfprintf_r+0xa68>
 1007dd4: 000cc683     	lbu	a3, 0x0(s9)
 1007dd8: 463e         	lw	a2, 0xcc(sp)
 1007dda: 85ce         	mv	a1, s3
 1007ddc: 4741         	li	a4, 0x10
 1007dde: 481d         	li	a6, 0x7
 1007de0: 9d36         	add	s10, s10, a3
 1007de2: b695         	j	0x1007946 <_vfprintf_r+0x145e>
 1007de4: 4525         	li	a0, 0x9
 1007de6: 836565e3     	bltu	a0, s6, 0x1007610 <_vfprintf_r+0x1128>
 1007dea: b079         	j	0x1007678 <_vfprintf_r+0x1190>
 1007dec: 57fd         	li	a5, -0x1
 1007dee: c63e         	sw	a5, 0xc(sp)
 1007df0: 98bfe06f     	j	0x100677a <_vfprintf_r+0x292>
 1007df4: 02d00793     	li	a5, 0x2d
 1007df8: 0af103a3     	sb	a5, 0xa7(sp)
 1007dfc: 02d00713     	li	a4, 0x2d
 1007e00: b281         	j	0x1007740 <_vfprintf_r+0x1258>
 1007e02: 0a714703     	lbu	a4, 0xa7(sp)
 1007e06: ca62         	sw	s8, 0x14(sp)
 1007e08: d402         	sw	zero, 0x28(sp)
 1007e0a: d202         	sw	zero, 0x24(sp)
 1007e0c: ce02         	sw	zero, 0x1c(sp)
 1007e0e: 8dd6         	mv	s11, s5
 1007e10: 8b56         	mv	s6, s5
 1007e12: 4a81         	li	s5, 0x0
 1007e14: c319         	beqz	a4, 0x1007e1a <_vfprintf_r+0x1932>
 1007e16: a43fe06f     	j	0x1006858 <_vfprintf_r+0x370>
 1007e1a: 85dfe06f     	j	0x1006676 <_vfprintf_r+0x18e>
 1007e1e: 4522         	lw	a0, 0x8(sp)
 1007e20: 01d0         	addi	a2, sp, 0xc4
 1007e22: 85a6         	mv	a1, s1
 1007e24: 2635         	jal	0x1008150 <__sprint_r>
 1007e26: 92051563     	bnez	a0, 0x1006f50 <_vfprintf_r+0xa68>
 1007e2a: 5aba         	lw	s5, 0xac(sp)
 1007e2c: 5782         	lw	a5, 0x20(sp)
 1007e2e: 463e         	lw	a2, 0xcc(sp)
 1007e30: 844e         	mv	s0, s3
 1007e32: 41578ab3     	sub	s5, a5, s5
 1007e36: afcff06f     	j	0x1007132 <_vfprintf_r+0xc4a>
 1007e3a: 010107b7     	lui	a5, 0x1010
 1007e3e: 8f878d13     	addi	s10, a5, -0x708
 1007e42: b239         	j	0x1007750 <_vfprintf_r+0x1268>
 1007e44: 57ba         	lw	a5, 0xac(sp)
 1007e46: ce3e         	sw	a5, 0x1c(sp)
 1007e48: 87ba         	mv	a5, a4
 1007e4a: b155         	j	0x1007aee <_vfprintf_r+0x1606>
 1007e4c: 010c         	addi	a1, sp, 0x80
 1007e4e: 855a         	mv	a0, s6
 1007e50: ceba         	sw	a4, 0x5c(sp)
 1007e52: ccb2         	sw	a2, 0x58(sp)
 1007e54: cac6         	sw	a7, 0x54(sp)
 1007e56: c8b6         	sw	a3, 0x50(sp)
 1007e58: c97e         	sw	t6, 0x90(sp)
 1007e5a: d47e         	sw	t6, 0x28(sp)
 1007e5c: cb7a         	sw	t5, 0x94(sp)
 1007e5e: d27a         	sw	t5, 0x24(sp)
 1007e60: cd76         	sw	t4, 0x98(sp)
 1007e62: d076         	sw	t4, 0x20(sp)
 1007e64: ce2e         	sw	a1, 0x1c(sp)
 1007e66: cf62         	sw	s8, 0x9c(sp)
 1007e68: c102         	sw	zero, 0x80(sp)
 1007e6a: c302         	sw	zero, 0x84(sp)
 1007e6c: c502         	sw	zero, 0x88(sp)
 1007e6e: c702         	sw	zero, 0x8c(sp)
 1007e70: 7c8040ef     	jal	0x100c638 <__netf2>
 1007e74: 45f2         	lw	a1, 0x1c(sp)
 1007e76: 5e82         	lw	t4, 0x20(sp)
 1007e78: 5f12         	lw	t5, 0x24(sp)
 1007e7a: 5fa2         	lw	t6, 0x28(sp)
 1007e7c: 46c6         	lw	a3, 0x50(sp)
 1007e7e: 48d6         	lw	a7, 0x54(sp)
 1007e80: 4666         	lw	a2, 0x58(sp)
 1007e82: 4776         	lw	a4, 0x5c(sp)
 1007e84: 1c051263     	bnez	a0, 0x1008048 <_vfprintf_r+0x1b60>
 1007e88: 57ba         	lw	a5, 0xac(sp)
 1007e8a: 973e         	add	a4, a4, a5
 1007e8c: ce3e         	sw	a5, 0x1c(sp)
 1007e8e: 41a707b3     	sub	a5, a4, s10
 1007e92: d03e         	sw	a5, 0x20(sp)
 1007e94: 47f2         	lw	a5, 0x1c(sp)
 1007e96: 001cf713     	andi	a4, s9, 0x1
 1007e9a: 01576733     	or	a4, a4, s5
 1007e9e: 1af05b63     	blez	a5, 0x1008054 <_vfprintf_r+0x1b6c>
 1007ea2: 18071563     	bnez	a4, 0x100802c <_vfprintf_r+0x1b44>
 1007ea6: 4b72         	lw	s6, 0x1c(sp)
 1007ea8: 06600893     	li	a7, 0x66
 1007eac: 400cfe13     	andi	t3, s9, 0x400
 1007eb0: 0e0e1f63     	bnez	t3, 0x1007fae <_vfprintf_r+0x1ac6>
 1007eb4: fffb4693     	not	a3, s6
 1007eb8: 86fd         	srai	a3, a3, 0x1f
 1007eba: 00db7db3     	and	s11, s6, a3
 1007ebe: b709         	j	0x1007dc0 <_vfprintf_r+0x18d8>
 1007ec0: 5782         	lw	a5, 0x20(sp)
 1007ec2: 5732         	lw	a4, 0x2c(sp)
 1007ec4: 06700893     	li	a7, 0x67
 1007ec8: 00e78b33     	add	s6, a5, a4
 1007ecc: 47f2         	lw	a5, 0x1c(sp)
 1007ece: fcf04fe3     	bgtz	a5, 0x1007eac <_vfprintf_r+0x19c4>
 1007ed2: 40fb0f33     	sub	t5, s6, a5
 1007ed6: 001f0b13     	addi	s6, t5, 0x1
 1007eda: fffb4693     	not	a3, s6
 1007ede: 86fd         	srai	a3, a3, 0x1f
 1007ee0: 00db7db3     	and	s11, s6, a3
 1007ee4: bdf1         	j	0x1007dc0 <_vfprintf_r+0x18d8>
 1007ee6: 8ee6         	mv	t4, s9
 1007ee8: ccffe06f     	j	0x1006bb6 <_vfprintf_r+0x6ce>
 1007eec: 01010837     	lui	a6, 0x1010
 1007ef0: 55c1         	li	a1, -0x10
 1007ef2: 40a00ab3     	neg	s5, a0
 1007ef6: b7480813     	addi	a6, a6, -0x48c
 1007efa: 04b55263     	bge	a0, a1, 0x1007f3e <_vfprintf_r+0x1a56>
 1007efe: ce4a         	sw	s2, 0x1c(sp)
 1007f00: 4b41         	li	s6, 0x10
 1007f02: 4c1d         	li	s8, 0x7
 1007f04: 8942         	mv	s2, a6
 1007f06: a021         	j	0x1007f0e <_vfprintf_r+0x1a26>
 1007f08: 1ac1         	addi	s5, s5, -0x10
 1007f0a: 035b5863     	bge	s6, s5, 0x1007f3a <_vfprintf_r+0x1a52>
 1007f0e: 0641         	addi	a2, a2, 0x10
 1007f10: 0705         	addi	a4, a4, 0x1
 1007f12: 01242023     	sw	s2, 0x0(s0)
 1007f16: 01642223     	sw	s6, 0x4(s0)
 1007f1a: c7b2         	sw	a2, 0xcc(sp)
 1007f1c: c5ba         	sw	a4, 0xc8(sp)
 1007f1e: 0421         	addi	s0, s0, 0x8
 1007f20: feec54e3     	bge	s8, a4, 0x1007f08 <_vfprintf_r+0x1a20>
 1007f24: 4522         	lw	a0, 0x8(sp)
 1007f26: 01d0         	addi	a2, sp, 0xc4
 1007f28: 85a6         	mv	a1, s1
 1007f2a: 241d         	jal	0x1008150 <__sprint_r>
 1007f2c: c119         	beqz	a0, 0x1007f32 <_vfprintf_r+0x1a4a>
 1007f2e: 822ff06f     	j	0x1006f50 <_vfprintf_r+0xa68>
 1007f32: 463e         	lw	a2, 0xcc(sp)
 1007f34: 472e         	lw	a4, 0xc8(sp)
 1007f36: 844e         	mv	s0, s3
 1007f38: bfc1         	j	0x1007f08 <_vfprintf_r+0x1a20>
 1007f3a: 884a         	mv	a6, s2
 1007f3c: 4972         	lw	s2, 0x1c(sp)
 1007f3e: 9656         	add	a2, a2, s5
 1007f40: 0705         	addi	a4, a4, 0x1
 1007f42: 01042023     	sw	a6, 0x0(s0)
 1007f46: 01542223     	sw	s5, 0x4(s0)
 1007f4a: c7b2         	sw	a2, 0xcc(sp)
 1007f4c: c5ba         	sw	a4, 0xc8(sp)
 1007f4e: 459d         	li	a1, 0x7
 1007f50: f8e5d163     	bge	a1, a4, 0x10076d2 <_vfprintf_r+0x11ea>
 1007f54: 4522         	lw	a0, 0x8(sp)
 1007f56: 01d0         	addi	a2, sp, 0xc4
 1007f58: 85a6         	mv	a1, s1
 1007f5a: 2add         	jal	0x1008150 <__sprint_r>
 1007f5c: c119         	beqz	a0, 0x1007f62 <_vfprintf_r+0x1a7a>
 1007f5e: ff3fe06f     	j	0x1006f50 <_vfprintf_r+0xa68>
 1007f62: 463e         	lw	a2, 0xcc(sp)
 1007f64: 472e         	lw	a4, 0xc8(sp)
 1007f66: 844e         	mv	s0, s3
 1007f68: 82dff06f     	j	0x1007794 <_vfprintf_r+0x12ac>
 1007f6c: 0b610693     	addi	a3, sp, 0xb6
 1007f70: e619         	bnez	a2, 0x1007f7e <_vfprintf_r+0x1a96>
 1007f72: 03000693     	li	a3, 0x30
 1007f76: 0ad10b23     	sb	a3, 0xb6(sp)
 1007f7a: 0b710693     	addi	a3, sp, 0xb7
 1007f7e: 0b1c         	addi	a5, sp, 0x190
 1007f80: 40f68633     	sub	a2, a3, a5
 1007f84: 03070713     	addi	a4, a4, 0x30
 1007f88: 0dd60793     	addi	a5, a2, 0xdd
 1007f8c: 00e68023     	sb	a4, 0x0(a3)
 1007f90: c0be         	sw	a5, 0x40(sp)
 1007f92: d84ff06f     	j	0x1007516 <_vfprintf_r+0x102e>
 1007f96: c802         	sw	zero, 0x10(sp)
 1007f98: 4a99         	li	s5, 0x6
 1007f9a: 9c5fe06f     	j	0x100695e <_vfprintf_r+0x476>
 1007f9e: 001cf713     	andi	a4, s9, 0x1
 1007fa2: d8070363     	beqz	a4, 0x1007528 <_vfprintf_r+0x1040>
 1007fa6: d7eff06f     	j	0x1007524 <_vfprintf_r+0x103c>
 1007faa: 06700893     	li	a7, 0x67
 1007fae: 5672         	lw	a2, 0x3c(sp)
 1007fb0: 0ff00693     	li	a3, 0xff
 1007fb4: 00064703     	lbu	a4, 0x0(a2)
 1007fb8: 0ed70263     	beq	a4, a3, 0x100809c <_vfprintf_r+0x1bb4>
 1007fbc: 47f2         	lw	a5, 0x1c(sp)
 1007fbe: 4501         	li	a0, 0x0
 1007fc0: 4581         	li	a1, 0x0
 1007fc2: 00f75a63     	bge	a4, a5, 0x1007fd6 <_vfprintf_r+0x1aee>
 1007fc6: 8f99         	sub	a5, a5, a4
 1007fc8: 00164703     	lbu	a4, 0x1(a2)
 1007fcc: c71d         	beqz	a4, 0x1007ffa <_vfprintf_r+0x1b12>
 1007fce: 0585         	addi	a1, a1, 0x1
 1007fd0: 0605         	addi	a2, a2, 0x1
 1007fd2: fed718e3     	bne	a4, a3, 0x1007fc2 <_vfprintf_r+0x1ada>
 1007fd6: de32         	sw	a2, 0x3c(sp)
 1007fd8: d22e         	sw	a1, 0x24(sp)
 1007fda: d42a         	sw	a0, 0x28(sp)
 1007fdc: ce3e         	sw	a5, 0x1c(sp)
 1007fde: 57a2         	lw	a5, 0x28(sp)
 1007fe0: 5712         	lw	a4, 0x24(sp)
 1007fe2: 973e         	add	a4, a4, a5
 1007fe4: 47a6         	lw	a5, 0x48(sp)
 1007fe6: 02f70733     	mul	a4, a4, a5
 1007fea: 9b3a         	add	s6, s6, a4
 1007fec: fffb4693     	not	a3, s6
 1007ff0: 86fd         	srai	a3, a3, 0x1f
 1007ff2: 00db7db3     	and	s11, s6, a3
 1007ff6: d4cff06f     	j	0x1007542 <_vfprintf_r+0x105a>
 1007ffa: 00064703     	lbu	a4, 0x0(a2)
 1007ffe: 0505         	addi	a0, a0, 0x1
 1008000: bfc9         	j	0x1007fd2 <_vfprintf_r+0x1aea>
 1008002: 8c4a         	mv	s8, s2
 1008004: 001a8693     	addi	a3, s5, 0x1
 1008008: 5892         	lw	a7, 0x24(sp)
 100800a: 5ca2         	lw	s9, 0x28(sp)
 100800c: 4b86         	lw	s7, 0x40(sp)
 100800e: 4436         	lw	s0, 0x4c(sp)
 1008010: 5902         	lw	s2, 0x20(sp)
 1008012: 44c6         	lw	s1, 0x50(sp)
 1008014: 4d56         	lw	s10, 0x54(sp)
 1008016: 96e2         	add	a3, a3, s8
 1008018: 03000613     	li	a2, 0x30
 100801c: d20ac3e3     	bltz	s5, 0x1007d42 <_vfprintf_r+0x185a>
 1008020: 0c05         	addi	s8, s8, 0x1
 1008022: fecc0fa3     	sb	a2, -0x1(s8)
 1008026: fedc1de3     	bne	s8, a3, 0x1008020 <_vfprintf_r+0x1b38>
 100802a: bb21         	j	0x1007d42 <_vfprintf_r+0x185a>
 100802c: 5732         	lw	a4, 0x2c(sp)
 100802e: 06600893     	li	a7, 0x66
 1008032: 00ea8f33     	add	t5, s5, a4
 1008036: 00ff0b33     	add	s6, t5, a5
 100803a: bd8d         	j	0x1007eac <_vfprintf_r+0x19c4>
 100803c: 01010737     	lui	a4, 0x1010
 1008040: 8fc70793     	addi	a5, a4, -0x704
 1008044: ce3e         	sw	a5, 0x1c(sp)
 1008046: b655         	j	0x1007bea <_vfprintf_r+0x1702>
 1008048: 4505         	li	a0, 0x1
 100804a: 40d506b3     	sub	a3, a0, a3
 100804e: d736         	sw	a3, 0xac(sp)
 1008050: 9736         	add	a4, a4, a3
 1008052: bca1         	j	0x1007aaa <_vfprintf_r+0x15c2>
 1008054: e711         	bnez	a4, 0x1008060 <_vfprintf_r+0x1b78>
 1008056: 4d85         	li	s11, 0x1
 1008058: 06600893     	li	a7, 0x66
 100805c: 4b05         	li	s6, 0x1
 100805e: b38d         	j	0x1007dc0 <_vfprintf_r+0x18d8>
 1008060: 57b2         	lw	a5, 0x2c(sp)
 1008062: 06600893     	li	a7, 0x66
 1008066: 00178f13     	addi	t5, a5, 0x1
 100806a: 015f0b33     	add	s6, t5, s5
 100806e: fffb4693     	not	a3, s6
 1008072: 86fd         	srai	a3, a3, 0x1f
 1008074: 00db7db3     	and	s11, s6, a3
 1008078: b3a1         	j	0x1007dc0 <_vfprintf_r+0x18d8>
 100807a: 4789         	li	a5, 0x2
 100807c: c0be         	sw	a5, 0x40(sp)
 100807e: c98ff06f     	j	0x1007516 <_vfprintf_r+0x102e>
 1008082: 47d2         	lw	a5, 0x14(sp)
 1008084: 0007aa83     	lw	s5, 0x0(a5)
 1008088: 0791         	addi	a5, a5, 0x4
 100808a: 000ad363     	bgez	s5, 0x1008090 <_vfprintf_r+0x1ba8>
 100808e: 5afd         	li	s5, -0x1
 1008090: 00194883     	lbu	a7, 0x1(s2)
 1008094: ca3e         	sw	a5, 0x14(sp)
 1008096: 8936         	mv	s2, a3
 1008098: d84fe06f     	j	0x100661c <_vfprintf_r+0x134>
 100809c: d402         	sw	zero, 0x28(sp)
 100809e: d202         	sw	zero, 0x24(sp)
 10080a0: bf3d         	j	0x1007fde <_vfprintf_r+0x1af6>
 10080a2: 04500613     	li	a2, 0x45
 10080a6: 010c         	addi	a1, sp, 0x80
 10080a8: b409         	j	0x1007aaa <_vfprintf_r+0x15c2>
 10080aa: 00c4d783     	lhu	a5, 0xc(s1)
 10080ae: 0407e793     	ori	a5, a5, 0x40
 10080b2: 00f49623     	sh	a5, 0xc(s1)
 10080b6: e92fe06f     	j	0x1006748 <_vfprintf_r+0x260>

010080ba <__sbprintf>:
 10080ba: b8010113     	addi	sp, sp, -0x480
 10080be: 00c59783     	lh	a5, 0xc(a1)
 10080c2: 00e5d703     	lhu	a4, 0xe(a1)
 10080c6: 46812c23     	sw	s0, 0x478(sp)
 10080ca: 842e         	mv	s0, a1
 10080cc: 65c1         	lui	a1, 0x10
 10080ce: 15f5         	addi	a1, a1, -0x3
 10080d0: 06442e03     	lw	t3, 0x64(s0)
 10080d4: 01c42303     	lw	t1, 0x1c(s0)
 10080d8: 02442883     	lw	a7, 0x24(s0)
 10080dc: 0742         	slli	a4, a4, 0x10
 10080de: 8fed         	and	a5, a5, a1
 10080e0: 8fd9         	or	a5, a5, a4
 10080e2: 40000813     	li	a6, 0x400
 10080e6: ca3e         	sw	a5, 0x14(sp)
 10080e8: 002c         	addi	a1, sp, 0x8
 10080ea: 189c         	addi	a5, sp, 0x70
 10080ec: 46912a23     	sw	s1, 0x474(sp)
 10080f0: 47212823     	sw	s2, 0x470(sp)
 10080f4: 46112e23     	sw	ra, 0x47c(sp)
 10080f8: 892a         	mv	s2, a0
 10080fa: d6f2         	sw	t3, 0x6c(sp)
 10080fc: d21a         	sw	t1, 0x24(sp)
 10080fe: d646         	sw	a7, 0x2c(sp)
 1008100: c43e         	sw	a5, 0x8(sp)
 1008102: cc3e         	sw	a5, 0x18(sp)
 1008104: c842         	sw	a6, 0x10(sp)
 1008106: ce42         	sw	a6, 0x1c(sp)
 1008108: d002         	sw	zero, 0x20(sp)
 100810a: bdefe0ef     	jal	0x10064e8 <_vfprintf_r>
 100810e: 84aa         	mv	s1, a0
 1008110: 02055963     	bgez	a0, 0x1008142 <__sbprintf+0x88>
 1008114: 01415783     	lhu	a5, 0x14(sp)
 1008118: 0407f793     	andi	a5, a5, 0x40
 100811c: c799         	beqz	a5, 0x100812a <__sbprintf+0x70>
 100811e: 00c45783     	lhu	a5, 0xc(s0)
 1008122: 0407e793     	ori	a5, a5, 0x40
 1008126: 00f41623     	sh	a5, 0xc(s0)
 100812a: 47c12083     	lw	ra, 0x47c(sp)
 100812e: 47812403     	lw	s0, 0x478(sp)
 1008132: 47012903     	lw	s2, 0x470(sp)
 1008136: 8526         	mv	a0, s1
 1008138: 47412483     	lw	s1, 0x474(sp)
 100813c: 48010113     	addi	sp, sp, 0x480
 1008140: 8082         	ret
 1008142: 002c         	addi	a1, sp, 0x8
 1008144: 854a         	mv	a0, s2
 1008146: a07fd0ef     	jal	0x1005b4c <_fflush_r>
 100814a: d569         	beqz	a0, 0x1008114 <__sbprintf+0x5a>
 100814c: 54fd         	li	s1, -0x1
 100814e: b7d9         	j	0x1008114 <__sbprintf+0x5a>

01008150 <__sprint_r>:
 1008150: 461c         	lw	a5, 0x8(a2)
 1008152: 1141         	addi	sp, sp, -0x10
 1008154: c422         	sw	s0, 0x8(sp)
 1008156: c606         	sw	ra, 0xc(sp)
 1008158: 8432         	mv	s0, a2
 100815a: eb81         	bnez	a5, 0x100816a <__sprint_r+0x1a>
 100815c: 40b2         	lw	ra, 0xc(sp)
 100815e: 00042223     	sw	zero, 0x4(s0)
 1008162: 4422         	lw	s0, 0x8(sp)
 1008164: 4501         	li	a0, 0x0
 1008166: 0141         	addi	sp, sp, 0x10
 1008168: 8082         	ret
 100816a: 2809         	jal	0x100817c <__sfvwrite_r>
 100816c: 40b2         	lw	ra, 0xc(sp)
 100816e: 00042423     	sw	zero, 0x8(s0)
 1008172: 00042223     	sw	zero, 0x4(s0)
 1008176: 4422         	lw	s0, 0x8(sp)
 1008178: 0141         	addi	sp, sp, 0x10
 100817a: 8082         	ret

0100817c <__sfvwrite_r>:
 100817c: 461c         	lw	a5, 0x8(a2)
 100817e: 1e078063     	beqz	a5, 0x100835e <__sfvwrite_r+0x1e2>
 1008182: 00c59683     	lh	a3, 0xc(a1)
 1008186: 7179         	addi	sp, sp, -0x30
 1008188: d422         	sw	s0, 0x28(sp)
 100818a: cc52         	sw	s4, 0x18(sp)
 100818c: c85a         	sw	s6, 0x10(sp)
 100818e: d606         	sw	ra, 0x2c(sp)
 1008190: 0086f793     	andi	a5, a3, 0x8
 1008194: 8b32         	mv	s6, a2
 1008196: 8a2a         	mv	s4, a0
 1008198: 842e         	mv	s0, a1
 100819a: c7ad         	beqz	a5, 0x1008204 <__sfvwrite_r+0x88>
 100819c: 499c         	lw	a5, 0x10(a1)
 100819e: c3bd         	beqz	a5, 0x1008204 <__sfvwrite_r+0x88>
 10081a0: d226         	sw	s1, 0x24(sp)
 10081a2: d04a         	sw	s2, 0x20(sp)
 10081a4: ce4e         	sw	s3, 0x1c(sp)
 10081a6: ca56         	sw	s5, 0x14(sp)
 10081a8: 0026f793     	andi	a5, a3, 0x2
 10081ac: 000b2483     	lw	s1, 0x0(s6)
 10081b0: cbbd         	beqz	a5, 0x1008226 <__sfvwrite_r+0xaa>
 10081b2: 505c         	lw	a5, 0x24(s0)
 10081b4: 4c4c         	lw	a1, 0x1c(s0)
 10081b6: 80000ab7     	lui	s5, 0x80000
 10081ba: 4981         	li	s3, 0x0
 10081bc: 4901         	li	s2, 0x0
 10081be: c00a8a93     	addi	s5, s5, -0x400
 10081c2: 864e         	mv	a2, s3
 10081c4: 8552         	mv	a0, s4
 10081c6: 02090963     	beqz	s2, 0x10081f8 <__sfvwrite_r+0x7c>
 10081ca: 86ca         	mv	a3, s2
 10081cc: 012af363     	bgeu	s5, s2, 0x10081d2 <__sfvwrite_r+0x56>
 10081d0: 86d6         	mv	a3, s5
 10081d2: 9782         	jalr	a5
 10081d4: 2ea05563     	blez	a0, 0x10084be <__sfvwrite_r+0x342>
 10081d8: 008b2783     	lw	a5, 0x8(s6)
 10081dc: 99aa         	add	s3, s3, a0
 10081de: 40a90933     	sub	s2, s2, a0
 10081e2: 8f89         	sub	a5, a5, a0
 10081e4: 00fb2423     	sw	a5, 0x8(s6)
 10081e8: 12078863     	beqz	a5, 0x1008318 <__sfvwrite_r+0x19c>
 10081ec: 505c         	lw	a5, 0x24(s0)
 10081ee: 4c4c         	lw	a1, 0x1c(s0)
 10081f0: 864e         	mv	a2, s3
 10081f2: 8552         	mv	a0, s4
 10081f4: fc091be3     	bnez	s2, 0x10081ca <__sfvwrite_r+0x4e>
 10081f8: 0004a983     	lw	s3, 0x0(s1)
 10081fc: 0044a903     	lw	s2, 0x4(s1)
 1008200: 04a1         	addi	s1, s1, 0x8
 1008202: b7c1         	j	0x10081c2 <__sfvwrite_r+0x46>
 1008204: 85a2         	mv	a1, s0
 1008206: 8552         	mv	a0, s4
 1008208: 58a030ef     	jal	0x100b792 <__swsetup_r>
 100820c: 14051263     	bnez	a0, 0x1008350 <__sfvwrite_r+0x1d4>
 1008210: 00c41683     	lh	a3, 0xc(s0)
 1008214: d226         	sw	s1, 0x24(sp)
 1008216: d04a         	sw	s2, 0x20(sp)
 1008218: ce4e         	sw	s3, 0x1c(sp)
 100821a: ca56         	sw	s5, 0x14(sp)
 100821c: 0026f793     	andi	a5, a3, 0x2
 1008220: 000b2483     	lw	s1, 0x0(s6)
 1008224: f7d9         	bnez	a5, 0x10081b2 <__sfvwrite_r+0x36>
 1008226: c65e         	sw	s7, 0xc(sp)
 1008228: c462         	sw	s8, 0x8(sp)
 100822a: 0016f793     	andi	a5, a3, 0x1
 100822e: 12079a63     	bnez	a5, 0x1008362 <__sfvwrite_r+0x1e6>
 1008232: 401c         	lw	a5, 0x0(s0)
 1008234: 4418         	lw	a4, 0x8(s0)
 1008236: 80000ab7     	lui	s5, 0x80000
 100823a: c266         	sw	s9, 0x4(sp)
 100823c: 4b81         	li	s7, 0x0
 100823e: 4981         	li	s3, 0x0
 1008240: 1afd         	addi	s5, s5, -0x1
 1008242: 853e         	mv	a0, a5
 1008244: 8c3a         	mv	s8, a4
 1008246: 0c098063     	beqz	s3, 0x1008306 <__sfvwrite_r+0x18a>
 100824a: 2006f613     	andi	a2, a3, 0x200
 100824e: 1a060b63     	beqz	a2, 0x1008404 <__sfvwrite_r+0x288>
 1008252: 8cba         	mv	s9, a4
 1008254: 20e9ed63     	bltu	s3, a4, 0x100846e <__sfvwrite_r+0x2f2>
 1008258: 4806f713     	andi	a4, a3, 0x480
 100825c: cb25         	beqz	a4, 0x10082cc <__sfvwrite_r+0x150>
 100825e: 4850         	lw	a2, 0x14(s0)
 1008260: 480c         	lw	a1, 0x10(s0)
 1008262: 00161713     	slli	a4, a2, 0x1
 1008266: 9732         	add	a4, a4, a2
 1008268: 40b78933     	sub	s2, a5, a1
 100826c: 01f75c13     	srli	s8, a4, 0x1f
 1008270: 9c3a         	add	s8, s8, a4
 1008272: 00190793     	addi	a5, s2, 0x1
 1008276: 401c5c13     	srai	s8, s8, 0x1
 100827a: 97ce         	add	a5, a5, s3
 100827c: 8662         	mv	a2, s8
 100827e: 00fc7463     	bgeu	s8, a5, 0x1008286 <__sfvwrite_r+0x10a>
 1008282: 8c3e         	mv	s8, a5
 1008284: 863e         	mv	a2, a5
 1008286: 4006f693     	andi	a3, a3, 0x400
 100828a: 20068263     	beqz	a3, 0x100848e <__sfvwrite_r+0x312>
 100828e: 85b2         	mv	a1, a2
 1008290: 8552         	mv	a0, s4
 1008292: bf3fd0ef     	jal	0x1005e84 <_malloc_r>
 1008296: 8caa         	mv	s9, a0
 1008298: 22050663     	beqz	a0, 0x10084c4 <__sfvwrite_r+0x348>
 100829c: 480c         	lw	a1, 0x10(s0)
 100829e: 864a         	mv	a2, s2
 10082a0: 4ab030ef     	jal	0x100bf4a <memcpy>
 10082a4: 00c45783     	lhu	a5, 0xc(s0)
 10082a8: b7f7f793     	andi	a5, a5, -0x481
 10082ac: 0807e793     	ori	a5, a5, 0x80
 10082b0: 00f41623     	sh	a5, 0xc(s0)
 10082b4: 012c8533     	add	a0, s9, s2
 10082b8: 412c07b3     	sub	a5, s8, s2
 10082bc: 01942823     	sw	s9, 0x10(s0)
 10082c0: 01842a23     	sw	s8, 0x14(s0)
 10082c4: c008         	sw	a0, 0x0(s0)
 10082c6: 8c4e         	mv	s8, s3
 10082c8: c41c         	sw	a5, 0x8(s0)
 10082ca: 8cce         	mv	s9, s3
 10082cc: 8666         	mv	a2, s9
 10082ce: 85de         	mv	a1, s7
 10082d0: 307030ef     	jal	0x100bdd6 <memmove>
 10082d4: 4418         	lw	a4, 0x8(s0)
 10082d6: 401c         	lw	a5, 0x0(s0)
 10082d8: 894e         	mv	s2, s3
 10082da: 41870733     	sub	a4, a4, s8
 10082de: 97e6         	add	a5, a5, s9
 10082e0: c418         	sw	a4, 0x8(s0)
 10082e2: c01c         	sw	a5, 0x0(s0)
 10082e4: 4981         	li	s3, 0x0
 10082e6: 008b2783     	lw	a5, 0x8(s6)
 10082ea: 9bca         	add	s7, s7, s2
 10082ec: 412787b3     	sub	a5, a5, s2
 10082f0: 00fb2423     	sw	a5, 0x8(s6)
 10082f4: cf99         	beqz	a5, 0x1008312 <__sfvwrite_r+0x196>
 10082f6: 401c         	lw	a5, 0x0(s0)
 10082f8: 4418         	lw	a4, 0x8(s0)
 10082fa: 00c41683     	lh	a3, 0xc(s0)
 10082fe: 853e         	mv	a0, a5
 1008300: 8c3a         	mv	s8, a4
 1008302: f40994e3     	bnez	s3, 0x100824a <__sfvwrite_r+0xce>
 1008306: 0004ab83     	lw	s7, 0x0(s1)
 100830a: 0044a983     	lw	s3, 0x4(s1)
 100830e: 04a1         	addi	s1, s1, 0x8
 1008310: bf0d         	j	0x1008242 <__sfvwrite_r+0xc6>
 1008312: 4bb2         	lw	s7, 0xc(sp)
 1008314: 4c22         	lw	s8, 0x8(sp)
 1008316: 4c92         	lw	s9, 0x4(sp)
 1008318: 50b2         	lw	ra, 0x2c(sp)
 100831a: 5422         	lw	s0, 0x28(sp)
 100831c: 5492         	lw	s1, 0x24(sp)
 100831e: 5902         	lw	s2, 0x20(sp)
 1008320: 49f2         	lw	s3, 0x1c(sp)
 1008322: 4ad2         	lw	s5, 0x14(sp)
 1008324: 4a62         	lw	s4, 0x18(sp)
 1008326: 4b42         	lw	s6, 0x10(sp)
 1008328: 4501         	li	a0, 0x0
 100832a: 6145         	addi	sp, sp, 0x30
 100832c: 8082         	ret
 100832e: 85a2         	mv	a1, s0
 1008330: 8552         	mv	a0, s4
 1008332: 81bfd0ef     	jal	0x1005b4c <_fflush_r>
 1008336: c93d         	beqz	a0, 0x10083ac <__sfvwrite_r+0x230>
 1008338: 00c41783     	lh	a5, 0xc(s0)
 100833c: 4bb2         	lw	s7, 0xc(sp)
 100833e: 4c22         	lw	s8, 0x8(sp)
 1008340: 5492         	lw	s1, 0x24(sp)
 1008342: 5902         	lw	s2, 0x20(sp)
 1008344: 49f2         	lw	s3, 0x1c(sp)
 1008346: 4ad2         	lw	s5, 0x14(sp)
 1008348: 0407e793     	ori	a5, a5, 0x40
 100834c: 00f41623     	sh	a5, 0xc(s0)
 1008350: 50b2         	lw	ra, 0x2c(sp)
 1008352: 5422         	lw	s0, 0x28(sp)
 1008354: 4a62         	lw	s4, 0x18(sp)
 1008356: 4b42         	lw	s6, 0x10(sp)
 1008358: 557d         	li	a0, -0x1
 100835a: 6145         	addi	sp, sp, 0x30
 100835c: 8082         	ret
 100835e: 4501         	li	a0, 0x0
 1008360: 8082         	ret
 1008362: 4a81         	li	s5, 0x0
 1008364: 4501         	li	a0, 0x0
 1008366: 4c01         	li	s8, 0x0
 1008368: 4981         	li	s3, 0x0
 100836a: 04098e63     	beqz	s3, 0x10083c6 <__sfvwrite_r+0x24a>
 100836e: c525         	beqz	a0, 0x10083d6 <__sfvwrite_r+0x25a>
 1008370: 87d6         	mv	a5, s5
 1008372: 8bce         	mv	s7, s3
 1008374: 0137f363     	bgeu	a5, s3, 0x100837a <__sfvwrite_r+0x1fe>
 1008378: 8bbe         	mv	s7, a5
 100837a: 4008         	lw	a0, 0x0(s0)
 100837c: 481c         	lw	a5, 0x10(s0)
 100837e: 00842903     	lw	s2, 0x8(s0)
 1008382: 4854         	lw	a3, 0x14(s0)
 1008384: 00a7f563     	bgeu	a5, a0, 0x100838e <__sfvwrite_r+0x212>
 1008388: 9936         	add	s2, s2, a3
 100838a: 07794063     	blt	s2, s7, 0x10083ea <__sfvwrite_r+0x26e>
 100838e: 0edbc363     	blt	s7, a3, 0x1008474 <__sfvwrite_r+0x2f8>
 1008392: 505c         	lw	a5, 0x24(s0)
 1008394: 4c4c         	lw	a1, 0x1c(s0)
 1008396: 8662         	mv	a2, s8
 1008398: 8552         	mv	a0, s4
 100839a: 9782         	jalr	a5
 100839c: 892a         	mv	s2, a0
 100839e: f8a05de3     	blez	a0, 0x1008338 <__sfvwrite_r+0x1bc>
 10083a2: 412a8ab3     	sub	s5, s5, s2
 10083a6: 4505         	li	a0, 0x1
 10083a8: f80a83e3     	beqz	s5, 0x100832e <__sfvwrite_r+0x1b2>
 10083ac: 008b2783     	lw	a5, 0x8(s6)
 10083b0: 9c4a         	add	s8, s8, s2
 10083b2: 412989b3     	sub	s3, s3, s2
 10083b6: 412787b3     	sub	a5, a5, s2
 10083ba: 00fb2423     	sw	a5, 0x8(s6)
 10083be: f7d5         	bnez	a5, 0x100836a <__sfvwrite_r+0x1ee>
 10083c0: 4bb2         	lw	s7, 0xc(sp)
 10083c2: 4c22         	lw	s8, 0x8(sp)
 10083c4: bf91         	j	0x1008318 <__sfvwrite_r+0x19c>
 10083c6: 0044a983     	lw	s3, 0x4(s1)
 10083ca: 87a6         	mv	a5, s1
 10083cc: 04a1         	addi	s1, s1, 0x8
 10083ce: fe098ce3     	beqz	s3, 0x10083c6 <__sfvwrite_r+0x24a>
 10083d2: 0007ac03     	lw	s8, 0x0(a5)
 10083d6: 864e         	mv	a2, s3
 10083d8: 45a9         	li	a1, 0xa
 10083da: 8562         	mv	a0, s8
 10083dc: 59e030ef     	jal	0x100b97a <memchr>
 10083e0: c979         	beqz	a0, 0x10084b6 <__sfvwrite_r+0x33a>
 10083e2: 0505         	addi	a0, a0, 0x1
 10083e4: 41850ab3     	sub	s5, a0, s8
 10083e8: b761         	j	0x1008370 <__sfvwrite_r+0x1f4>
 10083ea: 85e2         	mv	a1, s8
 10083ec: 864a         	mv	a2, s2
 10083ee: 1e9030ef     	jal	0x100bdd6 <memmove>
 10083f2: 401c         	lw	a5, 0x0(s0)
 10083f4: 85a2         	mv	a1, s0
 10083f6: 8552         	mv	a0, s4
 10083f8: 97ca         	add	a5, a5, s2
 10083fa: c01c         	sw	a5, 0x0(s0)
 10083fc: f50fd0ef     	jal	0x1005b4c <_fflush_r>
 1008400: d14d         	beqz	a0, 0x10083a2 <__sfvwrite_r+0x226>
 1008402: bf1d         	j	0x1008338 <__sfvwrite_r+0x1bc>
 1008404: 4814         	lw	a3, 0x10(s0)
 1008406: 02f6e863     	bltu	a3, a5, 0x1008436 <__sfvwrite_r+0x2ba>
 100840a: 4850         	lw	a2, 0x14(s0)
 100840c: 02c9e563     	bltu	s3, a2, 0x1008436 <__sfvwrite_r+0x2ba>
 1008410: 87ce         	mv	a5, s3
 1008412: 013af363     	bgeu	s5, s3, 0x1008418 <__sfvwrite_r+0x29c>
 1008416: 87d6         	mv	a5, s5
 1008418: 02c7e6b3     	rem	a3, a5, a2
 100841c: 5058         	lw	a4, 0x24(s0)
 100841e: 4c4c         	lw	a1, 0x1c(s0)
 1008420: 865e         	mv	a2, s7
 1008422: 8552         	mv	a0, s4
 1008424: 40d786b3     	sub	a3, a5, a3
 1008428: 9702         	jalr	a4
 100842a: 892a         	mv	s2, a0
 100842c: 02a05b63     	blez	a0, 0x1008462 <__sfvwrite_r+0x2e6>
 1008430: 412989b3     	sub	s3, s3, s2
 1008434: bd4d         	j	0x10082e6 <__sfvwrite_r+0x16a>
 1008436: 893a         	mv	s2, a4
 1008438: 00e9f363     	bgeu	s3, a4, 0x100843e <__sfvwrite_r+0x2c2>
 100843c: 894e         	mv	s2, s3
 100843e: 853e         	mv	a0, a5
 1008440: 864a         	mv	a2, s2
 1008442: 85de         	mv	a1, s7
 1008444: 193030ef     	jal	0x100bdd6 <memmove>
 1008448: 4418         	lw	a4, 0x8(s0)
 100844a: 401c         	lw	a5, 0x0(s0)
 100844c: 41270733     	sub	a4, a4, s2
 1008450: 97ca         	add	a5, a5, s2
 1008452: c418         	sw	a4, 0x8(s0)
 1008454: c01c         	sw	a5, 0x0(s0)
 1008456: ff69         	bnez	a4, 0x1008430 <__sfvwrite_r+0x2b4>
 1008458: 85a2         	mv	a1, s0
 100845a: 8552         	mv	a0, s4
 100845c: ef0fd0ef     	jal	0x1005b4c <_fflush_r>
 1008460: d961         	beqz	a0, 0x1008430 <__sfvwrite_r+0x2b4>
 1008462: 00c41783     	lh	a5, 0xc(s0)
 1008466: 4bb2         	lw	s7, 0xc(sp)
 1008468: 4c22         	lw	s8, 0x8(sp)
 100846a: 4c92         	lw	s9, 0x4(sp)
 100846c: bdd1         	j	0x1008340 <__sfvwrite_r+0x1c4>
 100846e: 8c4e         	mv	s8, s3
 1008470: 8cce         	mv	s9, s3
 1008472: bda9         	j	0x10082cc <__sfvwrite_r+0x150>
 1008474: 865e         	mv	a2, s7
 1008476: 85e2         	mv	a1, s8
 1008478: 15f030ef     	jal	0x100bdd6 <memmove>
 100847c: 4418         	lw	a4, 0x8(s0)
 100847e: 401c         	lw	a5, 0x0(s0)
 1008480: 895e         	mv	s2, s7
 1008482: 41770733     	sub	a4, a4, s7
 1008486: 97de         	add	a5, a5, s7
 1008488: c418         	sw	a4, 0x8(s0)
 100848a: c01c         	sw	a5, 0x0(s0)
 100848c: bf19         	j	0x10083a2 <__sfvwrite_r+0x226>
 100848e: 8552         	mv	a0, s4
 1008490: 2099         	jal	0x10084d6 <_realloc_r>
 1008492: 8caa         	mv	s9, a0
 1008494: e20510e3     	bnez	a0, 0x10082b4 <__sfvwrite_r+0x138>
 1008498: 480c         	lw	a1, 0x10(s0)
 100849a: 8552         	mv	a0, s4
 100849c: fbafd0ef     	jal	0x1005c56 <_free_r>
 10084a0: 00c41783     	lh	a5, 0xc(s0)
 10084a4: 4731         	li	a4, 0xc
 10084a6: 4bb2         	lw	s7, 0xc(sp)
 10084a8: 4c22         	lw	s8, 0x8(sp)
 10084aa: 4c92         	lw	s9, 0x4(sp)
 10084ac: 00ea2023     	sw	a4, 0x0(s4)
 10084b0: f7f7f793     	andi	a5, a5, -0x81
 10084b4: b571         	j	0x1008340 <__sfvwrite_r+0x1c4>
 10084b6: 00198793     	addi	a5, s3, 0x1
 10084ba: 8abe         	mv	s5, a5
 10084bc: bd5d         	j	0x1008372 <__sfvwrite_r+0x1f6>
 10084be: 00c41783     	lh	a5, 0xc(s0)
 10084c2: bdbd         	j	0x1008340 <__sfvwrite_r+0x1c4>
 10084c4: 4731         	li	a4, 0xc
 10084c6: 00c41783     	lh	a5, 0xc(s0)
 10084ca: 4bb2         	lw	s7, 0xc(sp)
 10084cc: 4c22         	lw	s8, 0x8(sp)
 10084ce: 4c92         	lw	s9, 0x4(sp)
 10084d0: 00ea2023     	sw	a4, 0x0(s4)
 10084d4: b5b5         	j	0x1008340 <__sfvwrite_r+0x1c4>

010084d6 <_realloc_r>:
 10084d6: 7179         	addi	sp, sp, -0x30
 10084d8: d226         	sw	s1, 0x24(sp)
 10084da: d606         	sw	ra, 0x2c(sp)
 10084dc: 84b2         	mv	s1, a2
 10084de: 14058e63     	beqz	a1, 0x100863a <_realloc_r+0x164>
 10084e2: d422         	sw	s0, 0x28(sp)
 10084e4: d04a         	sw	s2, 0x20(sp)
 10084e6: 842e         	mv	s0, a1
 10084e8: ce4e         	sw	s3, 0x1c(sp)
 10084ea: ca56         	sw	s5, 0x14(sp)
 10084ec: cc52         	sw	s4, 0x18(sp)
 10084ee: 892a         	mv	s2, a0
 10084f0: f55fd0ef     	jal	0x1006444 <__malloc_lock>
 10084f4: ffc42703     	lw	a4, -0x4(s0)
 10084f8: 00b48793     	addi	a5, s1, 0xb
 10084fc: 46d9         	li	a3, 0x16
 10084fe: ff840a93     	addi	s5, s0, -0x8
 1008502: ffc77993     	andi	s3, a4, -0x4
 1008506: 0cf6f063     	bgeu	a3, a5, 0x10085c6 <_realloc_r+0xf0>
 100850a: ff87fa13     	andi	s4, a5, -0x8
 100850e: 0a07cf63     	bltz	a5, 0x10085cc <_realloc_r+0xf6>
 1008512: 0a9a6d63     	bltu	s4, s1, 0x10085cc <_realloc_r+0xf6>
 1008516: 0d49d663     	bge	s3, s4, 0x10085e2 <_realloc_r+0x10c>
 100851a: 018007b7     	lui	a5, 0x1800
 100851e: c462         	sw	s8, 0x8(sp)
 1008520: 01478c13     	addi	s8, a5, 0x14
 1008524: 008c2603     	lw	a2, 0x8(s8)
 1008528: 013a86b3     	add	a3, s5, s3
 100852c: 42dc         	lw	a5, 0x4(a3)
 100852e: 12d60e63     	beq	a2, a3, 0x100866a <_realloc_r+0x194>
 1008532: ffe7f613     	andi	a2, a5, -0x2
 1008536: 9636         	add	a2, a2, a3
 1008538: 4250         	lw	a2, 0x4(a2)
 100853a: 8a05         	andi	a2, a2, 0x1
 100853c: e27d         	bnez	a2, 0x1008622 <_realloc_r+0x14c>
 100853e: 9bf1         	andi	a5, a5, -0x4
 1008540: 00f98633     	add	a2, s3, a5
 1008544: 09465963     	bge	a2, s4, 0x10085d6 <_realloc_r+0x100>
 1008548: 8b05         	andi	a4, a4, 0x1
 100854a: e70d         	bnez	a4, 0x1008574 <_realloc_r+0x9e>
 100854c: c65e         	sw	s7, 0xc(sp)
 100854e: ff842b83     	lw	s7, -0x8(s0)
 1008552: c85a         	sw	s6, 0x10(sp)
 1008554: 417a8bb3     	sub	s7, s5, s7
 1008558: 004ba703     	lw	a4, 0x4(s7)
 100855c: 9b71         	andi	a4, a4, -0x4
 100855e: 97ba         	add	a5, a5, a4
 1008560: 01378b33     	add	s6, a5, s3
 1008564: 234b5f63     	bge	s6, s4, 0x10087a2 <_realloc_r+0x2cc>
 1008568: 00e98b33     	add	s6, s3, a4
 100856c: 1d4b5463     	bge	s6, s4, 0x1008734 <_realloc_r+0x25e>
 1008570: 4b42         	lw	s6, 0x10(sp)
 1008572: 4bb2         	lw	s7, 0xc(sp)
 1008574: 85a6         	mv	a1, s1
 1008576: 854a         	mv	a0, s2
 1008578: 90dfd0ef     	jal	0x1005e84 <_malloc_r>
 100857c: 84aa         	mv	s1, a0
 100857e: 2e050063     	beqz	a0, 0x100885e <_realloc_r+0x388>
 1008582: ffc42783     	lw	a5, -0x4(s0)
 1008586: ff850713     	addi	a4, a0, -0x8
 100858a: 9bf9         	andi	a5, a5, -0x2
 100858c: 97d6         	add	a5, a5, s5
 100858e: 18e78d63     	beq	a5, a4, 0x1008728 <_realloc_r+0x252>
 1008592: ffc98613     	addi	a2, s3, -0x4
 1008596: 02400793     	li	a5, 0x24
 100859a: 20c7e063     	bltu	a5, a2, 0x100879a <_realloc_r+0x2c4>
 100859e: 474d         	li	a4, 0x13
 10085a0: 16c76863     	bltu	a4, a2, 0x1008710 <_realloc_r+0x23a>
 10085a4: 87aa         	mv	a5, a0
 10085a6: 8722         	mv	a4, s0
 10085a8: 4314         	lw	a3, 0x0(a4)
 10085aa: c394         	sw	a3, 0x0(a5)
 10085ac: 4354         	lw	a3, 0x4(a4)
 10085ae: c3d4         	sw	a3, 0x4(a5)
 10085b0: 4718         	lw	a4, 0x8(a4)
 10085b2: c798         	sw	a4, 0x8(a5)
 10085b4: 85a2         	mv	a1, s0
 10085b6: 854a         	mv	a0, s2
 10085b8: e9efd0ef     	jal	0x1005c56 <_free_r>
 10085bc: 854a         	mv	a0, s2
 10085be: e89fd0ef     	jal	0x1006446 <__malloc_unlock>
 10085c2: 4c22         	lw	s8, 0x8(sp)
 10085c4: a0a9         	j	0x100860e <_realloc_r+0x138>
 10085c6: 4a41         	li	s4, 0x10
 10085c8: f49a77e3     	bgeu	s4, s1, 0x1008516 <_realloc_r+0x40>
 10085cc: 47b1         	li	a5, 0xc
 10085ce: 00f92023     	sw	a5, 0x0(s2)
 10085d2: 4481         	li	s1, 0x0
 10085d4: a82d         	j	0x100860e <_realloc_r+0x138>
 10085d6: 46dc         	lw	a5, 0xc(a3)
 10085d8: 4698         	lw	a4, 0x8(a3)
 10085da: 4c22         	lw	s8, 0x8(sp)
 10085dc: 89b2         	mv	s3, a2
 10085de: c75c         	sw	a5, 0xc(a4)
 10085e0: c798         	sw	a4, 0x8(a5)
 10085e2: 004aa783     	lw	a5, 0x4(s5)
 10085e6: 414986b3     	sub	a3, s3, s4
 10085ea: 463d         	li	a2, 0xf
 10085ec: 8b85         	andi	a5, a5, 0x1
 10085ee: 013a8733     	add	a4, s5, s3
 10085f2: 04d66a63     	bltu	a2, a3, 0x1008646 <_realloc_r+0x170>
 10085f6: 0137e7b3     	or	a5, a5, s3
 10085fa: 00faa223     	sw	a5, 0x4(s5)
 10085fe: 435c         	lw	a5, 0x4(a4)
 1008600: 0017e793     	ori	a5, a5, 0x1
 1008604: c35c         	sw	a5, 0x4(a4)
 1008606: 854a         	mv	a0, s2
 1008608: e3ffd0ef     	jal	0x1006446 <__malloc_unlock>
 100860c: 84a2         	mv	s1, s0
 100860e: 5422         	lw	s0, 0x28(sp)
 1008610: 50b2         	lw	ra, 0x2c(sp)
 1008612: 5902         	lw	s2, 0x20(sp)
 1008614: 49f2         	lw	s3, 0x1c(sp)
 1008616: 4a62         	lw	s4, 0x18(sp)
 1008618: 4ad2         	lw	s5, 0x14(sp)
 100861a: 8526         	mv	a0, s1
 100861c: 5492         	lw	s1, 0x24(sp)
 100861e: 6145         	addi	sp, sp, 0x30
 1008620: 8082         	ret
 1008622: 8b05         	andi	a4, a4, 0x1
 1008624: fb21         	bnez	a4, 0x1008574 <_realloc_r+0x9e>
 1008626: c65e         	sw	s7, 0xc(sp)
 1008628: ff842b83     	lw	s7, -0x8(s0)
 100862c: c85a         	sw	s6, 0x10(sp)
 100862e: 417a8bb3     	sub	s7, s5, s7
 1008632: 004ba703     	lw	a4, 0x4(s7)
 1008636: 9b71         	andi	a4, a4, -0x4
 1008638: bf05         	j	0x1008568 <_realloc_r+0x92>
 100863a: 50b2         	lw	ra, 0x2c(sp)
 100863c: 5492         	lw	s1, 0x24(sp)
 100863e: 85b2         	mv	a1, a2
 1008640: 6145         	addi	sp, sp, 0x30
 1008642: 843fd06f     	j	0x1005e84 <_malloc_r>
 1008646: 0147e7b3     	or	a5, a5, s4
 100864a: 00faa223     	sw	a5, 0x4(s5)
 100864e: 014a85b3     	add	a1, s5, s4
 1008652: 0016e693     	ori	a3, a3, 0x1
 1008656: c1d4         	sw	a3, 0x4(a1)
 1008658: 435c         	lw	a5, 0x4(a4)
 100865a: 05a1         	addi	a1, a1, 0x8
 100865c: 854a         	mv	a0, s2
 100865e: 0017e793     	ori	a5, a5, 0x1
 1008662: c35c         	sw	a5, 0x4(a4)
 1008664: df2fd0ef     	jal	0x1005c56 <_free_r>
 1008668: bf79         	j	0x1008606 <_realloc_r+0x130>
 100866a: 9bf1         	andi	a5, a5, -0x4
 100866c: 013786b3     	add	a3, a5, s3
 1008670: 010a0613     	addi	a2, s4, 0x10
 1008674: 1ac6db63     	bge	a3, a2, 0x100882a <_realloc_r+0x354>
 1008678: 8b05         	andi	a4, a4, 0x1
 100867a: ee071de3     	bnez	a4, 0x1008574 <_realloc_r+0x9e>
 100867e: c65e         	sw	s7, 0xc(sp)
 1008680: ff842b83     	lw	s7, -0x8(s0)
 1008684: c85a         	sw	s6, 0x10(sp)
 1008686: 417a8bb3     	sub	s7, s5, s7
 100868a: 004ba703     	lw	a4, 0x4(s7)
 100868e: 9b71         	andi	a4, a4, -0x4
 1008690: 97ba         	add	a5, a5, a4
 1008692: 01378b33     	add	s6, a5, s3
 1008696: eccb49e3     	blt	s6, a2, 0x1008568 <_realloc_r+0x92>
 100869a: 00cba783     	lw	a5, 0xc(s7)
 100869e: 008ba703     	lw	a4, 0x8(s7)
 10086a2: ffc98613     	addi	a2, s3, -0x4
 10086a6: 02400693     	li	a3, 0x24
 10086aa: c75c         	sw	a5, 0xc(a4)
 10086ac: c798         	sw	a4, 0x8(a5)
 10086ae: 008b8493     	addi	s1, s7, 0x8
 10086b2: 1cc6e563     	bltu	a3, a2, 0x100887c <_realloc_r+0x3a6>
 10086b6: 474d         	li	a4, 0x13
 10086b8: 87a6         	mv	a5, s1
 10086ba: 00c77e63     	bgeu	a4, a2, 0x10086d6 <_realloc_r+0x200>
 10086be: 4018         	lw	a4, 0x0(s0)
 10086c0: 47ed         	li	a5, 0x1b
 10086c2: 00eba423     	sw	a4, 0x8(s7)
 10086c6: 4058         	lw	a4, 0x4(s0)
 10086c8: 00eba623     	sw	a4, 0xc(s7)
 10086cc: 1ac7ed63     	bltu	a5, a2, 0x1008886 <_realloc_r+0x3b0>
 10086d0: 0421         	addi	s0, s0, 0x8
 10086d2: 010b8793     	addi	a5, s7, 0x10
 10086d6: 4018         	lw	a4, 0x0(s0)
 10086d8: c398         	sw	a4, 0x0(a5)
 10086da: 4058         	lw	a4, 0x4(s0)
 10086dc: c3d8         	sw	a4, 0x4(a5)
 10086de: 4418         	lw	a4, 0x8(s0)
 10086e0: c798         	sw	a4, 0x8(a5)
 10086e2: 014b8733     	add	a4, s7, s4
 10086e6: 414b0b33     	sub	s6, s6, s4
 10086ea: 00ec2423     	sw	a4, 0x8(s8)
 10086ee: 001b6793     	ori	a5, s6, 0x1
 10086f2: c35c         	sw	a5, 0x4(a4)
 10086f4: 004ba783     	lw	a5, 0x4(s7)
 10086f8: 854a         	mv	a0, s2
 10086fa: 8b85         	andi	a5, a5, 0x1
 10086fc: 0147e7b3     	or	a5, a5, s4
 1008700: 00fba223     	sw	a5, 0x4(s7)
 1008704: d43fd0ef     	jal	0x1006446 <__malloc_unlock>
 1008708: 4b42         	lw	s6, 0x10(sp)
 100870a: 4bb2         	lw	s7, 0xc(sp)
 100870c: 4c22         	lw	s8, 0x8(sp)
 100870e: b701         	j	0x100860e <_realloc_r+0x138>
 1008710: 4014         	lw	a3, 0x0(s0)
 1008712: 476d         	li	a4, 0x1b
 1008714: c114         	sw	a3, 0x0(a0)
 1008716: 4054         	lw	a3, 0x4(s0)
 1008718: c154         	sw	a3, 0x4(a0)
 100871a: 0ec76d63     	bltu	a4, a2, 0x1008814 <_realloc_r+0x33e>
 100871e: 00840713     	addi	a4, s0, 0x8
 1008722: 00850793     	addi	a5, a0, 0x8
 1008726: b549         	j	0x10085a8 <_realloc_r+0xd2>
 1008728: ffc52783     	lw	a5, -0x4(a0)
 100872c: 4c22         	lw	s8, 0x8(sp)
 100872e: 9bf1         	andi	a5, a5, -0x4
 1008730: 99be         	add	s3, s3, a5
 1008732: bd45         	j	0x10085e2 <_realloc_r+0x10c>
 1008734: 00cba783     	lw	a5, 0xc(s7)
 1008738: 008ba703     	lw	a4, 0x8(s7)
 100873c: ffc98613     	addi	a2, s3, -0x4
 1008740: 02400693     	li	a3, 0x24
 1008744: c75c         	sw	a5, 0xc(a4)
 1008746: c798         	sw	a4, 0x8(a5)
 1008748: 008b8493     	addi	s1, s7, 0x8
 100874c: 0ac6ef63     	bltu	a3, a2, 0x100880a <_realloc_r+0x334>
 1008750: 474d         	li	a4, 0x13
 1008752: 87a6         	mv	a5, s1
 1008754: 02c77663     	bgeu	a4, a2, 0x1008780 <_realloc_r+0x2aa>
 1008758: 4018         	lw	a4, 0x0(s0)
 100875a: 47ed         	li	a5, 0x1b
 100875c: 00eba423     	sw	a4, 0x8(s7)
 1008760: 4058         	lw	a4, 0x4(s0)
 1008762: 00eba623     	sw	a4, 0xc(s7)
 1008766: 0ec7f863     	bgeu	a5, a2, 0x1008856 <_realloc_r+0x380>
 100876a: 441c         	lw	a5, 0x8(s0)
 100876c: 00fba823     	sw	a5, 0x10(s7)
 1008770: 445c         	lw	a5, 0xc(s0)
 1008772: 00fbaa23     	sw	a5, 0x14(s7)
 1008776: 06d60f63     	beq	a2, a3, 0x10087f4 <_realloc_r+0x31e>
 100877a: 0441         	addi	s0, s0, 0x10
 100877c: 018b8793     	addi	a5, s7, 0x18
 1008780: 4018         	lw	a4, 0x0(s0)
 1008782: c398         	sw	a4, 0x0(a5)
 1008784: 4058         	lw	a4, 0x4(s0)
 1008786: c3d8         	sw	a4, 0x4(a5)
 1008788: 4418         	lw	a4, 0x8(s0)
 100878a: c798         	sw	a4, 0x8(a5)
 100878c: 89da         	mv	s3, s6
 100878e: 8ade         	mv	s5, s7
 1008790: 4b42         	lw	s6, 0x10(sp)
 1008792: 4bb2         	lw	s7, 0xc(sp)
 1008794: 4c22         	lw	s8, 0x8(sp)
 1008796: 8426         	mv	s0, s1
 1008798: b5a9         	j	0x10085e2 <_realloc_r+0x10c>
 100879a: 85a2         	mv	a1, s0
 100879c: 63a030ef     	jal	0x100bdd6 <memmove>
 10087a0: bd11         	j	0x10085b4 <_realloc_r+0xde>
 10087a2: 46dc         	lw	a5, 0xc(a3)
 10087a4: 4698         	lw	a4, 0x8(a3)
 10087a6: ffc98613     	addi	a2, s3, -0x4
 10087aa: 02400693     	li	a3, 0x24
 10087ae: c75c         	sw	a5, 0xc(a4)
 10087b0: c798         	sw	a4, 0x8(a5)
 10087b2: 008ba703     	lw	a4, 0x8(s7)
 10087b6: 00cba783     	lw	a5, 0xc(s7)
 10087ba: 008b8493     	addi	s1, s7, 0x8
 10087be: c75c         	sw	a5, 0xc(a4)
 10087c0: c798         	sw	a4, 0x8(a5)
 10087c2: 04c6e463     	bltu	a3, a2, 0x100880a <_realloc_r+0x334>
 10087c6: 474d         	li	a4, 0x13
 10087c8: 87a6         	mv	a5, s1
 10087ca: fac77be3     	bgeu	a4, a2, 0x1008780 <_realloc_r+0x2aa>
 10087ce: 4018         	lw	a4, 0x0(s0)
 10087d0: 47ed         	li	a5, 0x1b
 10087d2: 00eba423     	sw	a4, 0x8(s7)
 10087d6: 4058         	lw	a4, 0x4(s0)
 10087d8: 00eba623     	sw	a4, 0xc(s7)
 10087dc: 06c7fd63     	bgeu	a5, a2, 0x1008856 <_realloc_r+0x380>
 10087e0: 4418         	lw	a4, 0x8(s0)
 10087e2: 02400793     	li	a5, 0x24
 10087e6: 00eba823     	sw	a4, 0x10(s7)
 10087ea: 4458         	lw	a4, 0xc(s0)
 10087ec: 00ebaa23     	sw	a4, 0x14(s7)
 10087f0: f8f615e3     	bne	a2, a5, 0x100877a <_realloc_r+0x2a4>
 10087f4: 4818         	lw	a4, 0x10(s0)
 10087f6: 020b8793     	addi	a5, s7, 0x20
 10087fa: 0461         	addi	s0, s0, 0x18
 10087fc: 00ebac23     	sw	a4, 0x18(s7)
 1008800: ffc42703     	lw	a4, -0x4(s0)
 1008804: 00ebae23     	sw	a4, 0x1c(s7)
 1008808: bfa5         	j	0x1008780 <_realloc_r+0x2aa>
 100880a: 85a2         	mv	a1, s0
 100880c: 8526         	mv	a0, s1
 100880e: 5c8030ef     	jal	0x100bdd6 <memmove>
 1008812: bfad         	j	0x100878c <_realloc_r+0x2b6>
 1008814: 4418         	lw	a4, 0x8(s0)
 1008816: c518         	sw	a4, 0x8(a0)
 1008818: 4458         	lw	a4, 0xc(s0)
 100881a: c558         	sw	a4, 0xc(a0)
 100881c: 04f60763     	beq	a2, a5, 0x100886a <_realloc_r+0x394>
 1008820: 01040713     	addi	a4, s0, 0x10
 1008824: 01050793     	addi	a5, a0, 0x10
 1008828: b341         	j	0x10085a8 <_realloc_r+0xd2>
 100882a: 9ad2         	add	s5, s5, s4
 100882c: 414686b3     	sub	a3, a3, s4
 1008830: 015c2423     	sw	s5, 0x8(s8)
 1008834: 0016e793     	ori	a5, a3, 0x1
 1008838: 00faa223     	sw	a5, 0x4(s5)
 100883c: ffc42783     	lw	a5, -0x4(s0)
 1008840: 854a         	mv	a0, s2
 1008842: 84a2         	mv	s1, s0
 1008844: 8b85         	andi	a5, a5, 0x1
 1008846: 0147e7b3     	or	a5, a5, s4
 100884a: fef42e23     	sw	a5, -0x4(s0)
 100884e: bf9fd0ef     	jal	0x1006446 <__malloc_unlock>
 1008852: 4c22         	lw	s8, 0x8(sp)
 1008854: bb6d         	j	0x100860e <_realloc_r+0x138>
 1008856: 0421         	addi	s0, s0, 0x8
 1008858: 010b8793     	addi	a5, s7, 0x10
 100885c: b715         	j	0x1008780 <_realloc_r+0x2aa>
 100885e: 854a         	mv	a0, s2
 1008860: be7fd0ef     	jal	0x1006446 <__malloc_unlock>
 1008864: 4481         	li	s1, 0x0
 1008866: 4c22         	lw	s8, 0x8(sp)
 1008868: b35d         	j	0x100860e <_realloc_r+0x138>
 100886a: 4814         	lw	a3, 0x10(s0)
 100886c: 01840713     	addi	a4, s0, 0x18
 1008870: 01850793     	addi	a5, a0, 0x18
 1008874: c914         	sw	a3, 0x10(a0)
 1008876: 4854         	lw	a3, 0x14(s0)
 1008878: c954         	sw	a3, 0x14(a0)
 100887a: b33d         	j	0x10085a8 <_realloc_r+0xd2>
 100887c: 85a2         	mv	a1, s0
 100887e: 8526         	mv	a0, s1
 1008880: 556030ef     	jal	0x100bdd6 <memmove>
 1008884: bdb9         	j	0x10086e2 <_realloc_r+0x20c>
 1008886: 441c         	lw	a5, 0x8(s0)
 1008888: 00fba823     	sw	a5, 0x10(s7)
 100888c: 445c         	lw	a5, 0xc(s0)
 100888e: 00fbaa23     	sw	a5, 0x14(s7)
 1008892: 00d60663     	beq	a2, a3, 0x100889e <_realloc_r+0x3c8>
 1008896: 0441         	addi	s0, s0, 0x10
 1008898: 018b8793     	addi	a5, s7, 0x18
 100889c: bd2d         	j	0x10086d6 <_realloc_r+0x200>
 100889e: 4818         	lw	a4, 0x10(s0)
 10088a0: 020b8793     	addi	a5, s7, 0x20
 10088a4: 00ebac23     	sw	a4, 0x18(s7)
 10088a8: 4858         	lw	a4, 0x14(s0)
 10088aa: 0461         	addi	s0, s0, 0x18
 10088ac: 00ebae23     	sw	a4, 0x1c(s7)
 10088b0: b51d         	j	0x10086d6 <_realloc_r+0x200>

010088b2 <_ldtoa_r>:
 10088b2: 010108b7     	lui	a7, 0x1010
 10088b6: b9488893     	addi	a7, a7, -0x46c
 10088ba: 0008af83     	lw	t6, 0x0(a7)
 10088be: 0048af03     	lw	t5, 0x4(a7)
 10088c2: 0088ae83     	lw	t4, 0x8(a7)
 10088c6: 00c8ae03     	lw	t3, 0xc(a7)
 10088ca: 0108a303     	lw	t1, 0x10(a7)
 10088ce: 03852883     	lw	a7, 0x38(a0)
 10088d2: 7171         	addi	sp, sp, -0xb0
 10088d4: d14a         	sw	s2, 0xa0(sp)
 10088d6: cf4e         	sw	s3, 0x9c(sp)
 10088d8: cd52         	sw	s4, 0x98(sp)
 10088da: c95a         	sw	s6, 0x90(sp)
 10088dc: c75e         	sw	s7, 0x8c(sp)
 10088de: c562         	sw	s8, 0x88(sp)
 10088e0: c366         	sw	s9, 0x84(sp)
 10088e2: c16a         	sw	s10, 0x80(sp)
 10088e4: d706         	sw	ra, 0xac(sp)
 10088e6: d522         	sw	s0, 0xa8(sp)
 10088e8: d326         	sw	s1, 0xa4(sp)
 10088ea: cb56         	sw	s5, 0x94(sp)
 10088ec: deee         	sw	s11, 0x7c(sp)
 10088ee: cefe         	sw	t6, 0x5c(sp)
 10088f0: d0fa         	sw	t5, 0x60(sp)
 10088f2: d2f6         	sw	t4, 0x64(sp)
 10088f4: d4f2         	sw	t3, 0x68(sp)
 10088f6: d69a         	sw	t1, 0x6c(sp)
 10088f8: cc32         	sw	a2, 0x18(sp)
 10088fa: ce36         	sw	a3, 0x1c(sp)
 10088fc: 0005aa03     	lw	s4, 0x0(a1)
 1008900: 0045a983     	lw	s3, 0x4(a1)
 1008904: 0085a903     	lw	s2, 0x8(a1)
 1008908: 00c5ac03     	lw	s8, 0xc(a1)
 100890c: 8b2a         	mv	s6, a0
 100890e: 8bba         	mv	s7, a4
 1008910: 8cbe         	mv	s9, a5
 1008912: 8d42         	mv	s10, a6
 1008914: 00088663     	beqz	a7, 0x1008920 <_ldtoa_r+0x6e>
 1008918: 85c6         	mv	a1, a7
 100891a: 2445         	jal	0x1008bba <__freedtoa>
 100891c: 020b2c23     	sw	zero, 0x38(s6)
 1008920: 5626         	lw	a2, 0x68(sp)
 1008922: 01fc5693     	srli	a3, s8, 0x1f
 1008926: 001c1a93     	slli	s5, s8, 0x1
 100892a: 40165713     	srai	a4, a2, 0x1
 100892e: 74f1         	lui	s1, 0xffffc
 1008930: 001c1413     	slli	s0, s8, 0x1
 1008934: 8f75         	and	a4, a4, a3
 1008936: 011ada93     	srli	s5, s5, 0x11
 100893a: f9148493     	addi	s1, s1, -0x6f
 100893e: 010c1d93     	slli	s11, s8, 0x10
 1008942: 00dca023     	sw	a3, 0x0(s9)
 1008946: 8005         	srli	s0, s0, 0x1
 1008948: 8f31         	xor	a4, a4, a2
 100894a: 010ddd93     	srli	s11, s11, 0x10
 100894e: 009a87b3     	add	a5, s5, s1
 1008952: 100c         	addi	a1, sp, 0x20
 1008954: 1808         	addi	a0, sp, 0x30
 1008956: d852         	sw	s4, 0x30(sp)
 1008958: da4e         	sw	s3, 0x34(sp)
 100895a: dc4a         	sw	s2, 0x38(sp)
 100895c: de22         	sw	s0, 0x3c(sp)
 100895e: d052         	sw	s4, 0x20(sp)
 1008960: d24e         	sw	s3, 0x24(sp)
 1008962: d44a         	sw	s2, 0x28(sp)
 1008964: d622         	sw	s0, 0x2c(sp)
 1008966: d4ba         	sw	a4, 0x68(sp)
 1008968: ca3e         	sw	a5, 0x14(sp)
 100896a: c6d2         	sw	s4, 0x4c(sp)
 100896c: c8ce         	sw	s3, 0x50(sp)
 100896e: caca         	sw	s2, 0x54(sp)
 1008970: ccee         	sw	s11, 0x58(sp)
 1008972: 543050ef     	jal	0x100e6b4 <__unordtf2>
 1008976: ed61         	bnez	a0, 0x1008a4e <_ldtoa_r+0x19c>
 1008978: 7fff0cb7     	lui	s9, 0x7fff0
 100897c: 54fd         	li	s1, -0x1
 100897e: 1cfd         	addi	s9, s9, -0x1
 1008980: 100c         	addi	a1, sp, 0x20
 1008982: 1808         	addi	a0, sp, 0x30
 1008984: d852         	sw	s4, 0x30(sp)
 1008986: da4e         	sw	s3, 0x34(sp)
 1008988: dc4a         	sw	s2, 0x38(sp)
 100898a: de22         	sw	s0, 0x3c(sp)
 100898c: d026         	sw	s1, 0x20(sp)
 100898e: d226         	sw	s1, 0x24(sp)
 1008990: d426         	sw	s1, 0x28(sp)
 1008992: d666         	sw	s9, 0x2c(sp)
 1008994: 521050ef     	jal	0x100e6b4 <__unordtf2>
 1008998: ed29         	bnez	a0, 0x10089f2 <_ldtoa_r+0x140>
 100899a: 100c         	addi	a1, sp, 0x20
 100899c: 1808         	addi	a0, sp, 0x30
 100899e: 673030ef     	jal	0x100c810 <__lttf2>
 10089a2: 04a05863     	blez	a0, 0x10089f2 <_ldtoa_r+0x140>
 10089a6: 478d         	li	a5, 0x3
 10089a8: c4be         	sw	a5, 0x48(sp)
 10089aa: 47e2         	lw	a5, 0x18(sp)
 10089ac: 4872         	lw	a6, 0x1c(sp)
 10089ae: 4652         	lw	a2, 0x14(sp)
 10089b0: 00b8         	addi	a4, sp, 0x48
 10089b2: c06a         	sw	s10, 0x0(sp)
 10089b4: 88de         	mv	a7, s7
 10089b6: 00f4         	addi	a3, sp, 0x4c
 10089b8: 08ec         	addi	a1, sp, 0x5c
 10089ba: 855a         	mv	a0, s6
 10089bc: 28f010ef     	jal	0x100a44a <__gdtoa>
 10089c0: 000ba703     	lw	a4, 0x0(s7)
 10089c4: 77e1         	lui	a5, 0xffff8
 10089c6: 00f71763     	bne	a4, a5, 0x10089d4 <_ldtoa_r+0x122>
 10089ca: 800007b7     	lui	a5, 0x80000
 10089ce: 17fd         	addi	a5, a5, -0x1
 10089d0: 00fba023     	sw	a5, 0x0(s7)
 10089d4: 50ba         	lw	ra, 0xac(sp)
 10089d6: 542a         	lw	s0, 0xa8(sp)
 10089d8: 549a         	lw	s1, 0xa4(sp)
 10089da: 590a         	lw	s2, 0xa0(sp)
 10089dc: 49fa         	lw	s3, 0x9c(sp)
 10089de: 4a6a         	lw	s4, 0x98(sp)
 10089e0: 4ada         	lw	s5, 0x94(sp)
 10089e2: 4b4a         	lw	s6, 0x90(sp)
 10089e4: 4bba         	lw	s7, 0x8c(sp)
 10089e6: 4c2a         	lw	s8, 0x88(sp)
 10089e8: 4c9a         	lw	s9, 0x84(sp)
 10089ea: 4d0a         	lw	s10, 0x80(sp)
 10089ec: 5df6         	lw	s11, 0x7c(sp)
 10089ee: 614d         	addi	sp, sp, 0xb0
 10089f0: 8082         	ret
 10089f2: 67c1         	lui	a5, 0x10
 10089f4: 100c         	addi	a1, sp, 0x20
 10089f6: 1808         	addi	a0, sp, 0x30
 10089f8: d852         	sw	s4, 0x30(sp)
 10089fa: da4e         	sw	s3, 0x34(sp)
 10089fc: dc4a         	sw	s2, 0x38(sp)
 10089fe: de22         	sw	s0, 0x3c(sp)
 1008a00: d002         	sw	zero, 0x20(sp)
 1008a02: d202         	sw	zero, 0x24(sp)
 1008a04: d402         	sw	zero, 0x28(sp)
 1008a06: d63e         	sw	a5, 0x2c(sp)
 1008a08: 51d030ef     	jal	0x100c724 <__gttf2>
 1008a0c: 00054963     	bltz	a0, 0x1008a1e <_ldtoa_r+0x16c>
 1008a10: 67c1         	lui	a5, 0x10
 1008a12: 00fdedb3     	or	s11, s11, a5
 1008a16: 4785         	li	a5, 0x1
 1008a18: c4be         	sw	a5, 0x48(sp)
 1008a1a: ccee         	sw	s11, 0x58(sp)
 1008a1c: b779         	j	0x10089aa <_ldtoa_r+0xf8>
 1008a1e: 100c         	addi	a1, sp, 0x20
 1008a20: 1808         	addi	a0, sp, 0x30
 1008a22: d852         	sw	s4, 0x30(sp)
 1008a24: da4e         	sw	s3, 0x34(sp)
 1008a26: dc4a         	sw	s2, 0x38(sp)
 1008a28: de62         	sw	s8, 0x3c(sp)
 1008a2a: d002         	sw	zero, 0x20(sp)
 1008a2c: d202         	sw	zero, 0x24(sp)
 1008a2e: d402         	sw	zero, 0x28(sp)
 1008a30: d602         	sw	zero, 0x2c(sp)
 1008a32: 407030ef     	jal	0x100c638 <__netf2>
 1008a36: e119         	bnez	a0, 0x1008a3c <_ldtoa_r+0x18a>
 1008a38: c482         	sw	zero, 0x48(sp)
 1008a3a: bf85         	j	0x10089aa <_ldtoa_r+0xf8>
 1008a3c: 74f1         	lui	s1, 0xffffc
 1008a3e: 4789         	li	a5, 0x2
 1008a40: f9248493     	addi	s1, s1, -0x6e
 1008a44: c4be         	sw	a5, 0x48(sp)
 1008a46: 009a87b3     	add	a5, s5, s1
 1008a4a: ca3e         	sw	a5, 0x14(sp)
 1008a4c: bfb9         	j	0x10089aa <_ldtoa_r+0xf8>
 1008a4e: 4791         	li	a5, 0x4
 1008a50: c4be         	sw	a5, 0x48(sp)
 1008a52: bfa1         	j	0x10089aa <_ldtoa_r+0xf8>

01008a54 <_ldcheck>:
 1008a54: 7139         	addi	sp, sp, -0x40
 1008a56: da26         	sw	s1, 0x34(sp)
 1008a58: 4544         	lw	s1, 0xc(a0)
 1008a5a: d64e         	sw	s3, 0x2c(sp)
 1008a5c: d452         	sw	s4, 0x28(sp)
 1008a5e: 00852983     	lw	s3, 0x8(a0)
 1008a62: 00452a03     	lw	s4, 0x4(a0)
 1008a66: d256         	sw	s5, 0x24(sp)
 1008a68: 00052a83     	lw	s5, 0x0(a0)
 1008a6c: 0486         	slli	s1, s1, 0x1
 1008a6e: 8085         	srli	s1, s1, 0x1
 1008a70: 858a         	mv	a1, sp
 1008a72: 0808         	addi	a0, sp, 0x10
 1008a74: de06         	sw	ra, 0x3c(sp)
 1008a76: c856         	sw	s5, 0x10(sp)
 1008a78: ca52         	sw	s4, 0x14(sp)
 1008a7a: cc4e         	sw	s3, 0x18(sp)
 1008a7c: ce26         	sw	s1, 0x1c(sp)
 1008a7e: c056         	sw	s5, 0x0(sp)
 1008a80: c252         	sw	s4, 0x4(sp)
 1008a82: c44e         	sw	s3, 0x8(sp)
 1008a84: c626         	sw	s1, 0xc(sp)
 1008a86: 42f050ef     	jal	0x100e6b4 <__unordtf2>
 1008a8a: e921         	bnez	a0, 0x1008ada <_ldcheck+0x86>
 1008a8c: d05a         	sw	s6, 0x20(sp)
 1008a8e: 7fff0b37     	lui	s6, 0x7fff0
 1008a92: d84a         	sw	s2, 0x30(sp)
 1008a94: 1b7d         	addi	s6, s6, -0x1
 1008a96: 597d         	li	s2, -0x1
 1008a98: 858a         	mv	a1, sp
 1008a9a: 0808         	addi	a0, sp, 0x10
 1008a9c: dc22         	sw	s0, 0x38(sp)
 1008a9e: c04a         	sw	s2, 0x0(sp)
 1008aa0: c24a         	sw	s2, 0x4(sp)
 1008aa2: c44a         	sw	s2, 0x8(sp)
 1008aa4: c65a         	sw	s6, 0xc(sp)
 1008aa6: 4405         	li	s0, 0x1
 1008aa8: 40d050ef     	jal	0x100e6b4 <__unordtf2>
 1008aac: c105         	beqz	a0, 0x1008acc <_ldcheck+0x78>
 1008aae: 50f2         	lw	ra, 0x3c(sp)
 1008ab0: 00144513     	xori	a0, s0, 0x1
 1008ab4: 5462         	lw	s0, 0x38(sp)
 1008ab6: 0ff57513     	andi	a0, a0, 0xff
 1008aba: 5942         	lw	s2, 0x30(sp)
 1008abc: 5b02         	lw	s6, 0x20(sp)
 1008abe: 54d2         	lw	s1, 0x34(sp)
 1008ac0: 59b2         	lw	s3, 0x2c(sp)
 1008ac2: 5a22         	lw	s4, 0x28(sp)
 1008ac4: 5a92         	lw	s5, 0x24(sp)
 1008ac6: 0506         	slli	a0, a0, 0x1
 1008ac8: 6121         	addi	sp, sp, 0x40
 1008aca: 8082         	ret
 1008acc: 858a         	mv	a1, sp
 1008ace: 0808         	addi	a0, sp, 0x10
 1008ad0: 541030ef     	jal	0x100c810 <__lttf2>
 1008ad4: 00152413     	slti	s0, a0, 0x1
 1008ad8: bfd9         	j	0x1008aae <_ldcheck+0x5a>
 1008ada: 50f2         	lw	ra, 0x3c(sp)
 1008adc: 54d2         	lw	s1, 0x34(sp)
 1008ade: 59b2         	lw	s3, 0x2c(sp)
 1008ae0: 5a22         	lw	s4, 0x28(sp)
 1008ae2: 5a92         	lw	s5, 0x24(sp)
 1008ae4: 4505         	li	a0, 0x1
 1008ae6: 6121         	addi	sp, sp, 0x40
 1008ae8: 8082         	ret

01008aea <__rv_alloc_D2A.part.0>:
 1008aea: 010106b7     	lui	a3, 0x1010
 1008aee: 01010537     	lui	a0, 0x1010
 1008af2: 1141         	addi	sp, sp, -0x10
 1008af4: 89068693     	addi	a3, a3, -0x770
 1008af8: 4601         	li	a2, 0x0
 1008afa: 03900593     	li	a1, 0x39
 1008afe: 92450513     	addi	a0, a0, -0x6dc
 1008b02: c606         	sw	ra, 0xc(sp)
 1008b04: 2c31         	jal	0x1008d20 <__assert_func>

01008b06 <__rv_alloc_D2A>:
 1008b06: 1141         	addi	sp, sp, -0x10
 1008b08: c422         	sw	s0, 0x8(sp)
 1008b0a: c606         	sw	ra, 0xc(sp)
 1008b0c: 46dd         	li	a3, 0x17
 1008b0e: 842a         	mv	s0, a0
 1008b10: 4705         	li	a4, 0x1
 1008b12: 4791         	li	a5, 0x4
 1008b14: 02b6f463     	bgeu	a3, a1, 0x1008b3c <__rv_alloc_D2A+0x36>
 1008b18: 0786         	slli	a5, a5, 0x1
 1008b1a: 01478693     	addi	a3, a5, 0x14
 1008b1e: 863a         	mv	a2, a4
 1008b20: 0705         	addi	a4, a4, 0x1
 1008b22: fed5fbe3     	bgeu	a1, a3, 0x1008b18 <__rv_alloc_D2A+0x12>
 1008b26: 85b2         	mv	a1, a2
 1008b28: dc50         	sw	a2, 0x3c(s0)
 1008b2a: 8522         	mv	a0, s0
 1008b2c: 78d000ef     	jal	0x1009ab8 <_Balloc>
 1008b30: c911         	beqz	a0, 0x1008b44 <__rv_alloc_D2A+0x3e>
 1008b32: 40b2         	lw	ra, 0xc(sp)
 1008b34: dc08         	sw	a0, 0x38(s0)
 1008b36: 4422         	lw	s0, 0x8(sp)
 1008b38: 0141         	addi	sp, sp, 0x10
 1008b3a: 8082         	ret
 1008b3c: 02052e23     	sw	zero, 0x3c(a0)
 1008b40: 4581         	li	a1, 0x0
 1008b42: b7e5         	j	0x1008b2a <__rv_alloc_D2A+0x24>
 1008b44: 375d         	jal	0x1008aea <__rv_alloc_D2A.part.0>

01008b46 <__nrv_alloc_D2A>:
 1008b46: 1141         	addi	sp, sp, -0x10
 1008b48: c422         	sw	s0, 0x8(sp)
 1008b4a: c226         	sw	s1, 0x4(sp)
 1008b4c: c04a         	sw	s2, 0x0(sp)
 1008b4e: c606         	sw	ra, 0xc(sp)
 1008b50: 485d         	li	a6, 0x17
 1008b52: 84aa         	mv	s1, a0
 1008b54: 842e         	mv	s0, a1
 1008b56: 8932         	mv	s2, a2
 1008b58: 4705         	li	a4, 0x1
 1008b5a: 4791         	li	a5, 0x4
 1008b5c: 04d87863     	bgeu	a6, a3, 0x1008bac <__nrv_alloc_D2A+0x66>
 1008b60: 0786         	slli	a5, a5, 0x1
 1008b62: 01478813     	addi	a6, a5, 0x14
 1008b66: 85ba         	mv	a1, a4
 1008b68: 0705         	addi	a4, a4, 0x1
 1008b6a: ff06fbe3     	bgeu	a3, a6, 0x1008b60 <__nrv_alloc_D2A+0x1a>
 1008b6e: dccc         	sw	a1, 0x3c(s1)
 1008b70: 8526         	mv	a0, s1
 1008b72: 747000ef     	jal	0x1009ab8 <_Balloc>
 1008b76: c129         	beqz	a0, 0x1008bb8 <__nrv_alloc_D2A+0x72>
 1008b78: dc88         	sw	a0, 0x38(s1)
 1008b7a: 00044783     	lbu	a5, 0x0(s0)
 1008b7e: 00140593     	addi	a1, s0, 0x1
 1008b82: 00f50023     	sb	a5, 0x0(a0)
 1008b86: c79d         	beqz	a5, 0x1008bb4 <__nrv_alloc_D2A+0x6e>
 1008b88: 87aa         	mv	a5, a0
 1008b8a: 0005c703     	lbu	a4, 0x0(a1)
 1008b8e: 0785         	addi	a5, a5, 0x1
 1008b90: 0585         	addi	a1, a1, 0x1
 1008b92: 00e78023     	sb	a4, 0x0(a5)
 1008b96: fb75         	bnez	a4, 0x1008b8a <__nrv_alloc_D2A+0x44>
 1008b98: 00090463     	beqz	s2, 0x1008ba0 <__nrv_alloc_D2A+0x5a>
 1008b9c: 00f92023     	sw	a5, 0x0(s2)
 1008ba0: 40b2         	lw	ra, 0xc(sp)
 1008ba2: 4422         	lw	s0, 0x8(sp)
 1008ba4: 4492         	lw	s1, 0x4(sp)
 1008ba6: 4902         	lw	s2, 0x0(sp)
 1008ba8: 0141         	addi	sp, sp, 0x10
 1008baa: 8082         	ret
 1008bac: 02052e23     	sw	zero, 0x3c(a0)
 1008bb0: 4581         	li	a1, 0x0
 1008bb2: bf7d         	j	0x1008b70 <__nrv_alloc_D2A+0x2a>
 1008bb4: 87aa         	mv	a5, a0
 1008bb6: b7cd         	j	0x1008b98 <__nrv_alloc_D2A+0x52>
 1008bb8: 3f0d         	jal	0x1008aea <__rv_alloc_D2A.part.0>

01008bba <__freedtoa>:
 1008bba: 5d54         	lw	a3, 0x3c(a0)
 1008bbc: 4705         	li	a4, 0x1
 1008bbe: 00d71733     	sll	a4, a4, a3
 1008bc2: c1d4         	sw	a3, 0x4(a1)
 1008bc4: c598         	sw	a4, 0x8(a1)
 1008bc6: 75f0006f     	j	0x1009b24 <_Bfree>

01008bca <__quorem_D2A>:
 1008bca: 1101         	addi	sp, sp, -0x20
 1008bcc: ca26         	sw	s1, 0x14(sp)
 1008bce: 491c         	lw	a5, 0x10(a0)
 1008bd0: 4984         	lw	s1, 0x10(a1)
 1008bd2: ce06         	sw	ra, 0x1c(sp)
 1008bd4: 1497c163     	blt	a5, s1, 0x1008d16 <__quorem_D2A+0x14c>
 1008bd8: 14fd         	addi	s1, s1, -0x1
 1008bda: 00249313     	slli	t1, s1, 0x2
 1008bde: cc22         	sw	s0, 0x18(sp)
 1008be0: 01458413     	addi	s0, a1, 0x14
 1008be4: c64e         	sw	s3, 0xc(sp)
 1008be6: c452         	sw	s4, 0x8(sp)
 1008be8: 006409b3     	add	s3, s0, t1
 1008bec: 01450a13     	addi	s4, a0, 0x14
 1008bf0: 0009a783     	lw	a5, 0x0(s3)
 1008bf4: 9352         	add	t1, t1, s4
 1008bf6: 00032703     	lw	a4, 0x0(t1)
 1008bfa: c84a         	sw	s2, 0x10(sp)
 1008bfc: c256         	sw	s5, 0x4(sp)
 1008bfe: 0785         	addi	a5, a5, 0x1
 1008c00: 02f75933     	divu	s2, a4, a5
 1008c04: 8aaa         	mv	s5, a0
 1008c06: 08f76663     	bltu	a4, a5, 0x1008c92 <__quorem_D2A+0xc8>
 1008c0a: 6541         	lui	a0, 0x10
 1008c0c: 88a2         	mv	a7, s0
 1008c0e: 8852         	mv	a6, s4
 1008c10: 4f01         	li	t5, 0x0
 1008c12: 4e81         	li	t4, 0x0
 1008c14: 157d         	addi	a0, a0, -0x1
 1008c16: 0008a783     	lw	a5, 0x0(a7)
 1008c1a: 00082603     	lw	a2, 0x0(a6)
 1008c1e: 0811         	addi	a6, a6, 0x4
 1008c20: 00a7f6b3     	and	a3, a5, a0
 1008c24: 83c1         	srli	a5, a5, 0x10
 1008c26: 00a67733     	and	a4, a2, a0
 1008c2a: 01065e13     	srli	t3, a2, 0x10
 1008c2e: 0891         	addi	a7, a7, 0x4
 1008c30: 032686b3     	mul	a3, a3, s2
 1008c34: 032787b3     	mul	a5, a5, s2
 1008c38: 96fa         	add	a3, a3, t5
 1008c3a: 00a6f633     	and	a2, a3, a0
 1008c3e: 8f11         	sub	a4, a4, a2
 1008c40: 41d70733     	sub	a4, a4, t4
 1008c44: 82c1         	srli	a3, a3, 0x10
 1008c46: 01075613     	srli	a2, a4, 0x10
 1008c4a: 8a05         	andi	a2, a2, 0x1
 1008c4c: 8f69         	and	a4, a4, a0
 1008c4e: 97b6         	add	a5, a5, a3
 1008c50: 00a7f6b3     	and	a3, a5, a0
 1008c54: 9636         	add	a2, a2, a3
 1008c56: 40ce06b3     	sub	a3, t3, a2
 1008c5a: 01069613     	slli	a2, a3, 0x10
 1008c5e: 8f51         	or	a4, a4, a2
 1008c60: 82c1         	srli	a3, a3, 0x10
 1008c62: fee82e23     	sw	a4, -0x4(a6)
 1008c66: 0107df13     	srli	t5, a5, 0x10
 1008c6a: 0016fe93     	andi	t4, a3, 0x1
 1008c6e: fb19f4e3     	bgeu	s3, a7, 0x1008c16 <__quorem_D2A+0x4c>
 1008c72: 00032783     	lw	a5, 0x0(t1)
 1008c76: ef91         	bnez	a5, 0x1008c92 <__quorem_D2A+0xc8>
 1008c78: 1371         	addi	t1, t1, -0x4
 1008c7a: 006a6663     	bltu	s4, t1, 0x1008c86 <__quorem_D2A+0xbc>
 1008c7e: a801         	j	0x1008c8e <__quorem_D2A+0xc4>
 1008c80: 14fd         	addi	s1, s1, -0x1
 1008c82: 006a7663     	bgeu	s4, t1, 0x1008c8e <__quorem_D2A+0xc4>
 1008c86: 00032783     	lw	a5, 0x0(t1)
 1008c8a: 1371         	addi	t1, t1, -0x4
 1008c8c: dbf5         	beqz	a5, 0x1008c80 <__quorem_D2A+0xb6>
 1008c8e: 009aa823     	sw	s1, 0x10(s5)
 1008c92: 8556         	mv	a0, s5
 1008c94: 44a010ef     	jal	0x100a0de <__mcmp>
 1008c98: 06054563     	bltz	a0, 0x1008d02 <__quorem_D2A+0x138>
 1008c9c: 6541         	lui	a0, 0x10
 1008c9e: 85d2         	mv	a1, s4
 1008ca0: 4681         	li	a3, 0x0
 1008ca2: 157d         	addi	a0, a0, -0x1
 1008ca4: 419c         	lw	a5, 0x0(a1)
 1008ca6: 4010         	lw	a2, 0x0(s0)
 1008ca8: 0591         	addi	a1, a1, 0x4
 1008caa: 00a7f733     	and	a4, a5, a0
 1008cae: 00a67833     	and	a6, a2, a0
 1008cb2: 41070733     	sub	a4, a4, a6
 1008cb6: 8f15         	sub	a4, a4, a3
 1008cb8: 01075693     	srli	a3, a4, 0x10
 1008cbc: 8a85         	andi	a3, a3, 0x1
 1008cbe: 8241         	srli	a2, a2, 0x10
 1008cc0: 96b2         	add	a3, a3, a2
 1008cc2: 83c1         	srli	a5, a5, 0x10
 1008cc4: 8f95         	sub	a5, a5, a3
 1008cc6: 01079693     	slli	a3, a5, 0x10
 1008cca: 8f69         	and	a4, a4, a0
 1008ccc: 8f55         	or	a4, a4, a3
 1008cce: 83c1         	srli	a5, a5, 0x10
 1008cd0: 0411         	addi	s0, s0, 0x4
 1008cd2: fee5ae23     	sw	a4, -0x4(a1)
 1008cd6: 0017f693     	andi	a3, a5, 0x1
 1008cda: fc89f5e3     	bgeu	s3, s0, 0x1008ca4 <__quorem_D2A+0xda>
 1008cde: 00249793     	slli	a5, s1, 0x2
 1008ce2: 97d2         	add	a5, a5, s4
 1008ce4: 4398         	lw	a4, 0x0(a5)
 1008ce6: ef09         	bnez	a4, 0x1008d00 <__quorem_D2A+0x136>
 1008ce8: 17f1         	addi	a5, a5, -0x4
 1008cea: 00fa6663     	bltu	s4, a5, 0x1008cf6 <__quorem_D2A+0x12c>
 1008cee: a039         	j	0x1008cfc <__quorem_D2A+0x132>
 1008cf0: 14fd         	addi	s1, s1, -0x1
 1008cf2: 00fa7563     	bgeu	s4, a5, 0x1008cfc <__quorem_D2A+0x132>
 1008cf6: 4398         	lw	a4, 0x0(a5)
 1008cf8: 17f1         	addi	a5, a5, -0x4
 1008cfa: db7d         	beqz	a4, 0x1008cf0 <__quorem_D2A+0x126>
 1008cfc: 009aa823     	sw	s1, 0x10(s5)
 1008d00: 0905         	addi	s2, s2, 0x1
 1008d02: 4462         	lw	s0, 0x18(sp)
 1008d04: 40f2         	lw	ra, 0x1c(sp)
 1008d06: 49b2         	lw	s3, 0xc(sp)
 1008d08: 4a22         	lw	s4, 0x8(sp)
 1008d0a: 4a92         	lw	s5, 0x4(sp)
 1008d0c: 44d2         	lw	s1, 0x14(sp)
 1008d0e: 854a         	mv	a0, s2
 1008d10: 4942         	lw	s2, 0x10(sp)
 1008d12: 6105         	addi	sp, sp, 0x20
 1008d14: 8082         	ret
 1008d16: 40f2         	lw	ra, 0x1c(sp)
 1008d18: 44d2         	lw	s1, 0x14(sp)
 1008d1a: 4501         	li	a0, 0x0
 1008d1c: 6105         	addi	sp, sp, 0x20
 1008d1e: 8082         	ret

01008d20 <__assert_func>:
 1008d20: 018007b7     	lui	a5, 0x1800
 1008d24: 6b07a703     	lw	a4, 0x6b0(a5)
 1008d28: 1141         	addi	sp, sp, -0x10
 1008d2a: 87b6         	mv	a5, a3
 1008d2c: 8832         	mv	a6, a2
 1008d2e: c606         	sw	ra, 0xc(sp)
 1008d30: 00c72883     	lw	a7, 0xc(a4)
 1008d34: 86aa         	mv	a3, a0
 1008d36: 872e         	mv	a4, a1
 1008d38: 863e         	mv	a2, a5
 1008d3a: 00080e63     	beqz	a6, 0x1008d56 <__assert_func+0x36>
 1008d3e: 010107b7     	lui	a5, 0x1010
 1008d42: 82878793     	addi	a5, a5, -0x7d8
 1008d46: 010105b7     	lui	a1, 0x1010
 1008d4a: 8c458593     	addi	a1, a1, -0x73c
 1008d4e: 8546         	mv	a0, a7
 1008d50: 2811         	jal	0x1008d64 <fiprintf>
 1008d52: 557000ef     	jal	0x1009aa8 <abort>
 1008d56: 01010837     	lui	a6, 0x1010
 1008d5a: 8a880793     	addi	a5, a6, -0x758
 1008d5e: 8a880813     	addi	a6, a6, -0x758
 1008d62: b7d5         	j	0x1008d46 <__assert_func+0x26>

01008d64 <fiprintf>:
 1008d64: 8e2a         	mv	t3, a0
 1008d66: 01800537     	lui	a0, 0x1800
 1008d6a: 7139         	addi	sp, sp, -0x40
 1008d6c: 6b052503     	lw	a0, 0x6b0(a0)
 1008d70: 02810313     	addi	t1, sp, 0x28
 1008d74: d432         	sw	a2, 0x28(sp)
 1008d76: d636         	sw	a3, 0x2c(sp)
 1008d78: 862e         	mv	a2, a1
 1008d7a: 869a         	mv	a3, t1
 1008d7c: 85f2         	mv	a1, t3
 1008d7e: ce06         	sw	ra, 0x1c(sp)
 1008d80: d83a         	sw	a4, 0x30(sp)
 1008d82: da3e         	sw	a5, 0x34(sp)
 1008d84: dc42         	sw	a6, 0x38(sp)
 1008d86: de46         	sw	a7, 0x3c(sp)
 1008d88: c61a         	sw	t1, 0xc(sp)
 1008d8a: 2021         	jal	0x1008d92 <_vfiprintf_r>
 1008d8c: 40f2         	lw	ra, 0x1c(sp)
 1008d8e: 6121         	addi	sp, sp, 0x40
 1008d90: 8082         	ret

01008d92 <_vfiprintf_r>:
 1008d92: 7169         	addi	sp, sp, -0x130
 1008d94: 11312e23     	sw	s3, 0x11c(sp)
 1008d98: 11512a23     	sw	s5, 0x114(sp)
 1008d9c: 11612823     	sw	s6, 0x110(sp)
 1008da0: 11712623     	sw	s7, 0x10c(sp)
 1008da4: 12112623     	sw	ra, 0x12c(sp)
 1008da8: 11a12023     	sw	s10, 0x100(sp)
 1008dac: 8baa         	mv	s7, a0
 1008dae: 8aae         	mv	s5, a1
 1008db0: 89b2         	mv	s3, a2
 1008db2: 8b36         	mv	s6, a3
 1008db4: c501         	beqz	a0, 0x1008dbc <_vfiprintf_r+0x2a>
 1008db6: 595c         	lw	a5, 0x34(a0)
 1008db8: 30078ce3     	beqz	a5, 0x10098d0 <_vfiprintf_r+0xb3e>
 1008dbc: 00ca9703     	lh	a4, 0xc(s5)
 1008dc0: 064aa783     	lw	a5, 0x64(s5)
 1008dc4: 01271693     	slli	a3, a4, 0x12
 1008dc8: 0006cb63     	bltz	a3, 0x1008dde <_vfiprintf_r+0x4c>
 1008dcc: 76f9         	lui	a3, 0xffffe
 1008dce: 16fd         	addi	a3, a3, -0x1
 1008dd0: 6609         	lui	a2, 0x2
 1008dd2: 8f51         	or	a4, a4, a2
 1008dd4: 8ff5         	and	a5, a5, a3
 1008dd6: 00ea9623     	sh	a4, 0xc(s5)
 1008dda: 06faa223     	sw	a5, 0x64(s5)
 1008dde: 01279713     	slli	a4, a5, 0x12
 1008de2: 40074ae3     	bltz	a4, 0x10099f6 <_vfiprintf_r+0xc64>
 1008de6: 00ca9783     	lh	a5, 0xc(s5)
 1008dea: 0087f713     	andi	a4, a5, 0x8
 1008dee: 22070563     	beqz	a4, 0x1009018 <_vfiprintf_r+0x286>
 1008df2: 010aa703     	lw	a4, 0x10(s5)
 1008df6: 22070163     	beqz	a4, 0x1009018 <_vfiprintf_r+0x286>
 1008dfa: 8be9         	andi	a5, a5, 0x1a
 1008dfc: 4729         	li	a4, 0xa
 1008dfe: 22e78963     	beq	a5, a4, 0x1009030 <_vfiprintf_r+0x29e>
 1008e02: 010107b7     	lui	a5, 0x1010
 1008e06: 4d01         	li	s10, 0x0
 1008e08: 11812423     	sw	s8, 0x108(sp)
 1008e0c: 11912223     	sw	s9, 0x104(sp)
 1008e10: 04c10c13     	addi	s8, sp, 0x4c
 1008e14: ba878793     	addi	a5, a5, -0x458
 1008e18: 01010cb7     	lui	s9, 0x1010
 1008e1c: 12812423     	sw	s0, 0x128(sp)
 1008e20: 13212023     	sw	s2, 0x120(sp)
 1008e24: 11412c23     	sw	s4, 0x118(sp)
 1008e28: 896a         	mv	s2, s10
 1008e2a: 12912223     	sw	s1, 0x124(sp)
 1008e2e: dfee         	sw	s11, 0xfc(sp)
 1008e30: c0e2         	sw	s8, 0x40(sp)
 1008e32: c482         	sw	zero, 0x48(sp)
 1008e34: c282         	sw	zero, 0x44(sp)
 1008e36: 8462         	mv	s0, s8
 1008e38: c202         	sw	zero, 0x4(sp)
 1008e3a: ca02         	sw	zero, 0x14(sp)
 1008e3c: cc02         	sw	zero, 0x18(sp)
 1008e3e: ce02         	sw	zero, 0x1c(sp)
 1008e40: c03e         	sw	a5, 0x0(sp)
 1008e42: 4a41         	li	s4, 0x10
 1008e44: d14c8c93     	addi	s9, s9, -0x2ec
 1008e48: 8d5a         	mv	s10, s6
 1008e4a: 0009c783     	lbu	a5, 0x0(s3)
 1008e4e: 14078563     	beqz	a5, 0x1008f98 <_vfiprintf_r+0x206>
 1008e52: 84ce         	mv	s1, s3
 1008e54: 02500713     	li	a4, 0x25
 1008e58: 20e78363     	beq	a5, a4, 0x100905e <_vfiprintf_r+0x2cc>
 1008e5c: 0014c783     	lbu	a5, 0x1(s1)
 1008e60: 0485         	addi	s1, s1, 0x1
 1008e62: fbfd         	bnez	a5, 0x1008e58 <_vfiprintf_r+0xc6>
 1008e64: 41348b33     	sub	s6, s1, s3
 1008e68: 13348863     	beq	s1, s3, 0x1008f98 <_vfiprintf_r+0x206>
 1008e6c: 4726         	lw	a4, 0x48(sp)
 1008e6e: 4796         	lw	a5, 0x44(sp)
 1008e70: 01342023     	sw	s3, 0x0(s0)
 1008e74: 975a         	add	a4, a4, s6
 1008e76: 0785         	addi	a5, a5, 0x1
 1008e78: 01642223     	sw	s6, 0x4(s0)
 1008e7c: c4ba         	sw	a4, 0x48(sp)
 1008e7e: c2be         	sw	a5, 0x44(sp)
 1008e80: 471d         	li	a4, 0x7
 1008e82: 0421         	addi	s0, s0, 0x8
 1008e84: 1ef74463     	blt	a4, a5, 0x100906c <_vfiprintf_r+0x2da>
 1008e88: 0004c783     	lbu	a5, 0x0(s1)
 1008e8c: 995a         	add	s2, s2, s6
 1008e8e: 10078563     	beqz	a5, 0x1008f98 <_vfiprintf_r+0x206>
 1008e92: 0014c783     	lbu	a5, 0x1(s1)
 1008e96: 00148993     	addi	s3, s1, 0x1
 1008e9a: 02010da3     	sb	zero, 0x3b(sp)
 1008e9e: 5dfd         	li	s11, -0x1
 1008ea0: 4b01         	li	s6, 0x0
 1008ea2: 4801         	li	a6, 0x0
 1008ea4: 05a00493     	li	s1, 0x5a
 1008ea8: 0985         	addi	s3, s3, 0x1
 1008eaa: 863e         	mv	a2, a5
 1008eac: fe060713     	addi	a4, a2, -0x20
 1008eb0: 02e4eb63     	bltu	s1, a4, 0x1008ee6 <_vfiprintf_r+0x154>
 1008eb4: 4782         	lw	a5, 0x0(sp)
 1008eb6: 070a         	slli	a4, a4, 0x2
 1008eb8: 973e         	add	a4, a4, a5
 1008eba: 431c         	lw	a5, 0x0(a4)
 1008ebc: 8782         	jr	a5
 1008ebe: 4b01         	li	s6, 0x0
 1008ec0: fd060793     	addi	a5, a2, -0x30
 1008ec4: 46a5         	li	a3, 0x9
 1008ec6: 0009c603     	lbu	a2, 0x0(s3)
 1008eca: 002b1713     	slli	a4, s6, 0x2
 1008ece: 9b3a         	add	s6, s6, a4
 1008ed0: 0b06         	slli	s6, s6, 0x1
 1008ed2: 9b3e         	add	s6, s6, a5
 1008ed4: fd060793     	addi	a5, a2, -0x30
 1008ed8: 0985         	addi	s3, s3, 0x1
 1008eda: fef6f6e3     	bgeu	a3, a5, 0x1008ec6 <_vfiprintf_r+0x134>
 1008ede: fe060713     	addi	a4, a2, -0x20
 1008ee2: fce4f9e3     	bgeu	s1, a4, 0x1008eb4 <_vfiprintf_r+0x122>
 1008ee6: ca4d         	beqz	a2, 0x1008f98 <_vfiprintf_r+0x206>
 1008ee8: 08c10623     	sb	a2, 0x8c(sp)
 1008eec: 02010da3     	sb	zero, 0x3b(sp)
 1008ef0: 4885         	li	a7, 0x1
 1008ef2: 4e05         	li	t3, 0x1
 1008ef4: 0164         	addi	s1, sp, 0x8c
 1008ef6: 4d81         	li	s11, 0x0
 1008ef8: 4281         	li	t0, 0x0
 1008efa: 08487f93     	andi	t6, a6, 0x84
 1008efe: 4726         	lw	a4, 0x48(sp)
 1008f00: 4796         	lw	a5, 0x44(sp)
 1008f02: 000f9663     	bnez	t6, 0x1008f0e <_vfiprintf_r+0x17c>
 1008f06: 411b0eb3     	sub	t4, s6, a7
 1008f0a: 71d04f63     	bgtz	t4, 0x1009628 <_vfiprintf_r+0x896>
 1008f0e: 03b14603     	lbu	a2, 0x3b(sp)
 1008f12: ce11         	beqz	a2, 0x1008f2e <_vfiprintf_r+0x19c>
 1008f14: 03b10613     	addi	a2, sp, 0x3b
 1008f18: c010         	sw	a2, 0x0(s0)
 1008f1a: 0785         	addi	a5, a5, 0x1
 1008f1c: 4605         	li	a2, 0x1
 1008f1e: 0705         	addi	a4, a4, 0x1
 1008f20: c050         	sw	a2, 0x4(s0)
 1008f22: c4ba         	sw	a4, 0x48(sp)
 1008f24: c2be         	sw	a5, 0x44(sp)
 1008f26: 461d         	li	a2, 0x7
 1008f28: 0421         	addi	s0, s0, 0x8
 1008f2a: 1af64363     	blt	a2, a5, 0x10090d0 <_vfiprintf_r+0x33e>
 1008f2e: 00028e63     	beqz	t0, 0x1008f4a <_vfiprintf_r+0x1b8>
 1008f32: 1870         	addi	a2, sp, 0x3c
 1008f34: c010         	sw	a2, 0x0(s0)
 1008f36: 0785         	addi	a5, a5, 0x1
 1008f38: 4609         	li	a2, 0x2
 1008f3a: 0709         	addi	a4, a4, 0x2
 1008f3c: c050         	sw	a2, 0x4(s0)
 1008f3e: c4ba         	sw	a4, 0x48(sp)
 1008f40: c2be         	sw	a5, 0x44(sp)
 1008f42: 461d         	li	a2, 0x7
 1008f44: 0421         	addi	s0, s0, 0x8
 1008f46: 78f64b63     	blt	a2, a5, 0x10096dc <_vfiprintf_r+0x94a>
 1008f4a: 08000613     	li	a2, 0x80
 1008f4e: 52cf8c63     	beq	t6, a2, 0x1009486 <_vfiprintf_r+0x6f4>
 1008f52: 41cd8db3     	sub	s11, s11, t3
 1008f56: 5fb04063     	bgtz	s11, 0x1009536 <_vfiprintf_r+0x7a4>
 1008f5a: 9772         	add	a4, a4, t3
 1008f5c: 0785         	addi	a5, a5, 0x1
 1008f5e: c004         	sw	s1, 0x0(s0)
 1008f60: 01c42223     	sw	t3, 0x4(s0)
 1008f64: c4ba         	sw	a4, 0x48(sp)
 1008f66: c2be         	sw	a5, 0x44(sp)
 1008f68: 461d         	li	a2, 0x7
 1008f6a: 0421         	addi	s0, s0, 0x8
 1008f6c: 66f64263     	blt	a2, a5, 0x10095d0 <_vfiprintf_r+0x83e>
 1008f70: 00487813     	andi	a6, a6, 0x4
 1008f74: 00080663     	beqz	a6, 0x1008f80 <_vfiprintf_r+0x1ee>
 1008f78: 411b04b3     	sub	s1, s6, a7
 1008f7c: 16904e63     	bgtz	s1, 0x10090f8 <_vfiprintf_r+0x366>
 1008f80: 011b5363     	bge	s6, a7, 0x1008f86 <_vfiprintf_r+0x1f4>
 1008f84: 8b46         	mv	s6, a7
 1008f86: 995a         	add	s2, s2, s6
 1008f88: 0e071a63     	bnez	a4, 0x100907c <_vfiprintf_r+0x2ea>
 1008f8c: 0009c783     	lbu	a5, 0x0(s3)
 1008f90: c282         	sw	zero, 0x44(sp)
 1008f92: 8462         	mv	s0, s8
 1008f94: ea079fe3     	bnez	a5, 0x1008e52 <_vfiprintf_r+0xc0>
 1008f98: 47a6         	lw	a5, 0x48(sp)
 1008f9a: 8d4a         	mv	s10, s2
 1008f9c: 0e078863     	beqz	a5, 0x100908c <_vfiprintf_r+0x2fa>
 1008fa0: 0090         	addi	a2, sp, 0x40
 1008fa2: 85d6         	mv	a1, s5
 1008fa4: 855e         	mv	a0, s7
 1008fa6: 9aaff0ef     	jal	0x1008150 <__sprint_r>
 1008faa: a0cd         	j	0x100908c <_vfiprintf_r+0x2fa>
 1008fac: 000d2b03     	lw	s6, 0x0(s10)
 1008fb0: 0d11         	addi	s10, s10, 0x4
 1008fb2: 280b4d63     	bltz	s6, 0x100924c <_vfiprintf_r+0x4ba>
 1008fb6: 0009c783     	lbu	a5, 0x0(s3)
 1008fba: b5fd         	j	0x1008ea8 <_vfiprintf_r+0x116>
 1008fbc: 0009c783     	lbu	a5, 0x0(s3)
 1008fc0: 02086813     	ori	a6, a6, 0x20
 1008fc4: b5d5         	j	0x1008ea8 <_vfiprintf_r+0x116>
 1008fc6: 01086813     	ori	a6, a6, 0x10
 1008fca: 02087793     	andi	a5, a6, 0x20
 1008fce: 1a078463     	beqz	a5, 0x1009176 <_vfiprintf_r+0x3e4>
 1008fd2: 0d1d         	addi	s10, s10, 0x7
 1008fd4: ff8d7d13     	andi	s10, s10, -0x8
 1008fd8: 004d2703     	lw	a4, 0x4(s10)
 1008fdc: 000d2783     	lw	a5, 0x0(s10)
 1008fe0: 0d21         	addi	s10, s10, 0x8
 1008fe2: 88ba         	mv	a7, a4
 1008fe4: 1a074963     	bltz	a4, 0x1009196 <_vfiprintf_r+0x404>
 1008fe8: 1c0dc763     	bltz	s11, 0x10091b6 <_vfiprintf_r+0x424>
 1008fec: 0117e733     	or	a4, a5, a7
 1008ff0: f7f87813     	andi	a6, a6, -0x81
 1008ff4: 1c071163     	bnez	a4, 0x10091b6 <_vfiprintf_r+0x424>
 1008ff8: 1e0d9be3     	bnez	s11, 0x10099ee <_vfiprintf_r+0xc5c>
 1008ffc: 03b14783     	lbu	a5, 0x3b(sp)
 1009000: 4881         	li	a7, 0x0
 1009002: 4e01         	li	t3, 0x0
 1009004: 1984         	addi	s1, sp, 0xf0
 1009006: c391         	beqz	a5, 0x100900a <_vfiprintf_r+0x278>
 1009008: 0885         	addi	a7, a7, 0x1
 100900a: 00287293     	andi	t0, a6, 0x2
 100900e: ee0286e3     	beqz	t0, 0x1008efa <_vfiprintf_r+0x168>
 1009012: 0889         	addi	a7, a7, 0x2
 1009014: 4289         	li	t0, 0x2
 1009016: b5d5         	j	0x1008efa <_vfiprintf_r+0x168>
 1009018: 85d6         	mv	a1, s5
 100901a: 855e         	mv	a0, s7
 100901c: 776020ef     	jal	0x100b792 <__swsetup_r>
 1009020: 1c051be3     	bnez	a0, 0x10099f6 <_vfiprintf_r+0xc64>
 1009024: 00ca9783     	lh	a5, 0xc(s5)
 1009028: 4729         	li	a4, 0xa
 100902a: 8be9         	andi	a5, a5, 0x1a
 100902c: dce79be3     	bne	a5, a4, 0x1008e02 <_vfiprintf_r+0x70>
 1009030: 00ea9783     	lh	a5, 0xe(s5)
 1009034: dc07c7e3     	bltz	a5, 0x1008e02 <_vfiprintf_r+0x70>
 1009038: 12c12083     	lw	ra, 0x12c(sp)
 100903c: 10012d03     	lw	s10, 0x100(sp)
 1009040: 86da         	mv	a3, s6
 1009042: 864e         	mv	a2, s3
 1009044: 11012b03     	lw	s6, 0x110(sp)
 1009048: 11c12983     	lw	s3, 0x11c(sp)
 100904c: 85d6         	mv	a1, s5
 100904e: 855e         	mv	a0, s7
 1009050: 11412a83     	lw	s5, 0x114(sp)
 1009054: 10c12b83     	lw	s7, 0x10c(sp)
 1009058: 6155         	addi	sp, sp, 0x130
 100905a: 1b90006f     	j	0x1009a12 <__sbprintf>
 100905e: 41348b33     	sub	s6, s1, s3
 1009062: e13495e3     	bne	s1, s3, 0x1008e6c <_vfiprintf_r+0xda>
 1009066: 0004c783     	lbu	a5, 0x0(s1)
 100906a: b515         	j	0x1008e8e <_vfiprintf_r+0xfc>
 100906c: 0090         	addi	a2, sp, 0x40
 100906e: 85d6         	mv	a1, s5
 1009070: 855e         	mv	a0, s7
 1009072: 8deff0ef     	jal	0x1008150 <__sprint_r>
 1009076: e911         	bnez	a0, 0x100908a <_vfiprintf_r+0x2f8>
 1009078: 8462         	mv	s0, s8
 100907a: b539         	j	0x1008e88 <_vfiprintf_r+0xf6>
 100907c: 0090         	addi	a2, sp, 0x40
 100907e: 85d6         	mv	a1, s5
 1009080: 855e         	mv	a0, s7
 1009082: 8ceff0ef     	jal	0x1008150 <__sprint_r>
 1009086: f00503e3     	beqz	a0, 0x1008f8c <_vfiprintf_r+0x1fa>
 100908a: 8d4a         	mv	s10, s2
 100908c: 00cad783     	lhu	a5, 0xc(s5)
 1009090: 12812403     	lw	s0, 0x128(sp)
 1009094: 12412483     	lw	s1, 0x124(sp)
 1009098: 0407f793     	andi	a5, a5, 0x40
 100909c: 12012903     	lw	s2, 0x120(sp)
 10090a0: 11812a03     	lw	s4, 0x118(sp)
 10090a4: 10812c03     	lw	s8, 0x108(sp)
 10090a8: 10412c83     	lw	s9, 0x104(sp)
 10090ac: 5dfe         	lw	s11, 0xfc(sp)
 10090ae: 140794e3     	bnez	a5, 0x10099f6 <_vfiprintf_r+0xc64>
 10090b2: 12c12083     	lw	ra, 0x12c(sp)
 10090b6: 11c12983     	lw	s3, 0x11c(sp)
 10090ba: 11412a83     	lw	s5, 0x114(sp)
 10090be: 11012b03     	lw	s6, 0x110(sp)
 10090c2: 10c12b83     	lw	s7, 0x10c(sp)
 10090c6: 856a         	mv	a0, s10
 10090c8: 10012d03     	lw	s10, 0x100(sp)
 10090cc: 6155         	addi	sp, sp, 0x130
 10090ce: 8082         	ret
 10090d0: 0090         	addi	a2, sp, 0x40
 10090d2: 85d6         	mv	a1, s5
 10090d4: 855e         	mv	a0, s7
 10090d6: d246         	sw	a7, 0x24(sp)
 10090d8: d072         	sw	t3, 0x20(sp)
 10090da: c842         	sw	a6, 0x10(sp)
 10090dc: c67e         	sw	t6, 0xc(sp)
 10090de: c416         	sw	t0, 0x8(sp)
 10090e0: 870ff0ef     	jal	0x1008150 <__sprint_r>
 10090e4: f15d         	bnez	a0, 0x100908a <_vfiprintf_r+0x2f8>
 10090e6: 4726         	lw	a4, 0x48(sp)
 10090e8: 4796         	lw	a5, 0x44(sp)
 10090ea: 5892         	lw	a7, 0x24(sp)
 10090ec: 5e02         	lw	t3, 0x20(sp)
 10090ee: 4842         	lw	a6, 0x10(sp)
 10090f0: 4fb2         	lw	t6, 0xc(sp)
 10090f2: 42a2         	lw	t0, 0x8(sp)
 10090f4: 8462         	mv	s0, s8
 10090f6: bd25         	j	0x1008f2e <_vfiprintf_r+0x19c>
 10090f8: 01010337     	lui	t1, 0x1010
 10090fc: 4641         	li	a2, 0x10
 10090fe: 4796         	lw	a5, 0x44(sp)
 1009100: d2430313     	addi	t1, t1, -0x2dc
 1009104: 04965563     	bge	a2, s1, 0x100914e <_vfiprintf_r+0x3bc>
 1009108: 86a2         	mv	a3, s0
 100910a: 4dc1         	li	s11, 0x10
 100910c: 481d         	li	a6, 0x7
 100910e: c446         	sw	a7, 0x8(sp)
 1009110: 841a         	mv	s0, t1
 1009112: a021         	j	0x100911a <_vfiprintf_r+0x388>
 1009114: 14c1         	addi	s1, s1, -0x10
 1009116: 029dd963     	bge	s11, s1, 0x1009148 <_vfiprintf_r+0x3b6>
 100911a: 0741         	addi	a4, a4, 0x10
 100911c: 0785         	addi	a5, a5, 0x1
 100911e: c280         	sw	s0, 0x0(a3)
 1009120: 01b6a223     	sw	s11, 0x4(a3)
 1009124: c4ba         	sw	a4, 0x48(sp)
 1009126: c2be         	sw	a5, 0x44(sp)
 1009128: 06a1         	addi	a3, a3, 0x8
 100912a: fef855e3     	bge	a6, a5, 0x1009114 <_vfiprintf_r+0x382>
 100912e: 0090         	addi	a2, sp, 0x40
 1009130: 85d6         	mv	a1, s5
 1009132: 855e         	mv	a0, s7
 1009134: 81cff0ef     	jal	0x1008150 <__sprint_r>
 1009138: f929         	bnez	a0, 0x100908a <_vfiprintf_r+0x2f8>
 100913a: 14c1         	addi	s1, s1, -0x10
 100913c: 4726         	lw	a4, 0x48(sp)
 100913e: 4796         	lw	a5, 0x44(sp)
 1009140: 86e2         	mv	a3, s8
 1009142: 481d         	li	a6, 0x7
 1009144: fc9dcbe3     	blt	s11, s1, 0x100911a <_vfiprintf_r+0x388>
 1009148: 48a2         	lw	a7, 0x8(sp)
 100914a: 8322         	mv	t1, s0
 100914c: 8436         	mv	s0, a3
 100914e: 9726         	add	a4, a4, s1
 1009150: 0785         	addi	a5, a5, 0x1
 1009152: 00642023     	sw	t1, 0x0(s0)
 1009156: c044         	sw	s1, 0x4(s0)
 1009158: c4ba         	sw	a4, 0x48(sp)
 100915a: c2be         	sw	a5, 0x44(sp)
 100915c: 461d         	li	a2, 0x7
 100915e: e2f651e3     	bge	a2, a5, 0x1008f80 <_vfiprintf_r+0x1ee>
 1009162: 0090         	addi	a2, sp, 0x40
 1009164: 85d6         	mv	a1, s5
 1009166: 855e         	mv	a0, s7
 1009168: c446         	sw	a7, 0x8(sp)
 100916a: fe7fe0ef     	jal	0x1008150 <__sprint_r>
 100916e: fd11         	bnez	a0, 0x100908a <_vfiprintf_r+0x2f8>
 1009170: 4726         	lw	a4, 0x48(sp)
 1009172: 48a2         	lw	a7, 0x8(sp)
 1009174: b531         	j	0x1008f80 <_vfiprintf_r+0x1ee>
 1009176: 01087713     	andi	a4, a6, 0x10
 100917a: 000d2783     	lw	a5, 0x0(s10)
 100917e: 0d11         	addi	s10, s10, 0x4
 1009180: e371         	bnez	a4, 0x1009244 <_vfiprintf_r+0x4b2>
 1009182: 04087713     	andi	a4, a6, 0x40
 1009186: cb5d         	beqz	a4, 0x100923c <_vfiprintf_r+0x4aa>
 1009188: 07c2         	slli	a5, a5, 0x10
 100918a: 87c1         	srai	a5, a5, 0x10
 100918c: 41f7d893     	srai	a7, a5, 0x1f
 1009190: 8746         	mv	a4, a7
 1009192: e4075be3     	bgez	a4, 0x1008fe8 <_vfiprintf_r+0x256>
 1009196: 02d00613     	li	a2, 0x2d
 100919a: 00f03733     	snez	a4, a5
 100919e: 411008b3     	neg	a7, a7
 10091a2: 02c10da3     	sb	a2, 0x3b(sp)
 10091a6: 40e888b3     	sub	a7, a7, a4
 10091aa: 40f007b3     	neg	a5, a5
 10091ae: 000dc463     	bltz	s11, 0x10091b6 <_vfiprintf_r+0x424>
 10091b2: f7f87813     	andi	a6, a6, -0x81
 10091b6: 64089263     	bnez	a7, 0x10097fa <_vfiprintf_r+0xa68>
 10091ba: 4725         	li	a4, 0x9
 10091bc: 62f76f63     	bltu	a4, a5, 0x10097fa <_vfiprintf_r+0xa68>
 10091c0: 03078793     	addi	a5, a5, 0x30
 10091c4: 0ff7f793     	andi	a5, a5, 0xff
 10091c8: 0ef107a3     	sb	a5, 0xef(sp)
 10091cc: 88ee         	mv	a7, s11
 10091ce: 01b04363     	bgtz	s11, 0x10091d4 <_vfiprintf_r+0x442>
 10091d2: 4885         	li	a7, 0x1
 10091d4: 4e05         	li	t3, 0x1
 10091d6: 0ef10493     	addi	s1, sp, 0xef
 10091da: 03b14783     	lbu	a5, 0x3b(sp)
 10091de: e20795e3     	bnez	a5, 0x1009008 <_vfiprintf_r+0x276>
 10091e2: b525         	j	0x100900a <_vfiprintf_r+0x278>
 10091e4: 000d2483     	lw	s1, 0x0(s10)
 10091e8: 02010da3     	sb	zero, 0x3b(sp)
 10091ec: 0d11         	addi	s10, s10, 0x4
 10091ee: 70048a63     	beqz	s1, 0x1009902 <_vfiprintf_r+0xb70>
 10091f2: c442         	sw	a6, 0x8(sp)
 10091f4: 5e0dc763     	bltz	s11, 0x10097e2 <_vfiprintf_r+0xa50>
 10091f8: 866e         	mv	a2, s11
 10091fa: 4581         	li	a1, 0x0
 10091fc: 8526         	mv	a0, s1
 10091fe: 77c020ef     	jal	0x100b97a <memchr>
 1009202: 4822         	lw	a6, 0x8(sp)
 1009204: 8e6e         	mv	t3, s11
 1009206: c119         	beqz	a0, 0x100920c <_vfiprintf_r+0x47a>
 1009208: 40950e33     	sub	t3, a0, s1
 100920c: 03b14783     	lbu	a5, 0x3b(sp)
 1009210: fffe4893     	not	a7, t3
 1009214: 41f8d893     	srai	a7, a7, 0x1f
 1009218: 011e78b3     	and	a7, t3, a7
 100921c: 4d81         	li	s11, 0x0
 100921e: 4281         	li	t0, 0x0
 1009220: de0794e3     	bnez	a5, 0x1009008 <_vfiprintf_r+0x276>
 1009224: b9d9         	j	0x1008efa <_vfiprintf_r+0x168>
 1009226: 000d2783     	lw	a5, 0x0(s10)
 100922a: 02010da3     	sb	zero, 0x3b(sp)
 100922e: 0d11         	addi	s10, s10, 0x4
 1009230: 08f10623     	sb	a5, 0x8c(sp)
 1009234: 4885         	li	a7, 0x1
 1009236: 4e05         	li	t3, 0x1
 1009238: 0164         	addi	s1, sp, 0x8c
 100923a: b975         	j	0x1008ef6 <_vfiprintf_r+0x164>
 100923c: 20087713     	andi	a4, a6, 0x200
 1009240: 78071563     	bnez	a4, 0x10099ca <_vfiprintf_r+0xc38>
 1009244: 41f7d893     	srai	a7, a5, 0x1f
 1009248: 8746         	mv	a4, a7
 100924a: bb69         	j	0x1008fe4 <_vfiprintf_r+0x252>
 100924c: 41600b33     	neg	s6, s6
 1009250: 0009c783     	lbu	a5, 0x0(s3)
 1009254: 00486813     	ori	a6, a6, 0x4
 1009258: b981         	j	0x1008ea8 <_vfiprintf_r+0x116>
 100925a: 02b00713     	li	a4, 0x2b
 100925e: 0009c783     	lbu	a5, 0x0(s3)
 1009262: 02e10da3     	sb	a4, 0x3b(sp)
 1009266: b189         	j	0x1008ea8 <_vfiprintf_r+0x116>
 1009268: 0009c783     	lbu	a5, 0x0(s3)
 100926c: 08086813     	ori	a6, a6, 0x80
 1009270: b925         	j	0x1008ea8 <_vfiprintf_r+0x116>
 1009272: 0009c603     	lbu	a2, 0x0(s3)
 1009276: 02a00793     	li	a5, 0x2a
 100927a: 00198693     	addi	a3, s3, 0x1
 100927e: 76f60f63     	beq	a2, a5, 0x10099fc <_vfiprintf_r+0xc6a>
 1009282: fd060793     	addi	a5, a2, -0x30
 1009286: 4725         	li	a4, 0x9
 1009288: 4d81         	li	s11, 0x0
 100928a: 45a5         	li	a1, 0x9
 100928c: 02f76063     	bltu	a4, a5, 0x10092ac <_vfiprintf_r+0x51a>
 1009290: 0006c603     	lbu	a2, 0x0(a3)
 1009294: 002d9713     	slli	a4, s11, 0x2
 1009298: 9dba         	add	s11, s11, a4
 100929a: 0d86         	slli	s11, s11, 0x1
 100929c: 9dbe         	add	s11, s11, a5
 100929e: fd060793     	addi	a5, a2, -0x30
 10092a2: 0685         	addi	a3, a3, 0x1
 10092a4: fef5f6e3     	bgeu	a1, a5, 0x1009290 <_vfiprintf_r+0x4fe>
 10092a8: 4a0dcf63     	bltz	s11, 0x1009766 <_vfiprintf_r+0x9d4>
 10092ac: 89b6         	mv	s3, a3
 10092ae: befd         	j	0x1008eac <_vfiprintf_r+0x11a>
 10092b0: 855e         	mv	a0, s7
 10092b2: c442         	sw	a6, 0x8(sp)
 10092b4: 095020ef     	jal	0x100bb48 <_localeconv_r>
 10092b8: 415c         	lw	a5, 0x4(a0)
 10092ba: 853e         	mv	a0, a5
 10092bc: ce3e         	sw	a5, 0x1c(sp)
 10092be: 5d3020ef     	jal	0x100c090 <strlen>
 10092c2: 87aa         	mv	a5, a0
 10092c4: 855e         	mv	a0, s7
 10092c6: cc3e         	sw	a5, 0x18(sp)
 10092c8: 081020ef     	jal	0x100bb48 <_localeconv_r>
 10092cc: 4518         	lw	a4, 0x8(a0)
 10092ce: 47e2         	lw	a5, 0x18(sp)
 10092d0: 4822         	lw	a6, 0x8(sp)
 10092d2: ca3a         	sw	a4, 0x14(sp)
 10092d4: ce0781e3     	beqz	a5, 0x1008fb6 <_vfiprintf_r+0x224>
 10092d8: 4752         	lw	a4, 0x14(sp)
 10092da: 0009c783     	lbu	a5, 0x0(s3)
 10092de: bc0705e3     	beqz	a4, 0x1008ea8 <_vfiprintf_r+0x116>
 10092e2: 00074703     	lbu	a4, 0x0(a4)
 10092e6: bc0701e3     	beqz	a4, 0x1008ea8 <_vfiprintf_r+0x116>
 10092ea: 40086813     	ori	a6, a6, 0x400
 10092ee: be6d         	j	0x1008ea8 <_vfiprintf_r+0x116>
 10092f0: 0009c783     	lbu	a5, 0x0(s3)
 10092f4: 00186813     	ori	a6, a6, 0x1
 10092f8: be45         	j	0x1008ea8 <_vfiprintf_r+0x116>
 10092fa: 03b14703     	lbu	a4, 0x3b(sp)
 10092fe: 0009c783     	lbu	a5, 0x0(s3)
 1009302: ba0713e3     	bnez	a4, 0x1008ea8 <_vfiprintf_r+0x116>
 1009306: 02000713     	li	a4, 0x20
 100930a: 02e10da3     	sb	a4, 0x3b(sp)
 100930e: be69         	j	0x1008ea8 <_vfiprintf_r+0x116>
 1009310: 01086713     	ori	a4, a6, 0x10
 1009314: 02077793     	andi	a5, a4, 0x20
 1009318: 40078463     	beqz	a5, 0x1009720 <_vfiprintf_r+0x98e>
 100931c: 0d1d         	addi	s10, s10, 0x7
 100931e: ff8d7d13     	andi	s10, s10, -0x8
 1009322: 000d2783     	lw	a5, 0x0(s10)
 1009326: 004d2583     	lw	a1, 0x4(s10)
 100932a: 0d21         	addi	s10, s10, 0x8
 100932c: 02010da3     	sb	zero, 0x3b(sp)
 1009330: bff77813     	andi	a6, a4, -0x401
 1009334: 0a0dc163     	bltz	s11, 0x10093d6 <_vfiprintf_r+0x644>
 1009338: 00b7e633     	or	a2, a5, a1
 100933c: b7f77713     	andi	a4, a4, -0x481
 1009340: 58061363     	bnez	a2, 0x10098c6 <_vfiprintf_r+0xb34>
 1009344: 8e42         	mv	t3, a6
 1009346: 4781         	li	a5, 0x0
 1009348: 883a         	mv	a6, a4
 100934a: 060d9e63     	bnez	s11, 0x10093c6 <_vfiprintf_r+0x634>
 100934e: ca0797e3     	bnez	a5, 0x1008ffc <_vfiprintf_r+0x26a>
 1009352: 001e7e13     	andi	t3, t3, 0x1
 1009356: 3e0e0863     	beqz	t3, 0x1009746 <_vfiprintf_r+0x9b4>
 100935a: 03000793     	li	a5, 0x30
 100935e: 0ef107a3     	sb	a5, 0xef(sp)
 1009362: 88f2         	mv	a7, t3
 1009364: 0ef10493     	addi	s1, sp, 0xef
 1009368: bd8d         	j	0x10091da <_vfiprintf_r+0x448>
 100936a: 0009c783     	lbu	a5, 0x0(s3)
 100936e: 06c00713     	li	a4, 0x6c
 1009372: 56e78a63     	beq	a5, a4, 0x10098e6 <_vfiprintf_r+0xb54>
 1009376: 01086813     	ori	a6, a6, 0x10
 100937a: b63d         	j	0x1008ea8 <_vfiprintf_r+0x116>
 100937c: 0009c783     	lbu	a5, 0x0(s3)
 1009380: 06800713     	li	a4, 0x68
 1009384: 54e78a63     	beq	a5, a4, 0x10098d8 <_vfiprintf_r+0xb46>
 1009388: 04086813     	ori	a6, a6, 0x40
 100938c: be31         	j	0x1008ea8 <_vfiprintf_r+0x116>
 100938e: 01086e13     	ori	t3, a6, 0x10
 1009392: 020e7793     	andi	a5, t3, 0x20
 1009396: 36078763     	beqz	a5, 0x1009704 <_vfiprintf_r+0x972>
 100939a: 0d1d         	addi	s10, s10, 0x7
 100939c: ff8d7d13     	andi	s10, s10, -0x8
 10093a0: 000d2783     	lw	a5, 0x0(s10)
 10093a4: 004d2883     	lw	a7, 0x4(s10)
 10093a8: 0d21         	addi	s10, s10, 0x8
 10093aa: 02010da3     	sb	zero, 0x3b(sp)
 10093ae: 8872         	mv	a6, t3
 10093b0: e00dc3e3     	bltz	s11, 0x10091b6 <_vfiprintf_r+0x424>
 10093b4: 0117e733     	or	a4, a5, a7
 10093b8: f7fe7813     	andi	a6, t3, -0x81
 10093bc: de071de3     	bnez	a4, 0x10091b6 <_vfiprintf_r+0x424>
 10093c0: 4785         	li	a5, 0x1
 10093c2: f80d86e3     	beqz	s11, 0x100934e <_vfiprintf_r+0x5bc>
 10093c6: 4705         	li	a4, 0x1
 10093c8: 62e78363     	beq	a5, a4, 0x10099ee <_vfiprintf_r+0xc5c>
 10093cc: 4709         	li	a4, 0x2
 10093ce: 54e78d63     	beq	a5, a4, 0x1009928 <_vfiprintf_r+0xb96>
 10093d2: 4781         	li	a5, 0x0
 10093d4: 4581         	li	a1, 0x0
 10093d6: 1984         	addi	s1, sp, 0xf0
 10093d8: 01d59693     	slli	a3, a1, 0x1d
 10093dc: 0077f713     	andi	a4, a5, 0x7
 10093e0: 838d         	srli	a5, a5, 0x3
 10093e2: 03070713     	addi	a4, a4, 0x30
 10093e6: 8fd5         	or	a5, a5, a3
 10093e8: 818d         	srli	a1, a1, 0x3
 10093ea: fee48fa3     	sb	a4, -0x1(s1)
 10093ee: 00b7e6b3     	or	a3, a5, a1
 10093f2: 8526         	mv	a0, s1
 10093f4: 14fd         	addi	s1, s1, -0x1
 10093f6: f2ed         	bnez	a3, 0x10093d8 <_vfiprintf_r+0x646>
 10093f8: 00187793     	andi	a5, a6, 0x1
 10093fc: 20078e63     	beqz	a5, 0x1009618 <_vfiprintf_r+0x886>
 1009400: 03000793     	li	a5, 0x30
 1009404: 20f70a63     	beq	a4, a5, 0x1009618 <_vfiprintf_r+0x886>
 1009408: 1579         	addi	a0, a0, -0x2
 100940a: fef48fa3     	sb	a5, -0x1(s1)
 100940e: 199c         	addi	a5, sp, 0xf0
 1009410: 40a78e33     	sub	t3, a5, a0
 1009414: 88ee         	mv	a7, s11
 1009416: 35cdc563     	blt	s11, t3, 0x1009760 <_vfiprintf_r+0x9ce>
 100941a: 84aa         	mv	s1, a0
 100941c: bb7d         	j	0x10091da <_vfiprintf_r+0x448>
 100941e: 6721         	lui	a4, 0x8
 1009420: 83070713     	addi	a4, a4, -0x7d0
 1009424: 02e11e23     	sh	a4, 0x3c(sp)
 1009428: 01010737     	lui	a4, 0x1010
 100942c: 8fc70713     	addi	a4, a4, -0x704
 1009430: 000d2783     	lw	a5, 0x0(s10)
 1009434: 4581         	li	a1, 0x0
 1009436: 00286813     	ori	a6, a6, 0x2
 100943a: 0d11         	addi	s10, s10, 0x4
 100943c: c23a         	sw	a4, 0x4(sp)
 100943e: 02010da3     	sb	zero, 0x3b(sp)
 1009442: 1a0dc963     	bltz	s11, 0x10095f4 <_vfiprintf_r+0x862>
 1009446: 00b7e733     	or	a4, a5, a1
 100944a: f7f87613     	andi	a2, a6, -0x81
 100944e: 18071f63     	bnez	a4, 0x10095ec <_vfiprintf_r+0x85a>
 1009452: 8e42         	mv	t3, a6
 1009454: 4789         	li	a5, 0x2
 1009456: 8832         	mv	a6, a2
 1009458: bdcd         	j	0x100934a <_vfiprintf_r+0x5b8>
 100945a: 02087793     	andi	a5, a6, 0x20
 100945e: 2e079763     	bnez	a5, 0x100974c <_vfiprintf_r+0x9ba>
 1009462: 01087793     	andi	a5, a6, 0x10
 1009466: 48079763     	bnez	a5, 0x10098f4 <_vfiprintf_r+0xb62>
 100946a: 04087793     	andi	a5, a6, 0x40
 100946e: 56079563     	bnez	a5, 0x10099d8 <_vfiprintf_r+0xc46>
 1009472: 20087813     	andi	a6, a6, 0x200
 1009476: 46080f63     	beqz	a6, 0x10098f4 <_vfiprintf_r+0xb62>
 100947a: 000d2783     	lw	a5, 0x0(s10)
 100947e: 0d11         	addi	s10, s10, 0x4
 1009480: 01278023     	sb	s2, 0x0(a5)
 1009484: b2d9         	j	0x1008e4a <_vfiprintf_r+0xb8>
 1009486: 411b0333     	sub	t1, s6, a7
 100948a: ac6054e3     	blez	t1, 0x1008f52 <_vfiprintf_r+0x1c0>
 100948e: 01010f37     	lui	t5, 0x1010
 1009492: 4641         	li	a2, 0x10
 1009494: d14f0f13     	addi	t5, t5, -0x2ec
 1009498: 04665f63     	bge	a2, t1, 0x10094f6 <_vfiprintf_r+0x764>
 100949c: c426         	sw	s1, 0x8(sp)
 100949e: 86a2         	mv	a3, s0
 10094a0: 4ec1         	li	t4, 0x10
 10094a2: 4f9d         	li	t6, 0x7
 10094a4: c642         	sw	a6, 0xc(sp)
 10094a6: c872         	sw	t3, 0x10(sp)
 10094a8: 841a         	mv	s0, t1
 10094aa: d046         	sw	a7, 0x20(sp)
 10094ac: 84fa         	mv	s1, t5
 10094ae: a021         	j	0x10094b6 <_vfiprintf_r+0x724>
 10094b0: 1441         	addi	s0, s0, -0x10
 10094b2: 028edb63     	bge	t4, s0, 0x10094e8 <_vfiprintf_r+0x756>
 10094b6: 0741         	addi	a4, a4, 0x10
 10094b8: 0785         	addi	a5, a5, 0x1
 10094ba: c284         	sw	s1, 0x0(a3)
 10094bc: 01d6a223     	sw	t4, 0x4(a3)
 10094c0: c4ba         	sw	a4, 0x48(sp)
 10094c2: c2be         	sw	a5, 0x44(sp)
 10094c4: 06a1         	addi	a3, a3, 0x8
 10094c6: feffd5e3     	bge	t6, a5, 0x10094b0 <_vfiprintf_r+0x71e>
 10094ca: 0090         	addi	a2, sp, 0x40
 10094cc: 85d6         	mv	a1, s5
 10094ce: 855e         	mv	a0, s7
 10094d0: c81fe0ef     	jal	0x1008150 <__sprint_r>
 10094d4: ba051be3     	bnez	a0, 0x100908a <_vfiprintf_r+0x2f8>
 10094d8: 4ec1         	li	t4, 0x10
 10094da: 1441         	addi	s0, s0, -0x10
 10094dc: 4726         	lw	a4, 0x48(sp)
 10094de: 4796         	lw	a5, 0x44(sp)
 10094e0: 86e2         	mv	a3, s8
 10094e2: 4f9d         	li	t6, 0x7
 10094e4: fc8ec9e3     	blt	t4, s0, 0x10094b6 <_vfiprintf_r+0x724>
 10094e8: 8f26         	mv	t5, s1
 10094ea: 4832         	lw	a6, 0xc(sp)
 10094ec: 4e42         	lw	t3, 0x10(sp)
 10094ee: 5882         	lw	a7, 0x20(sp)
 10094f0: 44a2         	lw	s1, 0x8(sp)
 10094f2: 8322         	mv	t1, s0
 10094f4: 8436         	mv	s0, a3
 10094f6: 971a         	add	a4, a4, t1
 10094f8: 0785         	addi	a5, a5, 0x1
 10094fa: 01e42023     	sw	t5, 0x0(s0)
 10094fe: 00642223     	sw	t1, 0x4(s0)
 1009502: c4ba         	sw	a4, 0x48(sp)
 1009504: c2be         	sw	a5, 0x44(sp)
 1009506: 461d         	li	a2, 0x7
 1009508: 0421         	addi	s0, s0, 0x8
 100950a: a4f654e3     	bge	a2, a5, 0x1008f52 <_vfiprintf_r+0x1c0>
 100950e: 0090         	addi	a2, sp, 0x40
 1009510: 85d6         	mv	a1, s5
 1009512: 855e         	mv	a0, s7
 1009514: c846         	sw	a7, 0x10(sp)
 1009516: c672         	sw	t3, 0xc(sp)
 1009518: c442         	sw	a6, 0x8(sp)
 100951a: c37fe0ef     	jal	0x1008150 <__sprint_r>
 100951e: b60516e3     	bnez	a0, 0x100908a <_vfiprintf_r+0x2f8>
 1009522: 4e32         	lw	t3, 0xc(sp)
 1009524: 4726         	lw	a4, 0x48(sp)
 1009526: 4796         	lw	a5, 0x44(sp)
 1009528: 41cd8db3     	sub	s11, s11, t3
 100952c: 48c2         	lw	a7, 0x10(sp)
 100952e: 4822         	lw	a6, 0x8(sp)
 1009530: 8462         	mv	s0, s8
 1009532: a3b054e3     	blez	s11, 0x1008f5a <_vfiprintf_r+0x1c8>
 1009536: 01010f37     	lui	t5, 0x1010
 100953a: d14f0f13     	addi	t5, t5, -0x2ec
 100953e: 05ba5c63     	bge	s4, s11, 0x1009596 <_vfiprintf_r+0x804>
 1009542: 86a2         	mv	a3, s0
 1009544: 431d         	li	t1, 0x7
 1009546: 846e         	mv	s0, s11
 1009548: c442         	sw	a6, 0x8(sp)
 100954a: c672         	sw	t3, 0xc(sp)
 100954c: c846         	sw	a7, 0x10(sp)
 100954e: 8de6         	mv	s11, s9
 1009550: a021         	j	0x1009558 <_vfiprintf_r+0x7c6>
 1009552: 1441         	addi	s0, s0, -0x10
 1009554: 028a5b63     	bge	s4, s0, 0x100958a <_vfiprintf_r+0x7f8>
 1009558: 0741         	addi	a4, a4, 0x10
 100955a: 0785         	addi	a5, a5, 0x1
 100955c: 0196a023     	sw	s9, 0x0(a3)
 1009560: 0146a223     	sw	s4, 0x4(a3)
 1009564: c4ba         	sw	a4, 0x48(sp)
 1009566: c2be         	sw	a5, 0x44(sp)
 1009568: 06a1         	addi	a3, a3, 0x8
 100956a: fef354e3     	bge	t1, a5, 0x1009552 <_vfiprintf_r+0x7c0>
 100956e: 0090         	addi	a2, sp, 0x40
 1009570: 85d6         	mv	a1, s5
 1009572: 855e         	mv	a0, s7
 1009574: bddfe0ef     	jal	0x1008150 <__sprint_r>
 1009578: b00519e3     	bnez	a0, 0x100908a <_vfiprintf_r+0x2f8>
 100957c: 1441         	addi	s0, s0, -0x10
 100957e: 4726         	lw	a4, 0x48(sp)
 1009580: 4796         	lw	a5, 0x44(sp)
 1009582: 86e2         	mv	a3, s8
 1009584: 431d         	li	t1, 0x7
 1009586: fc8a49e3     	blt	s4, s0, 0x1009558 <_vfiprintf_r+0x7c6>
 100958a: 4822         	lw	a6, 0x8(sp)
 100958c: 4e32         	lw	t3, 0xc(sp)
 100958e: 48c2         	lw	a7, 0x10(sp)
 1009590: 8f6e         	mv	t5, s11
 1009592: 8da2         	mv	s11, s0
 1009594: 8436         	mv	s0, a3
 1009596: 976e         	add	a4, a4, s11
 1009598: 0785         	addi	a5, a5, 0x1
 100959a: 01e42023     	sw	t5, 0x0(s0)
 100959e: 01b42223     	sw	s11, 0x4(s0)
 10095a2: c4ba         	sw	a4, 0x48(sp)
 10095a4: c2be         	sw	a5, 0x44(sp)
 10095a6: 461d         	li	a2, 0x7
 10095a8: 0421         	addi	s0, s0, 0x8
 10095aa: 9af658e3     	bge	a2, a5, 0x1008f5a <_vfiprintf_r+0x1c8>
 10095ae: 0090         	addi	a2, sp, 0x40
 10095b0: 85d6         	mv	a1, s5
 10095b2: 855e         	mv	a0, s7
 10095b4: c846         	sw	a7, 0x10(sp)
 10095b6: c672         	sw	t3, 0xc(sp)
 10095b8: c442         	sw	a6, 0x8(sp)
 10095ba: b97fe0ef     	jal	0x1008150 <__sprint_r>
 10095be: ac0516e3     	bnez	a0, 0x100908a <_vfiprintf_r+0x2f8>
 10095c2: 4726         	lw	a4, 0x48(sp)
 10095c4: 4796         	lw	a5, 0x44(sp)
 10095c6: 48c2         	lw	a7, 0x10(sp)
 10095c8: 4e32         	lw	t3, 0xc(sp)
 10095ca: 4822         	lw	a6, 0x8(sp)
 10095cc: 8462         	mv	s0, s8
 10095ce: b271         	j	0x1008f5a <_vfiprintf_r+0x1c8>
 10095d0: 0090         	addi	a2, sp, 0x40
 10095d2: 85d6         	mv	a1, s5
 10095d4: 855e         	mv	a0, s7
 10095d6: c646         	sw	a7, 0xc(sp)
 10095d8: c442         	sw	a6, 0x8(sp)
 10095da: b77fe0ef     	jal	0x1008150 <__sprint_r>
 10095de: aa0516e3     	bnez	a0, 0x100908a <_vfiprintf_r+0x2f8>
 10095e2: 4726         	lw	a4, 0x48(sp)
 10095e4: 48b2         	lw	a7, 0xc(sp)
 10095e6: 4822         	lw	a6, 0x8(sp)
 10095e8: 8462         	mv	s0, s8
 10095ea: b259         	j	0x1008f70 <_vfiprintf_r+0x1de>
 10095ec: 4709         	li	a4, 0x2
 10095ee: 8832         	mv	a6, a2
 10095f0: de0703e3     	beqz	a4, 0x10093d6 <_vfiprintf_r+0x644>
 10095f4: 4612         	lw	a2, 0x4(sp)
 10095f6: 1984         	addi	s1, sp, 0xf0
 10095f8: 00f7f713     	andi	a4, a5, 0xf
 10095fc: 9732         	add	a4, a4, a2
 10095fe: 00074683     	lbu	a3, 0x0(a4)
 1009602: 8391         	srli	a5, a5, 0x4
 1009604: 01c59713     	slli	a4, a1, 0x1c
 1009608: 8fd9         	or	a5, a5, a4
 100960a: 8191         	srli	a1, a1, 0x4
 100960c: fed48fa3     	sb	a3, -0x1(s1)
 1009610: 00b7e733     	or	a4, a5, a1
 1009614: 14fd         	addi	s1, s1, -0x1
 1009616: f36d         	bnez	a4, 0x10095f8 <_vfiprintf_r+0x866>
 1009618: 199c         	addi	a5, sp, 0xf0
 100961a: 40978e33     	sub	t3, a5, s1
 100961e: 88ee         	mv	a7, s11
 1009620: bbcddde3     	bge	s11, t3, 0x10091da <_vfiprintf_r+0x448>
 1009624: 88f2         	mv	a7, t3
 1009626: be55         	j	0x10091da <_vfiprintf_r+0x448>
 1009628: 01010337     	lui	t1, 0x1010
 100962c: 4641         	li	a2, 0x10
 100962e: d2430313     	addi	t1, t1, -0x2dc
 1009632: 07d65363     	bge	a2, t4, 0x1009698 <_vfiprintf_r+0x906>
 1009636: c826         	sw	s1, 0x10(sp)
 1009638: 86a2         	mv	a3, s0
 100963a: 4f41         	li	t5, 0x10
 100963c: 439d         	li	t2, 0x7
 100963e: c416         	sw	t0, 0x8(sp)
 1009640: c67e         	sw	t6, 0xc(sp)
 1009642: d042         	sw	a6, 0x20(sp)
 1009644: d272         	sw	t3, 0x24(sp)
 1009646: 8476         	mv	s0, t4
 1009648: d446         	sw	a7, 0x28(sp)
 100964a: 849a         	mv	s1, t1
 100964c: a021         	j	0x1009654 <_vfiprintf_r+0x8c2>
 100964e: 1441         	addi	s0, s0, -0x10
 1009650: 028f5b63     	bge	t5, s0, 0x1009686 <_vfiprintf_r+0x8f4>
 1009654: 0741         	addi	a4, a4, 0x10
 1009656: 0785         	addi	a5, a5, 0x1
 1009658: c284         	sw	s1, 0x0(a3)
 100965a: 01e6a223     	sw	t5, 0x4(a3)
 100965e: c4ba         	sw	a4, 0x48(sp)
 1009660: c2be         	sw	a5, 0x44(sp)
 1009662: 06a1         	addi	a3, a3, 0x8
 1009664: fef3d5e3     	bge	t2, a5, 0x100964e <_vfiprintf_r+0x8bc>
 1009668: 0090         	addi	a2, sp, 0x40
 100966a: 85d6         	mv	a1, s5
 100966c: 855e         	mv	a0, s7
 100966e: ae3fe0ef     	jal	0x1008150 <__sprint_r>
 1009672: a0051ce3     	bnez	a0, 0x100908a <_vfiprintf_r+0x2f8>
 1009676: 4f41         	li	t5, 0x10
 1009678: 1441         	addi	s0, s0, -0x10
 100967a: 4726         	lw	a4, 0x48(sp)
 100967c: 4796         	lw	a5, 0x44(sp)
 100967e: 86e2         	mv	a3, s8
 1009680: 439d         	li	t2, 0x7
 1009682: fc8f49e3     	blt	t5, s0, 0x1009654 <_vfiprintf_r+0x8c2>
 1009686: 8326         	mv	t1, s1
 1009688: 42a2         	lw	t0, 0x8(sp)
 100968a: 4fb2         	lw	t6, 0xc(sp)
 100968c: 5802         	lw	a6, 0x20(sp)
 100968e: 5e12         	lw	t3, 0x24(sp)
 1009690: 58a2         	lw	a7, 0x28(sp)
 1009692: 44c2         	lw	s1, 0x10(sp)
 1009694: 8ea2         	mv	t4, s0
 1009696: 8436         	mv	s0, a3
 1009698: 9776         	add	a4, a4, t4
 100969a: 0785         	addi	a5, a5, 0x1
 100969c: 00642023     	sw	t1, 0x0(s0)
 10096a0: 01d42223     	sw	t4, 0x4(s0)
 10096a4: c4ba         	sw	a4, 0x48(sp)
 10096a6: c2be         	sw	a5, 0x44(sp)
 10096a8: 461d         	li	a2, 0x7
 10096aa: 0421         	addi	s0, s0, 0x8
 10096ac: 86f651e3     	bge	a2, a5, 0x1008f0e <_vfiprintf_r+0x17c>
 10096b0: 0090         	addi	a2, sp, 0x40
 10096b2: 85d6         	mv	a1, s5
 10096b4: 855e         	mv	a0, s7
 10096b6: d246         	sw	a7, 0x24(sp)
 10096b8: d072         	sw	t3, 0x20(sp)
 10096ba: c842         	sw	a6, 0x10(sp)
 10096bc: c67e         	sw	t6, 0xc(sp)
 10096be: c416         	sw	t0, 0x8(sp)
 10096c0: a91fe0ef     	jal	0x1008150 <__sprint_r>
 10096c4: 9c0513e3     	bnez	a0, 0x100908a <_vfiprintf_r+0x2f8>
 10096c8: 4726         	lw	a4, 0x48(sp)
 10096ca: 4796         	lw	a5, 0x44(sp)
 10096cc: 5892         	lw	a7, 0x24(sp)
 10096ce: 5e02         	lw	t3, 0x20(sp)
 10096d0: 4842         	lw	a6, 0x10(sp)
 10096d2: 4fb2         	lw	t6, 0xc(sp)
 10096d4: 42a2         	lw	t0, 0x8(sp)
 10096d6: 8462         	mv	s0, s8
 10096d8: 837ff06f     	j	0x1008f0e <_vfiprintf_r+0x17c>
 10096dc: 0090         	addi	a2, sp, 0x40
 10096de: 85d6         	mv	a1, s5
 10096e0: 855e         	mv	a0, s7
 10096e2: d046         	sw	a7, 0x20(sp)
 10096e4: c872         	sw	t3, 0x10(sp)
 10096e6: c642         	sw	a6, 0xc(sp)
 10096e8: c47e         	sw	t6, 0x8(sp)
 10096ea: a67fe0ef     	jal	0x1008150 <__sprint_r>
 10096ee: 98051ee3     	bnez	a0, 0x100908a <_vfiprintf_r+0x2f8>
 10096f2: 4726         	lw	a4, 0x48(sp)
 10096f4: 4796         	lw	a5, 0x44(sp)
 10096f6: 5882         	lw	a7, 0x20(sp)
 10096f8: 4e42         	lw	t3, 0x10(sp)
 10096fa: 4832         	lw	a6, 0xc(sp)
 10096fc: 4fa2         	lw	t6, 0x8(sp)
 10096fe: 8462         	mv	s0, s8
 1009700: 84bff06f     	j	0x1008f4a <_vfiprintf_r+0x1b8>
 1009704: 010e7713     	andi	a4, t3, 0x10
 1009708: 000d2783     	lw	a5, 0x0(s10)
 100970c: 0d11         	addi	s10, s10, 0x4
 100970e: e719         	bnez	a4, 0x100971c <_vfiprintf_r+0x98a>
 1009710: 040e7713     	andi	a4, t3, 0x40
 1009714: 20070263     	beqz	a4, 0x1009918 <_vfiprintf_r+0xb86>
 1009718: 07c2         	slli	a5, a5, 0x10
 100971a: 83c1         	srli	a5, a5, 0x10
 100971c: 4881         	li	a7, 0x0
 100971e: b171         	j	0x10093aa <_vfiprintf_r+0x618>
 1009720: 01077613     	andi	a2, a4, 0x10
 1009724: 000d2783     	lw	a5, 0x0(s10)
 1009728: 0d11         	addi	s10, s10, 0x4
 100972a: ee01         	bnez	a2, 0x1009742 <_vfiprintf_r+0x9b0>
 100972c: 04077613     	andi	a2, a4, 0x40
 1009730: c609         	beqz	a2, 0x100973a <_vfiprintf_r+0x9a8>
 1009732: 07c2         	slli	a5, a5, 0x10
 1009734: 83c1         	srli	a5, a5, 0x10
 1009736: 4581         	li	a1, 0x0
 1009738: bed5         	j	0x100932c <_vfiprintf_r+0x59a>
 100973a: 20077613     	andi	a2, a4, 0x200
 100973e: 2a061463     	bnez	a2, 0x10099e6 <_vfiprintf_r+0xc54>
 1009742: 4581         	li	a1, 0x0
 1009744: b6e5         	j	0x100932c <_vfiprintf_r+0x59a>
 1009746: 4881         	li	a7, 0x0
 1009748: 1984         	addi	s1, sp, 0xf0
 100974a: bc41         	j	0x10091da <_vfiprintf_r+0x448>
 100974c: 000d2783     	lw	a5, 0x0(s10)
 1009750: 41f95713     	srai	a4, s2, 0x1f
 1009754: 0d11         	addi	s10, s10, 0x4
 1009756: 0127a023     	sw	s2, 0x0(a5)
 100975a: c3d8         	sw	a4, 0x4(a5)
 100975c: eeeff06f     	j	0x1008e4a <_vfiprintf_r+0xb8>
 1009760: 88f2         	mv	a7, t3
 1009762: 84aa         	mv	s1, a0
 1009764: bc9d         	j	0x10091da <_vfiprintf_r+0x448>
 1009766: 5dfd         	li	s11, -0x1
 1009768: 89b6         	mv	s3, a3
 100976a: f42ff06f     	j	0x1008eac <_vfiprintf_r+0x11a>
 100976e: 8e42         	mv	t3, a6
 1009770: b10d         	j	0x1009392 <_vfiprintf_r+0x600>
 1009772: 8742         	mv	a4, a6
 1009774: b645         	j	0x1009314 <_vfiprintf_r+0x582>
 1009776: 010107b7     	lui	a5, 0x1010
 100977a: 87c78793     	addi	a5, a5, -0x784
 100977e: c23e         	sw	a5, 0x4(sp)
 1009780: 02087793     	andi	a5, a6, 0x20
 1009784: c3b1         	beqz	a5, 0x10097c8 <_vfiprintf_r+0xa36>
 1009786: 0d1d         	addi	s10, s10, 0x7
 1009788: ff8d7d13     	andi	s10, s10, -0x8
 100978c: 000d2783     	lw	a5, 0x0(s10)
 1009790: 004d2583     	lw	a1, 0x4(s10)
 1009794: 0d21         	addi	s10, s10, 0x8
 1009796: 00187713     	andi	a4, a6, 0x1
 100979a: cf01         	beqz	a4, 0x10097b2 <_vfiprintf_r+0xa20>
 100979c: 00b7e733     	or	a4, a5, a1
 10097a0: cb09         	beqz	a4, 0x10097b2 <_vfiprintf_r+0xa20>
 10097a2: 03000713     	li	a4, 0x30
 10097a6: 02e10e23     	sb	a4, 0x3c(sp)
 10097aa: 02c10ea3     	sb	a2, 0x3d(sp)
 10097ae: 00286813     	ori	a6, a6, 0x2
 10097b2: bff87813     	andi	a6, a6, -0x401
 10097b6: b161         	j	0x100943e <_vfiprintf_r+0x6ac>
 10097b8: 010107b7     	lui	a5, 0x1010
 10097bc: 8fc78793     	addi	a5, a5, -0x704
 10097c0: c23e         	sw	a5, 0x4(sp)
 10097c2: 02087793     	andi	a5, a6, 0x20
 10097c6: f3e1         	bnez	a5, 0x1009786 <_vfiprintf_r+0x9f4>
 10097c8: 01087713     	andi	a4, a6, 0x10
 10097cc: 000d2783     	lw	a5, 0x0(s10)
 10097d0: 0d11         	addi	s10, s10, 0x4
 10097d2: e315         	bnez	a4, 0x10097f6 <_vfiprintf_r+0xa64>
 10097d4: 04087713     	andi	a4, a6, 0x40
 10097d8: cb19         	beqz	a4, 0x10097ee <_vfiprintf_r+0xa5c>
 10097da: 07c2         	slli	a5, a5, 0x10
 10097dc: 83c1         	srli	a5, a5, 0x10
 10097de: 4581         	li	a1, 0x0
 10097e0: bf5d         	j	0x1009796 <_vfiprintf_r+0xa04>
 10097e2: 8526         	mv	a0, s1
 10097e4: 0ad020ef     	jal	0x100c090 <strlen>
 10097e8: 4822         	lw	a6, 0x8(sp)
 10097ea: 8e2a         	mv	t3, a0
 10097ec: b405         	j	0x100920c <_vfiprintf_r+0x47a>
 10097ee: 20087713     	andi	a4, a6, 0x200
 10097f2: 1c071863     	bnez	a4, 0x10099c2 <_vfiprintf_r+0xc30>
 10097f6: 4581         	li	a1, 0x0
 10097f8: bf79         	j	0x1009796 <_vfiprintf_r+0xa04>
 10097fa: ccccdf37     	lui	t5, 0xccccd
 10097fe: ccccdfb7     	lui	t6, 0xccccd
 1009802: 42d2         	lw	t0, 0x14(sp)
 1009804: 40087e13     	andi	t3, a6, 0x400
 1009808: 4581         	li	a1, 0x0
 100980a: 1988         	addi	a0, sp, 0xf0
 100980c: 4315         	li	t1, 0x5
 100980e: ccdf0f13     	addi	t5, t5, -0x333
 1009812: cccf8f93     	addi	t6, t6, -0x334
 1009816: 0ff00e93     	li	t4, 0xff
 100981a: a081         	j	0x100985a <_vfiprintf_r+0xac8>
 100981c: 00f4b733     	sltu	a4, s1, a5
 1009820: 9726         	add	a4, a4, s1
 1009822: 02677733     	remu	a4, a4, t1
 1009826: 40e78733     	sub	a4, a5, a4
 100982a: 00e7b633     	sltu	a2, a5, a4
 100982e: 40c88633     	sub	a2, a7, a2
 1009832: 03f703b3     	mul	t2, a4, t6
 1009836: 03e60633     	mul	a2, a2, t5
 100983a: 03e73533     	mulhu	a0, a4, t5
 100983e: 961e         	add	a2, a2, t2
 1009840: 03e70733     	mul	a4, a4, t5
 1009844: 962a         	add	a2, a2, a0
 1009846: 01f61513     	slli	a0, a2, 0x1f
 100984a: 8205         	srli	a2, a2, 0x1
 100984c: 8305         	srli	a4, a4, 0x1
 100984e: 8f49         	or	a4, a4, a0
 1009850: 16088363     	beqz	a7, 0x10099b6 <_vfiprintf_r+0xc24>
 1009854: 87ba         	mv	a5, a4
 1009856: 88b2         	mv	a7, a2
 1009858: 8536         	mv	a0, a3
 100985a: 011784b3     	add	s1, a5, a7
 100985e: 00f4b733     	sltu	a4, s1, a5
 1009862: 9726         	add	a4, a4, s1
 1009864: 02677733     	remu	a4, a4, t1
 1009868: fff50693     	addi	a3, a0, -0x1
 100986c: 0585         	addi	a1, a1, 0x1
 100986e: 40e78733     	sub	a4, a5, a4
 1009872: 00e7b3b3     	sltu	t2, a5, a4
 1009876: 407883b3     	sub	t2, a7, t2
 100987a: 03e73633     	mulhu	a2, a4, t5
 100987e: 03e383b3     	mul	t2, t2, t5
 1009882: 03e70733     	mul	a4, a4, t5
 1009886: 93b2         	add	t2, t2, a2
 1009888: 03fe         	slli	t2, t2, 0x1f
 100988a: 00175613     	srli	a2, a4, 0x1
 100988e: 00c3e633     	or	a2, t2, a2
 1009892: 00261713     	slli	a4, a2, 0x2
 1009896: 9732         	add	a4, a4, a2
 1009898: 0706         	slli	a4, a4, 0x1
 100989a: 40e78733     	sub	a4, a5, a4
 100989e: 03070713     	addi	a4, a4, 0x30
 10098a2: fee50fa3     	sb	a4, -0x1(a0)
 10098a6: f60e0be3     	beqz	t3, 0x100981c <_vfiprintf_r+0xa8a>
 10098aa: 0002c703     	lbu	a4, 0x0(t0)
 10098ae: f6b717e3     	bne	a4, a1, 0x100981c <_vfiprintf_r+0xa8a>
 10098b2: f7d585e3     	beq	a1, t4, 0x100981c <_vfiprintf_r+0xa8a>
 10098b6: 06089c63     	bnez	a7, 0x100992e <_vfiprintf_r+0xb9c>
 10098ba: 4725         	li	a4, 0x9
 10098bc: 06f76963     	bltu	a4, a5, 0x100992e <_vfiprintf_r+0xb9c>
 10098c0: 84b6         	mv	s1, a3
 10098c2: ca16         	sw	t0, 0x14(sp)
 10098c4: bb91         	j	0x1009618 <_vfiprintf_r+0x886>
 10098c6: 883a         	mv	a6, a4
 10098c8: 4701         	li	a4, 0x0
 10098ca: b00706e3     	beqz	a4, 0x10093d6 <_vfiprintf_r+0x644>
 10098ce: b31d         	j	0x10095f4 <_vfiprintf_r+0x862>
 10098d0: 830fc0ef     	jal	0x1005900 <__sinit>
 10098d4: ce8ff06f     	j	0x1008dbc <_vfiprintf_r+0x2a>
 10098d8: 0019c783     	lbu	a5, 0x1(s3)
 10098dc: 20086813     	ori	a6, a6, 0x200
 10098e0: 0985         	addi	s3, s3, 0x1
 10098e2: dc6ff06f     	j	0x1008ea8 <_vfiprintf_r+0x116>
 10098e6: 0019c783     	lbu	a5, 0x1(s3)
 10098ea: 02086813     	ori	a6, a6, 0x20
 10098ee: 0985         	addi	s3, s3, 0x1
 10098f0: db8ff06f     	j	0x1008ea8 <_vfiprintf_r+0x116>
 10098f4: 000d2783     	lw	a5, 0x0(s10)
 10098f8: 0d11         	addi	s10, s10, 0x4
 10098fa: 0127a023     	sw	s2, 0x0(a5)
 10098fe: d4cff06f     	j	0x1008e4a <_vfiprintf_r+0xb8>
 1009902: 4799         	li	a5, 0x6
 1009904: 8e6e         	mv	t3, s11
 1009906: 0bb7ec63     	bltu	a5, s11, 0x10099be <_vfiprintf_r+0xc2c>
 100990a: 010104b7     	lui	s1, 0x1010
 100990e: 88f2         	mv	a7, t3
 1009910: 91c48493     	addi	s1, s1, -0x6e4
 1009914: de2ff06f     	j	0x1008ef6 <_vfiprintf_r+0x164>
 1009918: 200e7713     	andi	a4, t3, 0x200
 100991c: e00700e3     	beqz	a4, 0x100971c <_vfiprintf_r+0x98a>
 1009920: 0ff7f793     	andi	a5, a5, 0xff
 1009924: 4881         	li	a7, 0x0
 1009926: b451         	j	0x10093aa <_vfiprintf_r+0x618>
 1009928: 4781         	li	a5, 0x0
 100992a: 4581         	li	a1, 0x0
 100992c: b1e1         	j	0x10095f4 <_vfiprintf_r+0x862>
 100992e: d43e         	sw	a5, 0x28(sp)
 1009930: 47e2         	lw	a5, 0x18(sp)
 1009932: 45f2         	lw	a1, 0x1c(sp)
 1009934: d646         	sw	a7, 0x2c(sp)
 1009936: 8e9d         	sub	a3, a3, a5
 1009938: 863e         	mv	a2, a5
 100993a: 8536         	mv	a0, a3
 100993c: d27e         	sw	t6, 0x24(sp)
 100993e: d07a         	sw	t5, 0x20(sp)
 1009940: ca72         	sw	t3, 0x14(sp)
 1009942: c842         	sw	a6, 0x10(sp)
 1009944: c616         	sw	t0, 0xc(sp)
 1009946: c436         	sw	a3, 0x8(sp)
 1009948: 114020ef     	jal	0x100ba5c <strncpy>
 100994c: 57a2         	lw	a5, 0x28(sp)
 100994e: 4615         	li	a2, 0x5
 1009950: 42b2         	lw	t0, 0xc(sp)
 1009952: 00f4b733     	sltu	a4, s1, a5
 1009956: 9726         	add	a4, a4, s1
 1009958: 02c77733     	remu	a4, a4, a2
 100995c: 0012c603     	lbu	a2, 0x1(t0)
 1009960: 58b2         	lw	a7, 0x2c(sp)
 1009962: ccccd537     	lui	a0, 0xccccd
 1009966: 00c03633     	snez	a2, a2
 100996a: ccccd3b7     	lui	t2, 0xccccd
 100996e: 92b2         	add	t0, t0, a2
 1009970: ccd50513     	addi	a0, a0, -0x333
 1009974: ccc38393     	addi	t2, t2, -0x334
 1009978: 46a2         	lw	a3, 0x8(sp)
 100997a: 4842         	lw	a6, 0x10(sp)
 100997c: 4e52         	lw	t3, 0x14(sp)
 100997e: 5f02         	lw	t5, 0x20(sp)
 1009980: 5f92         	lw	t6, 0x24(sp)
 1009982: 4581         	li	a1, 0x0
 1009984: 4315         	li	t1, 0x5
 1009986: 0ff00e93     	li	t4, 0xff
 100998a: 40e78733     	sub	a4, a5, a4
 100998e: 00e7b633     	sltu	a2, a5, a4
 1009992: 40c88633     	sub	a2, a7, a2
 1009996: 027703b3     	mul	t2, a4, t2
 100999a: 02a60633     	mul	a2, a2, a0
 100999e: 02a738b3     	mulhu	a7, a4, a0
 10099a2: 961e         	add	a2, a2, t2
 10099a4: 02a707b3     	mul	a5, a4, a0
 10099a8: 9646         	add	a2, a2, a7
 10099aa: 01f61713     	slli	a4, a2, 0x1f
 10099ae: 8205         	srli	a2, a2, 0x1
 10099b0: 8385         	srli	a5, a5, 0x1
 10099b2: 8f5d         	or	a4, a4, a5
 10099b4: b545         	j	0x1009854 <_vfiprintf_r+0xac2>
 10099b6: 4525         	li	a0, 0x9
 10099b8: e8f56ee3     	bltu	a0, a5, 0x1009854 <_vfiprintf_r+0xac2>
 10099bc: b711         	j	0x10098c0 <_vfiprintf_r+0xb2e>
 10099be: 4e19         	li	t3, 0x6
 10099c0: b7a9         	j	0x100990a <_vfiprintf_r+0xb78>
 10099c2: 0ff7f793     	andi	a5, a5, 0xff
 10099c6: 4581         	li	a1, 0x0
 10099c8: b3f9         	j	0x1009796 <_vfiprintf_r+0xa04>
 10099ca: 07e2         	slli	a5, a5, 0x18
 10099cc: 87e1         	srai	a5, a5, 0x18
 10099ce: 41f7d893     	srai	a7, a5, 0x1f
 10099d2: 8746         	mv	a4, a7
 10099d4: e10ff06f     	j	0x1008fe4 <_vfiprintf_r+0x252>
 10099d8: 000d2783     	lw	a5, 0x0(s10)
 10099dc: 0d11         	addi	s10, s10, 0x4
 10099de: 01279023     	sh	s2, 0x0(a5)
 10099e2: c68ff06f     	j	0x1008e4a <_vfiprintf_r+0xb8>
 10099e6: 0ff7f793     	andi	a5, a5, 0xff
 10099ea: 4581         	li	a1, 0x0
 10099ec: b281         	j	0x100932c <_vfiprintf_r+0x59a>
 10099ee: 03000793     	li	a5, 0x30
 10099f2: fd6ff06f     	j	0x10091c8 <_vfiprintf_r+0x436>
 10099f6: 5d7d         	li	s10, -0x1
 10099f8: ebaff06f     	j	0x10090b2 <_vfiprintf_r+0x320>
 10099fc: 000d2d83     	lw	s11, 0x0(s10)
 1009a00: 0d11         	addi	s10, s10, 0x4
 1009a02: 000dd363     	bgez	s11, 0x1009a08 <_vfiprintf_r+0xc76>
 1009a06: 5dfd         	li	s11, -0x1
 1009a08: 0019c783     	lbu	a5, 0x1(s3)
 1009a0c: 89b6         	mv	s3, a3
 1009a0e: c9aff06f     	j	0x1008ea8 <_vfiprintf_r+0x116>

01009a12 <__sbprintf>:
 1009a12: b8010113     	addi	sp, sp, -0x480
 1009a16: 00c59783     	lh	a5, 0xc(a1)
 1009a1a: 00e5d703     	lhu	a4, 0xe(a1)
 1009a1e: 46812c23     	sw	s0, 0x478(sp)
 1009a22: 842e         	mv	s0, a1
 1009a24: 65c1         	lui	a1, 0x10
 1009a26: 15f5         	addi	a1, a1, -0x3
 1009a28: 06442e03     	lw	t3, 0x64(s0)
 1009a2c: 01c42303     	lw	t1, 0x1c(s0)
 1009a30: 02442883     	lw	a7, 0x24(s0)
 1009a34: 0742         	slli	a4, a4, 0x10
 1009a36: 8fed         	and	a5, a5, a1
 1009a38: 8fd9         	or	a5, a5, a4
 1009a3a: 40000813     	li	a6, 0x400
 1009a3e: ca3e         	sw	a5, 0x14(sp)
 1009a40: 002c         	addi	a1, sp, 0x8
 1009a42: 189c         	addi	a5, sp, 0x70
 1009a44: 46912a23     	sw	s1, 0x474(sp)
 1009a48: 47212823     	sw	s2, 0x470(sp)
 1009a4c: 46112e23     	sw	ra, 0x47c(sp)
 1009a50: 892a         	mv	s2, a0
 1009a52: d6f2         	sw	t3, 0x6c(sp)
 1009a54: d21a         	sw	t1, 0x24(sp)
 1009a56: d646         	sw	a7, 0x2c(sp)
 1009a58: c43e         	sw	a5, 0x8(sp)
 1009a5a: cc3e         	sw	a5, 0x18(sp)
 1009a5c: c842         	sw	a6, 0x10(sp)
 1009a5e: ce42         	sw	a6, 0x1c(sp)
 1009a60: d002         	sw	zero, 0x20(sp)
 1009a62: b30ff0ef     	jal	0x1008d92 <_vfiprintf_r>
 1009a66: 84aa         	mv	s1, a0
 1009a68: 02055963     	bgez	a0, 0x1009a9a <__sbprintf+0x88>
 1009a6c: 01415783     	lhu	a5, 0x14(sp)
 1009a70: 0407f793     	andi	a5, a5, 0x40
 1009a74: c799         	beqz	a5, 0x1009a82 <__sbprintf+0x70>
 1009a76: 00c45783     	lhu	a5, 0xc(s0)
 1009a7a: 0407e793     	ori	a5, a5, 0x40
 1009a7e: 00f41623     	sh	a5, 0xc(s0)
 1009a82: 47c12083     	lw	ra, 0x47c(sp)
 1009a86: 47812403     	lw	s0, 0x478(sp)
 1009a8a: 47012903     	lw	s2, 0x470(sp)
 1009a8e: 8526         	mv	a0, s1
 1009a90: 47412483     	lw	s1, 0x474(sp)
 1009a94: 48010113     	addi	sp, sp, 0x480
 1009a98: 8082         	ret
 1009a9a: 002c         	addi	a1, sp, 0x8
 1009a9c: 854a         	mv	a0, s2
 1009a9e: 8aefc0ef     	jal	0x1005b4c <_fflush_r>
 1009aa2: d569         	beqz	a0, 0x1009a6c <__sbprintf+0x5a>
 1009aa4: 54fd         	li	s1, -0x1
 1009aa6: b7d9         	j	0x1009a6c <__sbprintf+0x5a>

01009aa8 <abort>:
 1009aa8: 1141         	addi	sp, sp, -0x10
 1009aaa: 4519         	li	a0, 0x6
 1009aac: c606         	sw	ra, 0xc(sp)
 1009aae: 028020ef     	jal	0x100bad6 <raise>
 1009ab2: 4505         	li	a0, 0x1
 1009ab4: 6cc020ef     	jal	0x100c180 <_exit>

01009ab8 <_Balloc>:
 1009ab8: 417c         	lw	a5, 0x44(a0)
 1009aba: 1141         	addi	sp, sp, -0x10
 1009abc: c422         	sw	s0, 0x8(sp)
 1009abe: c226         	sw	s1, 0x4(sp)
 1009ac0: c606         	sw	ra, 0xc(sp)
 1009ac2: 842a         	mv	s0, a0
 1009ac4: 84ae         	mv	s1, a1
 1009ac6: c38d         	beqz	a5, 0x1009ae8 <_Balloc+0x30>
 1009ac8: 00249713     	slli	a4, s1, 0x2
 1009acc: 97ba         	add	a5, a5, a4
 1009ace: 4388         	lw	a0, 0x0(a5)
 1009ad0: c515         	beqz	a0, 0x1009afc <_Balloc+0x44>
 1009ad2: 4118         	lw	a4, 0x0(a0)
 1009ad4: c398         	sw	a4, 0x0(a5)
 1009ad6: 00052823     	sw	zero, 0x10(a0)
 1009ada: 00052623     	sw	zero, 0xc(a0)
 1009ade: 40b2         	lw	ra, 0xc(sp)
 1009ae0: 4422         	lw	s0, 0x8(sp)
 1009ae2: 4492         	lw	s1, 0x4(sp)
 1009ae4: 0141         	addi	sp, sp, 0x10
 1009ae6: 8082         	ret
 1009ae8: 02100613     	li	a2, 0x21
 1009aec: 4591         	li	a1, 0x4
 1009aee: 0b5000ef     	jal	0x100a3a2 <_calloc_r>
 1009af2: c068         	sw	a0, 0x44(s0)
 1009af4: 87aa         	mv	a5, a0
 1009af6: f969         	bnez	a0, 0x1009ac8 <_Balloc+0x10>
 1009af8: 4501         	li	a0, 0x0
 1009afa: b7d5         	j	0x1009ade <_Balloc+0x26>
 1009afc: c04a         	sw	s2, 0x0(sp)
 1009afe: 4905         	li	s2, 0x1
 1009b00: 00991933     	sll	s2, s2, s1
 1009b04: 00590613     	addi	a2, s2, 0x5
 1009b08: 060a         	slli	a2, a2, 0x2
 1009b0a: 4585         	li	a1, 0x1
 1009b0c: 8522         	mv	a0, s0
 1009b0e: 095000ef     	jal	0x100a3a2 <_calloc_r>
 1009b12: c511         	beqz	a0, 0x1009b1e <_Balloc+0x66>
 1009b14: 01252423     	sw	s2, 0x8(a0)
 1009b18: c144         	sw	s1, 0x4(a0)
 1009b1a: 4902         	lw	s2, 0x0(sp)
 1009b1c: bf6d         	j	0x1009ad6 <_Balloc+0x1e>
 1009b1e: 4902         	lw	s2, 0x0(sp)
 1009b20: 4501         	li	a0, 0x0
 1009b22: bf75         	j	0x1009ade <_Balloc+0x26>

01009b24 <_Bfree>:
 1009b24: c981         	beqz	a1, 0x1009b34 <_Bfree+0x10>
 1009b26: 41d8         	lw	a4, 0x4(a1)
 1009b28: 417c         	lw	a5, 0x44(a0)
 1009b2a: 070a         	slli	a4, a4, 0x2
 1009b2c: 97ba         	add	a5, a5, a4
 1009b2e: 4398         	lw	a4, 0x0(a5)
 1009b30: c198         	sw	a4, 0x0(a1)
 1009b32: c38c         	sw	a1, 0x0(a5)
 1009b34: 8082         	ret

01009b36 <__multadd>:
 1009b36: 1101         	addi	sp, sp, -0x20
 1009b38: ca26         	sw	s1, 0x14(sp)
 1009b3a: 4984         	lw	s1, 0x10(a1)
 1009b3c: 6341         	lui	t1, 0x10
 1009b3e: cc22         	sw	s0, 0x18(sp)
 1009b40: c84a         	sw	s2, 0x10(sp)
 1009b42: c64e         	sw	s3, 0xc(sp)
 1009b44: ce06         	sw	ra, 0x1c(sp)
 1009b46: 892e         	mv	s2, a1
 1009b48: 89aa         	mv	s3, a0
 1009b4a: 8436         	mv	s0, a3
 1009b4c: 01458813     	addi	a6, a1, 0x14
 1009b50: 4881         	li	a7, 0x0
 1009b52: 137d         	addi	t1, t1, -0x1
 1009b54: 00082783     	lw	a5, 0x0(a6)
 1009b58: 0811         	addi	a6, a6, 0x4
 1009b5a: 0885         	addi	a7, a7, 0x1
 1009b5c: 0067f733     	and	a4, a5, t1
 1009b60: 02c70733     	mul	a4, a4, a2
 1009b64: 0107d693     	srli	a3, a5, 0x10
 1009b68: 02c686b3     	mul	a3, a3, a2
 1009b6c: 008707b3     	add	a5, a4, s0
 1009b70: 0107d713     	srli	a4, a5, 0x10
 1009b74: 0067f7b3     	and	a5, a5, t1
 1009b78: 96ba         	add	a3, a3, a4
 1009b7a: 01069713     	slli	a4, a3, 0x10
 1009b7e: 97ba         	add	a5, a5, a4
 1009b80: fef82e23     	sw	a5, -0x4(a6)
 1009b84: 0106d413     	srli	s0, a3, 0x10
 1009b88: fc98c6e3     	blt	a7, s1, 0x1009b54 <__multadd+0x1e>
 1009b8c: cc09         	beqz	s0, 0x1009ba6 <__multadd+0x70>
 1009b8e: 00892783     	lw	a5, 0x8(s2)
 1009b92: 02f4d263     	bge	s1, a5, 0x1009bb6 <__multadd+0x80>
 1009b96: 00448793     	addi	a5, s1, 0x4
 1009b9a: 078a         	slli	a5, a5, 0x2
 1009b9c: 97ca         	add	a5, a5, s2
 1009b9e: c3c0         	sw	s0, 0x4(a5)
 1009ba0: 0485         	addi	s1, s1, 0x1
 1009ba2: 00992823     	sw	s1, 0x10(s2)
 1009ba6: 40f2         	lw	ra, 0x1c(sp)
 1009ba8: 4462         	lw	s0, 0x18(sp)
 1009baa: 44d2         	lw	s1, 0x14(sp)
 1009bac: 49b2         	lw	s3, 0xc(sp)
 1009bae: 854a         	mv	a0, s2
 1009bb0: 4942         	lw	s2, 0x10(sp)
 1009bb2: 6105         	addi	sp, sp, 0x20
 1009bb4: 8082         	ret
 1009bb6: 00492583     	lw	a1, 0x4(s2)
 1009bba: 854e         	mv	a0, s3
 1009bbc: c452         	sw	s4, 0x8(sp)
 1009bbe: 0585         	addi	a1, a1, 0x1
 1009bc0: 3de5         	jal	0x1009ab8 <_Balloc>
 1009bc2: 8a2a         	mv	s4, a0
 1009bc4: c121         	beqz	a0, 0x1009c04 <__multadd+0xce>
 1009bc6: 01092603     	lw	a2, 0x10(s2)
 1009bca: 00c90593     	addi	a1, s2, 0xc
 1009bce: 0531         	addi	a0, a0, 0xc
 1009bd0: 0609         	addi	a2, a2, 0x2
 1009bd2: 060a         	slli	a2, a2, 0x2
 1009bd4: 376020ef     	jal	0x100bf4a <memcpy>
 1009bd8: 00492703     	lw	a4, 0x4(s2)
 1009bdc: 0449a783     	lw	a5, 0x44(s3)
 1009be0: 070a         	slli	a4, a4, 0x2
 1009be2: 97ba         	add	a5, a5, a4
 1009be4: 4398         	lw	a4, 0x0(a5)
 1009be6: 00e92023     	sw	a4, 0x0(s2)
 1009bea: 0127a023     	sw	s2, 0x0(a5)
 1009bee: 00448793     	addi	a5, s1, 0x4
 1009bf2: 8952         	mv	s2, s4
 1009bf4: 078a         	slli	a5, a5, 0x2
 1009bf6: 97ca         	add	a5, a5, s2
 1009bf8: 4a22         	lw	s4, 0x8(sp)
 1009bfa: 0485         	addi	s1, s1, 0x1
 1009bfc: c3c0         	sw	s0, 0x4(a5)
 1009bfe: 00992823     	sw	s1, 0x10(s2)
 1009c02: b755         	j	0x1009ba6 <__multadd+0x70>
 1009c04: 010106b7     	lui	a3, 0x1010
 1009c08: 01010537     	lui	a0, 0x1010
 1009c0c: 89068693     	addi	a3, a3, -0x770
 1009c10: 4601         	li	a2, 0x0
 1009c12: 0ba00593     	li	a1, 0xba
 1009c16: 83850513     	addi	a0, a0, -0x7c8
 1009c1a: 906ff0ef     	jal	0x1008d20 <__assert_func>

01009c1e <__hi0bits>:
 1009c1e: 87aa         	mv	a5, a0
 1009c20: 6741         	lui	a4, 0x10
 1009c22: 4501         	li	a0, 0x0
 1009c24: 00e7f463     	bgeu	a5, a4, 0x1009c2c <__hi0bits+0xe>
 1009c28: 07c2         	slli	a5, a5, 0x10
 1009c2a: 4541         	li	a0, 0x10
 1009c2c: 01000737     	lui	a4, 0x1000
 1009c30: 00e7f463     	bgeu	a5, a4, 0x1009c38 <__hi0bits+0x1a>
 1009c34: 0521         	addi	a0, a0, 0x8
 1009c36: 07a2         	slli	a5, a5, 0x8
 1009c38: 10000737     	lui	a4, 0x10000
 1009c3c: 00e7f463     	bgeu	a5, a4, 0x1009c44 <__hi0bits+0x26>
 1009c40: 0511         	addi	a0, a0, 0x4
 1009c42: 0792         	slli	a5, a5, 0x4
 1009c44: 40000737     	lui	a4, 0x40000
 1009c48: 00e7e763     	bltu	a5, a4, 0x1009c56 <__hi0bits+0x38>
 1009c4c: fff7c793     	not	a5, a5
 1009c50: 83fd         	srli	a5, a5, 0x1f
 1009c52: 953e         	add	a0, a0, a5
 1009c54: 8082         	ret
 1009c56: 078a         	slli	a5, a5, 0x2
 1009c58: 0007c963     	bltz	a5, 0x1009c6a <__hi0bits+0x4c>
 1009c5c: 00179713     	slli	a4, a5, 0x1
 1009c60: 00074763     	bltz	a4, 0x1009c6e <__hi0bits+0x50>
 1009c64: 02000513     	li	a0, 0x20
 1009c68: 8082         	ret
 1009c6a: 0509         	addi	a0, a0, 0x2
 1009c6c: 8082         	ret
 1009c6e: 050d         	addi	a0, a0, 0x3
 1009c70: 8082         	ret

01009c72 <__lo0bits>:
 1009c72: 411c         	lw	a5, 0x0(a0)
 1009c74: 872a         	mv	a4, a0
 1009c76: 0077f693     	andi	a3, a5, 0x7
 1009c7a: ce81         	beqz	a3, 0x1009c92 <__lo0bits+0x20>
 1009c7c: 0017f693     	andi	a3, a5, 0x1
 1009c80: 4501         	li	a0, 0x0
 1009c82: ee95         	bnez	a3, 0x1009cbe <__lo0bits+0x4c>
 1009c84: 0027f693     	andi	a3, a5, 0x2
 1009c88: c6b5         	beqz	a3, 0x1009cf4 <__lo0bits+0x82>
 1009c8a: 8385         	srli	a5, a5, 0x1
 1009c8c: c31c         	sw	a5, 0x0(a4)
 1009c8e: 4505         	li	a0, 0x1
 1009c90: 8082         	ret
 1009c92: 01079693     	slli	a3, a5, 0x10
 1009c96: 82c1         	srli	a3, a3, 0x10
 1009c98: 4501         	li	a0, 0x0
 1009c9a: c6b9         	beqz	a3, 0x1009ce8 <__lo0bits+0x76>
 1009c9c: 0ff7f693     	andi	a3, a5, 0xff
 1009ca0: ce95         	beqz	a3, 0x1009cdc <__lo0bits+0x6a>
 1009ca2: 00f7f693     	andi	a3, a5, 0xf
 1009ca6: c68d         	beqz	a3, 0x1009cd0 <__lo0bits+0x5e>
 1009ca8: 0037f693     	andi	a3, a5, 0x3
 1009cac: ce81         	beqz	a3, 0x1009cc4 <__lo0bits+0x52>
 1009cae: 0017f693     	andi	a3, a5, 0x1
 1009cb2: e699         	bnez	a3, 0x1009cc0 <__lo0bits+0x4e>
 1009cb4: 8385         	srli	a5, a5, 0x1
 1009cb6: 0505         	addi	a0, a0, 0x1
 1009cb8: e781         	bnez	a5, 0x1009cc0 <__lo0bits+0x4e>
 1009cba: 02000513     	li	a0, 0x20
 1009cbe: 8082         	ret
 1009cc0: c31c         	sw	a5, 0x0(a4)
 1009cc2: 8082         	ret
 1009cc4: 8389         	srli	a5, a5, 0x2
 1009cc6: 0017f693     	andi	a3, a5, 0x1
 1009cca: 0509         	addi	a0, a0, 0x2
 1009ccc: faf5         	bnez	a3, 0x1009cc0 <__lo0bits+0x4e>
 1009cce: b7dd         	j	0x1009cb4 <__lo0bits+0x42>
 1009cd0: 8391         	srli	a5, a5, 0x4
 1009cd2: 0037f693     	andi	a3, a5, 0x3
 1009cd6: 0511         	addi	a0, a0, 0x4
 1009cd8: faf9         	bnez	a3, 0x1009cae <__lo0bits+0x3c>
 1009cda: b7ed         	j	0x1009cc4 <__lo0bits+0x52>
 1009cdc: 83a1         	srli	a5, a5, 0x8
 1009cde: 00f7f693     	andi	a3, a5, 0xf
 1009ce2: 0521         	addi	a0, a0, 0x8
 1009ce4: f2f1         	bnez	a3, 0x1009ca8 <__lo0bits+0x36>
 1009ce6: b7ed         	j	0x1009cd0 <__lo0bits+0x5e>
 1009ce8: 83c1         	srli	a5, a5, 0x10
 1009cea: 0ff7f693     	andi	a3, a5, 0xff
 1009cee: 4541         	li	a0, 0x10
 1009cf0: facd         	bnez	a3, 0x1009ca2 <__lo0bits+0x30>
 1009cf2: b7ed         	j	0x1009cdc <__lo0bits+0x6a>
 1009cf4: 8389         	srli	a5, a5, 0x2
 1009cf6: c31c         	sw	a5, 0x0(a4)
 1009cf8: 4509         	li	a0, 0x2
 1009cfa: 8082         	ret

01009cfc <__i2b>:
 1009cfc: 417c         	lw	a5, 0x44(a0)
 1009cfe: 1141         	addi	sp, sp, -0x10
 1009d00: c422         	sw	s0, 0x8(sp)
 1009d02: c226         	sw	s1, 0x4(sp)
 1009d04: c606         	sw	ra, 0xc(sp)
 1009d06: 842a         	mv	s0, a0
 1009d08: 84ae         	mv	s1, a1
 1009d0a: cf99         	beqz	a5, 0x1009d28 <__i2b+0x2c>
 1009d0c: 43c8         	lw	a0, 0x4(a5)
 1009d0e: c129         	beqz	a0, 0x1009d50 <__i2b+0x54>
 1009d10: 4118         	lw	a4, 0x0(a0)
 1009d12: c3d8         	sw	a4, 0x4(a5)
 1009d14: 40b2         	lw	ra, 0xc(sp)
 1009d16: 4422         	lw	s0, 0x8(sp)
 1009d18: 4785         	li	a5, 0x1
 1009d1a: c944         	sw	s1, 0x14(a0)
 1009d1c: 00052623     	sw	zero, 0xc(a0)
 1009d20: c91c         	sw	a5, 0x10(a0)
 1009d22: 4492         	lw	s1, 0x4(sp)
 1009d24: 0141         	addi	sp, sp, 0x10
 1009d26: 8082         	ret
 1009d28: 02100613     	li	a2, 0x21
 1009d2c: 4591         	li	a1, 0x4
 1009d2e: 2d95         	jal	0x100a3a2 <_calloc_r>
 1009d30: c068         	sw	a0, 0x44(s0)
 1009d32: 87aa         	mv	a5, a0
 1009d34: fd61         	bnez	a0, 0x1009d0c <__i2b+0x10>
 1009d36: 010106b7     	lui	a3, 0x1010
 1009d3a: 01010537     	lui	a0, 0x1010
 1009d3e: 89068693     	addi	a3, a3, -0x770
 1009d42: 4601         	li	a2, 0x0
 1009d44: 14500593     	li	a1, 0x145
 1009d48: 83850513     	addi	a0, a0, -0x7c8
 1009d4c: fd5fe0ef     	jal	0x1008d20 <__assert_func>
 1009d50: 4671         	li	a2, 0x1c
 1009d52: 4585         	li	a1, 0x1
 1009d54: 8522         	mv	a0, s0
 1009d56: 25b1         	jal	0x100a3a2 <_calloc_r>
 1009d58: dd79         	beqz	a0, 0x1009d36 <__i2b+0x3a>
 1009d5a: 4785         	li	a5, 0x1
 1009d5c: c15c         	sw	a5, 0x4(a0)
 1009d5e: 4789         	li	a5, 0x2
 1009d60: c51c         	sw	a5, 0x8(a0)
 1009d62: bf4d         	j	0x1009d14 <__i2b+0x18>

01009d64 <__multiply>:
 1009d64: 1101         	addi	sp, sp, -0x20
 1009d66: c84a         	sw	s2, 0x10(sp)
 1009d68: c64e         	sw	s3, 0xc(sp)
 1009d6a: 0105a903     	lw	s2, 0x10(a1)
 1009d6e: 01062983     	lw	s3, 0x10(a2)
 1009d72: ca26         	sw	s1, 0x14(sp)
 1009d74: c452         	sw	s4, 0x8(sp)
 1009d76: ce06         	sw	ra, 0x1c(sp)
 1009d78: cc22         	sw	s0, 0x18(sp)
 1009d7a: 8a2e         	mv	s4, a1
 1009d7c: 84b2         	mv	s1, a2
 1009d7e: 01394763     	blt	s2, s3, 0x1009d8c <__multiply+0x28>
 1009d82: 874e         	mv	a4, s3
 1009d84: 84ae         	mv	s1, a1
 1009d86: 89ca         	mv	s3, s2
 1009d88: 8a32         	mv	s4, a2
 1009d8a: 893a         	mv	s2, a4
 1009d8c: 449c         	lw	a5, 0x8(s1)
 1009d8e: 40cc         	lw	a1, 0x4(s1)
 1009d90: 01298433     	add	s0, s3, s2
 1009d94: 0087a7b3     	slt	a5, a5, s0
 1009d98: 95be         	add	a1, a1, a5
 1009d9a: 3b39         	jal	0x1009ab8 <_Balloc>
 1009d9c: 14050363     	beqz	a0, 0x1009ee2 <__multiply+0x17e>
 1009da0: 01450313     	addi	t1, a0, 0x14
 1009da4: 00241893     	slli	a7, s0, 0x2
 1009da8: 989a         	add	a7, a7, t1
 1009daa: 879a         	mv	a5, t1
 1009dac: 01137763     	bgeu	t1, a7, 0x1009dba <__multiply+0x56>
 1009db0: 0007a023     	sw	zero, 0x0(a5)
 1009db4: 0791         	addi	a5, a5, 0x4
 1009db6: ff17ede3     	bltu	a5, a7, 0x1009db0 <__multiply+0x4c>
 1009dba: 014a0813     	addi	a6, s4, 0x14
 1009dbe: 00291e13     	slli	t3, s2, 0x2
 1009dc2: 01448e93     	addi	t4, s1, 0x14
 1009dc6: 00299593     	slli	a1, s3, 0x2
 1009dca: 9e42         	add	t3, t3, a6
 1009dcc: 95f6         	add	a1, a1, t4
 1009dce: 0fc87163     	bgeu	a6, t3, 0x1009eb0 <__multiply+0x14c>
 1009dd2: 01548793     	addi	a5, s1, 0x15
 1009dd6: 4f11         	li	t5, 0x4
 1009dd8: 0ef5fe63     	bgeu	a1, a5, 0x1009ed4 <__multiply+0x170>
 1009ddc: 66c1         	lui	a3, 0x10
 1009dde: 16fd         	addi	a3, a3, -0x1
 1009de0: a809         	j	0x1009df2 <__multiply+0x8e>
 1009de2: 010fdf93     	srli	t6, t6, 0x10
 1009de6: 060f9863     	bnez	t6, 0x1009e56 <__multiply+0xf2>
 1009dea: 0811         	addi	a6, a6, 0x4
 1009dec: 0311         	addi	t1, t1, 0x4
 1009dee: 0dc87163     	bgeu	a6, t3, 0x1009eb0 <__multiply+0x14c>
 1009df2: 00082f83     	lw	t6, 0x0(a6)
 1009df6: 00dff3b3     	and	t2, t6, a3
 1009dfa: fe0384e3     	beqz	t2, 0x1009de2 <__multiply+0x7e>
 1009dfe: 829a         	mv	t0, t1
 1009e00: 8ff6         	mv	t6, t4
 1009e02: 4481         	li	s1, 0x0
 1009e04: 000fa783     	lw	a5, 0x0(t6)
 1009e08: 0002a603     	lw	a2, 0x0(t0)
 1009e0c: 0291         	addi	t0, t0, 0x4
 1009e0e: 00d7f733     	and	a4, a5, a3
 1009e12: 02770733     	mul	a4, a4, t2
 1009e16: 83c1         	srli	a5, a5, 0x10
 1009e18: 00d67933     	and	s2, a2, a3
 1009e1c: 8241         	srli	a2, a2, 0x10
 1009e1e: 0f91         	addi	t6, t6, 0x4
 1009e20: 027787b3     	mul	a5, a5, t2
 1009e24: 974a         	add	a4, a4, s2
 1009e26: 9726         	add	a4, a4, s1
 1009e28: 01075493     	srli	s1, a4, 0x10
 1009e2c: 8f75         	and	a4, a4, a3
 1009e2e: 97b2         	add	a5, a5, a2
 1009e30: 97a6         	add	a5, a5, s1
 1009e32: 01079613     	slli	a2, a5, 0x10
 1009e36: 8f51         	or	a4, a4, a2
 1009e38: fee2ae23     	sw	a4, -0x4(t0)
 1009e3c: 0107d493     	srli	s1, a5, 0x10
 1009e40: fcbfe2e3     	bltu	t6, a1, 0x1009e04 <__multiply+0xa0>
 1009e44: 01e307b3     	add	a5, t1, t5
 1009e48: c384         	sw	s1, 0x0(a5)
 1009e4a: 00082f83     	lw	t6, 0x0(a6)
 1009e4e: 010fdf93     	srli	t6, t6, 0x10
 1009e52: f80f8ce3     	beqz	t6, 0x1009dea <__multiply+0x86>
 1009e56: 00032703     	lw	a4, 0x0(t1)
 1009e5a: 829a         	mv	t0, t1
 1009e5c: 8676         	mv	a2, t4
 1009e5e: 84ba         	mv	s1, a4
 1009e60: 4381         	li	t2, 0x0
 1009e62: 421c         	lw	a5, 0x0(a2)
 1009e64: 0104d993     	srli	s3, s1, 0x10
 1009e68: 8f75         	and	a4, a4, a3
 1009e6a: 8ff5         	and	a5, a5, a3
 1009e6c: 03f787b3     	mul	a5, a5, t6
 1009e70: 0042a483     	lw	s1, 0x4(t0)
 1009e74: 0291         	addi	t0, t0, 0x4
 1009e76: 0611         	addi	a2, a2, 0x4
 1009e78: 00d4f933     	and	s2, s1, a3
 1009e7c: 979e         	add	a5, a5, t2
 1009e7e: 97ce         	add	a5, a5, s3
 1009e80: 01079393     	slli	t2, a5, 0x10
 1009e84: 00e3e733     	or	a4, t2, a4
 1009e88: fee2ae23     	sw	a4, -0x4(t0)
 1009e8c: ffe65703     	lhu	a4, -0x2(a2)
 1009e90: 83c1         	srli	a5, a5, 0x10
 1009e92: 03f70733     	mul	a4, a4, t6
 1009e96: 974a         	add	a4, a4, s2
 1009e98: 973e         	add	a4, a4, a5
 1009e9a: 01075393     	srli	t2, a4, 0x10
 1009e9e: fcb662e3     	bltu	a2, a1, 0x1009e62 <__multiply+0xfe>
 1009ea2: 01e307b3     	add	a5, t1, t5
 1009ea6: c398         	sw	a4, 0x0(a5)
 1009ea8: 0811         	addi	a6, a6, 0x4
 1009eaa: 0311         	addi	t1, t1, 0x4
 1009eac: f5c863e3     	bltu	a6, t3, 0x1009df2 <__multiply+0x8e>
 1009eb0: 00804563     	bgtz	s0, 0x1009eba <__multiply+0x156>
 1009eb4: a039         	j	0x1009ec2 <__multiply+0x15e>
 1009eb6: 147d         	addi	s0, s0, -0x1
 1009eb8: c409         	beqz	s0, 0x1009ec2 <__multiply+0x15e>
 1009eba: ffc8a783     	lw	a5, -0x4(a7)
 1009ebe: 18f1         	addi	a7, a7, -0x4
 1009ec0: dbfd         	beqz	a5, 0x1009eb6 <__multiply+0x152>
 1009ec2: 40f2         	lw	ra, 0x1c(sp)
 1009ec4: c900         	sw	s0, 0x10(a0)
 1009ec6: 4462         	lw	s0, 0x18(sp)
 1009ec8: 44d2         	lw	s1, 0x14(sp)
 1009eca: 4942         	lw	s2, 0x10(sp)
 1009ecc: 49b2         	lw	s3, 0xc(sp)
 1009ece: 4a22         	lw	s4, 0x8(sp)
 1009ed0: 6105         	addi	sp, sp, 0x20
 1009ed2: 8082         	ret
 1009ed4: 409587b3     	sub	a5, a1, s1
 1009ed8: 17ad         	addi	a5, a5, -0x15
 1009eda: 9bf1         	andi	a5, a5, -0x4
 1009edc: 00478f13     	addi	t5, a5, 0x4
 1009ee0: bdf5         	j	0x1009ddc <__multiply+0x78>
 1009ee2: 010106b7     	lui	a3, 0x1010
 1009ee6: 01010537     	lui	a0, 0x1010
 1009eea: 89068693     	addi	a3, a3, -0x770
 1009eee: 4601         	li	a2, 0x0
 1009ef0: 16200593     	li	a1, 0x162
 1009ef4: 83850513     	addi	a0, a0, -0x7c8
 1009ef8: e29fe0ef     	jal	0x1008d20 <__assert_func>

01009efc <__pow5mult>:
 1009efc: 1101         	addi	sp, sp, -0x20
 1009efe: cc22         	sw	s0, 0x18(sp)
 1009f00: c84a         	sw	s2, 0x10(sp)
 1009f02: c64e         	sw	s3, 0xc(sp)
 1009f04: ce06         	sw	ra, 0x1c(sp)
 1009f06: 00367793     	andi	a5, a2, 0x3
 1009f0a: 8432         	mv	s0, a2
 1009f0c: 89aa         	mv	s3, a0
 1009f0e: 892e         	mv	s2, a1
 1009f10: e7bd         	bnez	a5, 0x1009f7e <__pow5mult+0x82>
 1009f12: 8409         	srai	s0, s0, 0x2
 1009f14: c429         	beqz	s0, 0x1009f5e <__pow5mult+0x62>
 1009f16: ca26         	sw	s1, 0x14(sp)
 1009f18: 0409a483     	lw	s1, 0x40(s3)
 1009f1c: ccad         	beqz	s1, 0x1009f96 <__pow5mult+0x9a>
 1009f1e: 00147793     	andi	a5, s0, 0x1
 1009f22: eb89         	bnez	a5, 0x1009f34 <__pow5mult+0x38>
 1009f24: 8405         	srai	s0, s0, 0x1
 1009f26: c81d         	beqz	s0, 0x1009f5c <__pow5mult+0x60>
 1009f28: 4088         	lw	a0, 0x0(s1)
 1009f2a: c129         	beqz	a0, 0x1009f6c <__pow5mult+0x70>
 1009f2c: 84aa         	mv	s1, a0
 1009f2e: 00147793     	andi	a5, s0, 0x1
 1009f32: dbed         	beqz	a5, 0x1009f24 <__pow5mult+0x28>
 1009f34: 8626         	mv	a2, s1
 1009f36: 85ca         	mv	a1, s2
 1009f38: 854e         	mv	a0, s3
 1009f3a: 352d         	jal	0x1009d64 <__multiply>
 1009f3c: 00090d63     	beqz	s2, 0x1009f56 <__pow5mult+0x5a>
 1009f40: 00492703     	lw	a4, 0x4(s2)
 1009f44: 0449a783     	lw	a5, 0x44(s3)
 1009f48: 070a         	slli	a4, a4, 0x2
 1009f4a: 97ba         	add	a5, a5, a4
 1009f4c: 4398         	lw	a4, 0x0(a5)
 1009f4e: 00e92023     	sw	a4, 0x0(s2)
 1009f52: 0127a023     	sw	s2, 0x0(a5)
 1009f56: 8405         	srai	s0, s0, 0x1
 1009f58: 892a         	mv	s2, a0
 1009f5a: f479         	bnez	s0, 0x1009f28 <__pow5mult+0x2c>
 1009f5c: 44d2         	lw	s1, 0x14(sp)
 1009f5e: 40f2         	lw	ra, 0x1c(sp)
 1009f60: 4462         	lw	s0, 0x18(sp)
 1009f62: 49b2         	lw	s3, 0xc(sp)
 1009f64: 854a         	mv	a0, s2
 1009f66: 4942         	lw	s2, 0x10(sp)
 1009f68: 6105         	addi	sp, sp, 0x20
 1009f6a: 8082         	ret
 1009f6c: 8626         	mv	a2, s1
 1009f6e: 85a6         	mv	a1, s1
 1009f70: 854e         	mv	a0, s3
 1009f72: 3bcd         	jal	0x1009d64 <__multiply>
 1009f74: c088         	sw	a0, 0x0(s1)
 1009f76: 00052023     	sw	zero, 0x0(a0)
 1009f7a: 84aa         	mv	s1, a0
 1009f7c: bf4d         	j	0x1009f2e <__pow5mult+0x32>
 1009f7e: 17fd         	addi	a5, a5, -0x1
 1009f80: 01010737     	lui	a4, 0x1010
 1009f84: d3470713     	addi	a4, a4, -0x2cc
 1009f88: 078a         	slli	a5, a5, 0x2
 1009f8a: 97ba         	add	a5, a5, a4
 1009f8c: 4390         	lw	a2, 0x0(a5)
 1009f8e: 4681         	li	a3, 0x0
 1009f90: 365d         	jal	0x1009b36 <__multadd>
 1009f92: 892a         	mv	s2, a0
 1009f94: bfbd         	j	0x1009f12 <__pow5mult+0x16>
 1009f96: 4585         	li	a1, 0x1
 1009f98: 854e         	mv	a0, s3
 1009f9a: 3e39         	jal	0x1009ab8 <_Balloc>
 1009f9c: 84aa         	mv	s1, a0
 1009f9e: c919         	beqz	a0, 0x1009fb4 <__pow5mult+0xb8>
 1009fa0: 27100793     	li	a5, 0x271
 1009fa4: c95c         	sw	a5, 0x14(a0)
 1009fa6: 4785         	li	a5, 0x1
 1009fa8: c91c         	sw	a5, 0x10(a0)
 1009faa: 04a9a023     	sw	a0, 0x40(s3)
 1009fae: 00052023     	sw	zero, 0x0(a0)
 1009fb2: b7b5         	j	0x1009f1e <__pow5mult+0x22>
 1009fb4: 010106b7     	lui	a3, 0x1010
 1009fb8: 01010537     	lui	a0, 0x1010
 1009fbc: 89068693     	addi	a3, a3, -0x770
 1009fc0: 4601         	li	a2, 0x0
 1009fc2: 14500593     	li	a1, 0x145
 1009fc6: 83850513     	addi	a0, a0, -0x7c8
 1009fca: d57fe0ef     	jal	0x1008d20 <__assert_func>

01009fce <__lshift>:
 1009fce: 1101         	addi	sp, sp, -0x20
 1009fd0: c256         	sw	s5, 0x4(sp)
 1009fd2: 0105aa83     	lw	s5, 0x10(a1)
 1009fd6: 459c         	lw	a5, 0x8(a1)
 1009fd8: c64e         	sw	s3, 0xc(sp)
 1009fda: 40565993     	srai	s3, a2, 0x5
 1009fde: 9ace         	add	s5, s5, s3
 1009fe0: cc22         	sw	s0, 0x18(sp)
 1009fe2: ca26         	sw	s1, 0x14(sp)
 1009fe4: c84a         	sw	s2, 0x10(sp)
 1009fe6: c452         	sw	s4, 0x8(sp)
 1009fe8: ce06         	sw	ra, 0x1c(sp)
 1009fea: 001a8913     	addi	s2, s5, 0x1
 1009fee: 84ae         	mv	s1, a1
 1009ff0: 8432         	mv	s0, a2
 1009ff2: 41cc         	lw	a1, 0x4(a1)
 1009ff4: 8a2a         	mv	s4, a0
 1009ff6: 0127d663     	bge	a5, s2, 0x100a002 <__lshift+0x34>
 1009ffa: 0786         	slli	a5, a5, 0x1
 1009ffc: 0585         	addi	a1, a1, 0x1
 1009ffe: ff27cee3     	blt	a5, s2, 0x1009ffa <__lshift+0x2c>
 100a002: 8552         	mv	a0, s4
 100a004: 3c55         	jal	0x1009ab8 <_Balloc>
 100a006: cd5d         	beqz	a0, 0x100a0c4 <__lshift+0xf6>
 100a008: 01450813     	addi	a6, a0, 0x14
 100a00c: 01305e63     	blez	s3, 0x100a028 <__lshift+0x5a>
 100a010: 0995         	addi	s3, s3, 0x5
 100a012: 098a         	slli	s3, s3, 0x2
 100a014: 01350733     	add	a4, a0, s3
 100a018: 87c2         	mv	a5, a6
 100a01a: 0791         	addi	a5, a5, 0x4
 100a01c: fe07ae23     	sw	zero, -0x4(a5)
 100a020: fee79de3     	bne	a5, a4, 0x100a01a <__lshift+0x4c>
 100a024: 19b1         	addi	s3, s3, -0x14
 100a026: 984e         	add	a6, a6, s3
 100a028: 0104a883     	lw	a7, 0x10(s1)
 100a02c: 01448793     	addi	a5, s1, 0x14
 100a030: 01f47613     	andi	a2, s0, 0x1f
 100a034: 088a         	slli	a7, a7, 0x2
 100a036: 98be         	add	a7, a7, a5
 100a038: c63d         	beqz	a2, 0x100a0a6 <__lshift+0xd8>
 100a03a: 02000593     	li	a1, 0x20
 100a03e: 8d91         	sub	a1, a1, a2
 100a040: 8342         	mv	t1, a6
 100a042: 4681         	li	a3, 0x0
 100a044: 4398         	lw	a4, 0x0(a5)
 100a046: 0311         	addi	t1, t1, 0x4
 100a048: 0791         	addi	a5, a5, 0x4
 100a04a: 00c71733     	sll	a4, a4, a2
 100a04e: 8f55         	or	a4, a4, a3
 100a050: fee32e23     	sw	a4, -0x4(t1)
 100a054: ffc7a683     	lw	a3, -0x4(a5)
 100a058: 00b6d6b3     	srl	a3, a3, a1
 100a05c: ff17e4e3     	bltu	a5, a7, 0x100a044 <__lshift+0x76>
 100a060: 01548793     	addi	a5, s1, 0x15
 100a064: 4711         	li	a4, 0x4
 100a066: 00f8e863     	bltu	a7, a5, 0x100a076 <__lshift+0xa8>
 100a06a: 409887b3     	sub	a5, a7, s1
 100a06e: 17ad         	addi	a5, a5, -0x15
 100a070: 9bf1         	andi	a5, a5, -0x4
 100a072: 00478713     	addi	a4, a5, 0x4
 100a076: 983a         	add	a6, a6, a4
 100a078: 00d82023     	sw	a3, 0x0(a6)
 100a07c: e291         	bnez	a3, 0x100a080 <__lshift+0xb2>
 100a07e: 8956         	mv	s2, s5
 100a080: 40d8         	lw	a4, 0x4(s1)
 100a082: 044a2783     	lw	a5, 0x44(s4)
 100a086: 40f2         	lw	ra, 0x1c(sp)
 100a088: 070a         	slli	a4, a4, 0x2
 100a08a: 97ba         	add	a5, a5, a4
 100a08c: 4398         	lw	a4, 0x0(a5)
 100a08e: 01252823     	sw	s2, 0x10(a0)
 100a092: 4462         	lw	s0, 0x18(sp)
 100a094: c098         	sw	a4, 0x0(s1)
 100a096: c384         	sw	s1, 0x0(a5)
 100a098: 4942         	lw	s2, 0x10(sp)
 100a09a: 44d2         	lw	s1, 0x14(sp)
 100a09c: 49b2         	lw	s3, 0xc(sp)
 100a09e: 4a22         	lw	s4, 0x8(sp)
 100a0a0: 4a92         	lw	s5, 0x4(sp)
 100a0a2: 6105         	addi	sp, sp, 0x20
 100a0a4: 8082         	ret
 100a0a6: 4398         	lw	a4, 0x0(a5)
 100a0a8: 0791         	addi	a5, a5, 0x4
 100a0aa: 0811         	addi	a6, a6, 0x4
 100a0ac: fee82e23     	sw	a4, -0x4(a6)
 100a0b0: fd17f7e3     	bgeu	a5, a7, 0x100a07e <__lshift+0xb0>
 100a0b4: 4398         	lw	a4, 0x0(a5)
 100a0b6: 0791         	addi	a5, a5, 0x4
 100a0b8: 0811         	addi	a6, a6, 0x4
 100a0ba: fee82e23     	sw	a4, -0x4(a6)
 100a0be: ff17e4e3     	bltu	a5, a7, 0x100a0a6 <__lshift+0xd8>
 100a0c2: bf75         	j	0x100a07e <__lshift+0xb0>
 100a0c4: 010106b7     	lui	a3, 0x1010
 100a0c8: 01010537     	lui	a0, 0x1010
 100a0cc: 89068693     	addi	a3, a3, -0x770
 100a0d0: 4601         	li	a2, 0x0
 100a0d2: 1de00593     	li	a1, 0x1de
 100a0d6: 83850513     	addi	a0, a0, -0x7c8
 100a0da: c47fe0ef     	jal	0x1008d20 <__assert_func>

0100a0de <__mcmp>:
 100a0de: 4918         	lw	a4, 0x10(a0)
 100a0e0: 499c         	lw	a5, 0x10(a1)
 100a0e2: 882a         	mv	a6, a0
 100a0e4: 40f70533     	sub	a0, a4, a5
 100a0e8: 02f71863     	bne	a4, a5, 0x100a118 <__mcmp+0x3a>
 100a0ec: 078a         	slli	a5, a5, 0x2
 100a0ee: 0851         	addi	a6, a6, 0x14
 100a0f0: 05d1         	addi	a1, a1, 0x14
 100a0f2: 00f80733     	add	a4, a6, a5
 100a0f6: 97ae         	add	a5, a5, a1
 100a0f8: a019         	j	0x100a0fe <__mcmp+0x20>
 100a0fa: 00e87f63     	bgeu	a6, a4, 0x100a118 <__mcmp+0x3a>
 100a0fe: ffc72603     	lw	a2, -0x4(a4)
 100a102: ffc7a683     	lw	a3, -0x4(a5)
 100a106: 1771         	addi	a4, a4, -0x4
 100a108: 17f1         	addi	a5, a5, -0x4
 100a10a: fed608e3     	beq	a2, a3, 0x100a0fa <__mcmp+0x1c>
 100a10e: 4505         	li	a0, 0x1
 100a110: 00d67463     	bgeu	a2, a3, 0x100a118 <__mcmp+0x3a>
 100a114: 557d         	li	a0, -0x1
 100a116: 8082         	ret
 100a118: 8082         	ret

0100a11a <__mdiff>:
 100a11a: 4998         	lw	a4, 0x10(a1)
 100a11c: 4a1c         	lw	a5, 0x10(a2)
 100a11e: 1141         	addi	sp, sp, -0x10
 100a120: c422         	sw	s0, 0x8(sp)
 100a122: c226         	sw	s1, 0x4(sp)
 100a124: c606         	sw	ra, 0xc(sp)
 100a126: c04a         	sw	s2, 0x0(sp)
 100a128: 842e         	mv	s0, a1
 100a12a: 84b2         	mv	s1, a2
 100a12c: 40f706b3     	sub	a3, a4, a5
 100a130: 12f71763     	bne	a4, a5, 0x100a25e <__mdiff+0x144>
 100a134: 00279693     	slli	a3, a5, 0x2
 100a138: 01458613     	addi	a2, a1, 0x14
 100a13c: 01448713     	addi	a4, s1, 0x14
 100a140: 00d607b3     	add	a5, a2, a3
 100a144: 9736         	add	a4, a4, a3
 100a146: a019         	j	0x100a14c <__mdiff+0x32>
 100a148: 12f67363     	bgeu	a2, a5, 0x100a26e <__mdiff+0x154>
 100a14c: ffc7a583     	lw	a1, -0x4(a5)
 100a150: ffc72683     	lw	a3, -0x4(a4)
 100a154: 17f1         	addi	a5, a5, -0x4
 100a156: 1771         	addi	a4, a4, -0x4
 100a158: fed588e3     	beq	a1, a3, 0x100a148 <__mdiff+0x2e>
 100a15c: 4905         	li	s2, 0x1
 100a15e: 00d5e663     	bltu	a1, a3, 0x100a16a <__mdiff+0x50>
 100a162: 87a6         	mv	a5, s1
 100a164: 4901         	li	s2, 0x0
 100a166: 84a2         	mv	s1, s0
 100a168: 843e         	mv	s0, a5
 100a16a: 40cc         	lw	a1, 0x4(s1)
 100a16c: 32b1         	jal	0x1009ab8 <_Balloc>
 100a16e: 12050663     	beqz	a0, 0x100a29a <__mdiff+0x180>
 100a172: 0104a883     	lw	a7, 0x10(s1)
 100a176: 01042283     	lw	t0, 0x10(s0)
 100a17a: 01448f93     	addi	t6, s1, 0x14
 100a17e: 00289313     	slli	t1, a7, 0x2
 100a182: 01440813     	addi	a6, s0, 0x14
 100a186: 028a         	slli	t0, t0, 0x2
 100a188: 01450593     	addi	a1, a0, 0x14
 100a18c: 6e41         	lui	t3, 0x10
 100a18e: 01252623     	sw	s2, 0xc(a0)
 100a192: 937e         	add	t1, t1, t6
 100a194: 92c2         	add	t0, t0, a6
 100a196: 8f2e         	mv	t5, a1
 100a198: 8efe         	mv	t4, t6
 100a19a: 4681         	li	a3, 0x0
 100a19c: 1e7d         	addi	t3, t3, -0x1
 100a19e: 000ea703     	lw	a4, 0x0(t4)
 100a1a2: 00082603     	lw	a2, 0x0(a6)
 100a1a6: 0f11         	addi	t5, t5, 0x4
 100a1a8: 01c777b3     	and	a5, a4, t3
 100a1ac: 01c673b3     	and	t2, a2, t3
 100a1b0: 407787b3     	sub	a5, a5, t2
 100a1b4: 97b6         	add	a5, a5, a3
 100a1b6: 8341         	srli	a4, a4, 0x10
 100a1b8: 8241         	srli	a2, a2, 0x10
 100a1ba: 4107d693     	srai	a3, a5, 0x10
 100a1be: 8f11         	sub	a4, a4, a2
 100a1c0: 9736         	add	a4, a4, a3
 100a1c2: 01071693     	slli	a3, a4, 0x10
 100a1c6: 01c7f7b3     	and	a5, a5, t3
 100a1ca: 8fd5         	or	a5, a5, a3
 100a1cc: 0811         	addi	a6, a6, 0x4
 100a1ce: feff2e23     	sw	a5, -0x4(t5)
 100a1d2: 0e91         	addi	t4, t4, 0x4
 100a1d4: 41075693     	srai	a3, a4, 0x10
 100a1d8: fc5863e3     	bltu	a6, t0, 0x100a19e <__mdiff+0x84>
 100a1dc: 01540713     	addi	a4, s0, 0x15
 100a1e0: 40828433     	sub	s0, t0, s0
 100a1e4: 142d         	addi	s0, s0, -0x15
 100a1e6: 00e2b2b3     	sltu	t0, t0, a4
 100a1ea: 0012cf13     	xori	t5, t0, 0x1
 100a1ee: 8009         	srli	s0, s0, 0x2
 100a1f0: 4711         	li	a4, 0x4
 100a1f2: 06028a63     	beqz	t0, 0x100a266 <__mdiff+0x14c>
 100a1f6: 9fba         	add	t6, t6, a4
 100a1f8: 00e58833     	add	a6, a1, a4
 100a1fc: 6ec1         	lui	t4, 0x10
 100a1fe: 8e42         	mv	t3, a6
 100a200: 867e         	mv	a2, t6
 100a202: 1efd         	addi	t4, t4, -0x1
 100a204: 086ff263     	bgeu	t6, t1, 0x100a288 <__mdiff+0x16e>
 100a208: 421c         	lw	a5, 0x0(a2)
 100a20a: 0e11         	addi	t3, t3, 0x4
 100a20c: 0611         	addi	a2, a2, 0x4
 100a20e: 01d7f733     	and	a4, a5, t4
 100a212: 9736         	add	a4, a4, a3
 100a214: 0107d593     	srli	a1, a5, 0x10
 100a218: 8741         	srai	a4, a4, 0x10
 100a21a: 972e         	add	a4, a4, a1
 100a21c: 97b6         	add	a5, a5, a3
 100a21e: 01d7f7b3     	and	a5, a5, t4
 100a222: 01071693     	slli	a3, a4, 0x10
 100a226: 8fd5         	or	a5, a5, a3
 100a228: fefe2e23     	sw	a5, -0x4(t3)
 100a22c: 41075693     	srai	a3, a4, 0x10
 100a230: fc666ce3     	bltu	a2, t1, 0x100a208 <__mdiff+0xee>
 100a234: 137d         	addi	t1, t1, -0x1
 100a236: 41f30333     	sub	t1, t1, t6
 100a23a: ffc37313     	andi	t1, t1, -0x4
 100a23e: 00680733     	add	a4, a6, t1
 100a242: e791         	bnez	a5, 0x100a24e <__mdiff+0x134>
 100a244: ffc72783     	lw	a5, -0x4(a4)
 100a248: 18fd         	addi	a7, a7, -0x1
 100a24a: 1771         	addi	a4, a4, -0x4
 100a24c: dfe5         	beqz	a5, 0x100a244 <__mdiff+0x12a>
 100a24e: 40b2         	lw	ra, 0xc(sp)
 100a250: 4422         	lw	s0, 0x8(sp)
 100a252: 01152823     	sw	a7, 0x10(a0)
 100a256: 4492         	lw	s1, 0x4(sp)
 100a258: 4902         	lw	s2, 0x0(sp)
 100a25a: 0141         	addi	sp, sp, 0x10
 100a25c: 8082         	ret
 100a25e: 4905         	li	s2, 0x1
 100a260: f006d1e3     	bgez	a3, 0x100a162 <__mdiff+0x48>
 100a264: b719         	j	0x100a16a <__mdiff+0x50>
 100a266: 00140713     	addi	a4, s0, 0x1
 100a26a: 070a         	slli	a4, a4, 0x2
 100a26c: b769         	j	0x100a1f6 <__mdiff+0xdc>
 100a26e: 4581         	li	a1, 0x0
 100a270: 30a1         	jal	0x1009ab8 <_Balloc>
 100a272: c129         	beqz	a0, 0x100a2b4 <__mdiff+0x19a>
 100a274: 40b2         	lw	ra, 0xc(sp)
 100a276: 4422         	lw	s0, 0x8(sp)
 100a278: 4785         	li	a5, 0x1
 100a27a: c91c         	sw	a5, 0x10(a0)
 100a27c: 00052a23     	sw	zero, 0x14(a0)
 100a280: 4492         	lw	s1, 0x4(sp)
 100a282: 4902         	lw	s2, 0x0(sp)
 100a284: 0141         	addi	sp, sp, 0x10
 100a286: 8082         	ret
 100a288: 4701         	li	a4, 0x0
 100a28a: 000f1463     	bnez	t5, 0x100a292 <__mdiff+0x178>
 100a28e: 972e         	add	a4, a4, a1
 100a290: bf4d         	j	0x100a242 <__mdiff+0x128>
 100a292: 00241713     	slli	a4, s0, 0x2
 100a296: 972e         	add	a4, a4, a1
 100a298: b76d         	j	0x100a242 <__mdiff+0x128>
 100a29a: 010106b7     	lui	a3, 0x1010
 100a29e: 01010537     	lui	a0, 0x1010
 100a2a2: 89068693     	addi	a3, a3, -0x770
 100a2a6: 4601         	li	a2, 0x0
 100a2a8: 24500593     	li	a1, 0x245
 100a2ac: 83850513     	addi	a0, a0, -0x7c8
 100a2b0: a71fe0ef     	jal	0x1008d20 <__assert_func>
 100a2b4: 010106b7     	lui	a3, 0x1010
 100a2b8: 01010537     	lui	a0, 0x1010
 100a2bc: 89068693     	addi	a3, a3, -0x770
 100a2c0: 4601         	li	a2, 0x0
 100a2c2: 23700593     	li	a1, 0x237
 100a2c6: 83850513     	addi	a0, a0, -0x7c8
 100a2ca: a57fe0ef     	jal	0x1008d20 <__assert_func>

0100a2ce <__b2d>:
 100a2ce: 7179         	addi	sp, sp, -0x30
 100a2d0: d226         	sw	s1, 0x24(sp)
 100a2d2: 4904         	lw	s1, 0x10(a0)
 100a2d4: d422         	sw	s0, 0x28(sp)
 100a2d6: 01450413     	addi	s0, a0, 0x14
 100a2da: 048a         	slli	s1, s1, 0x2
 100a2dc: 94a2         	add	s1, s1, s0
 100a2de: d04a         	sw	s2, 0x20(sp)
 100a2e0: ffc4a903     	lw	s2, -0x4(s1)
 100a2e4: ce4e         	sw	s3, 0x1c(sp)
 100a2e6: cc52         	sw	s4, 0x18(sp)
 100a2e8: 854a         	mv	a0, s2
 100a2ea: 89ae         	mv	s3, a1
 100a2ec: d606         	sw	ra, 0x2c(sp)
 100a2ee: 3a05         	jal	0x1009c1e <__hi0bits>
 100a2f0: 02000713     	li	a4, 0x20
 100a2f4: 40a707b3     	sub	a5, a4, a0
 100a2f8: 00f9a023     	sw	a5, 0x0(s3)
 100a2fc: 47a9         	li	a5, 0xa
 100a2fe: ffc48a13     	addi	s4, s1, -0x4
 100a302: 06a7dc63     	bge	a5, a0, 0x100a37a <__b2d+0xac>
 100a306: ff550613     	addi	a2, a0, -0xb
 100a30a: 03447d63     	bgeu	s0, s4, 0x100a344 <__b2d+0x76>
 100a30e: ff84a783     	lw	a5, -0x8(s1)
 100a312: c629         	beqz	a2, 0x100a35c <__b2d+0x8e>
 100a314: 40c706b3     	sub	a3, a4, a2
 100a318: 00d7d733     	srl	a4, a5, a3
 100a31c: 00c91933     	sll	s2, s2, a2
 100a320: 00e96933     	or	s2, s2, a4
 100a324: ff848593     	addi	a1, s1, -0x8
 100a328: 3ff00737     	lui	a4, 0x3ff00
 100a32c: 00e96733     	or	a4, s2, a4
 100a330: 00c797b3     	sll	a5, a5, a2
 100a334: 02b47863     	bgeu	s0, a1, 0x100a364 <__b2d+0x96>
 100a338: ff44a603     	lw	a2, -0xc(s1)
 100a33c: 00d656b3     	srl	a3, a2, a3
 100a340: 8fd5         	or	a5, a5, a3
 100a342: a00d         	j	0x100a364 <__b2d+0x96>
 100a344: 47ad         	li	a5, 0xb
 100a346: 00f50a63     	beq	a0, a5, 0x100a35a <__b2d+0x8c>
 100a34a: 00c91933     	sll	s2, s2, a2
 100a34e: 3ff00737     	lui	a4, 0x3ff00
 100a352: 00e96733     	or	a4, s2, a4
 100a356: 4781         	li	a5, 0x0
 100a358: a031         	j	0x100a364 <__b2d+0x96>
 100a35a: 4781         	li	a5, 0x0
 100a35c: 3ff00737     	lui	a4, 0x3ff00
 100a360: 00e96733     	or	a4, s2, a4
 100a364: 50b2         	lw	ra, 0x2c(sp)
 100a366: 5422         	lw	s0, 0x28(sp)
 100a368: c43e         	sw	a5, 0x8(sp)
 100a36a: c63a         	sw	a4, 0xc(sp)
 100a36c: 2522         	fld	fa0, 0x8(sp)
 100a36e: 5492         	lw	s1, 0x24(sp)
 100a370: 5902         	lw	s2, 0x20(sp)
 100a372: 49f2         	lw	s3, 0x1c(sp)
 100a374: 4a62         	lw	s4, 0x18(sp)
 100a376: 6145         	addi	sp, sp, 0x30
 100a378: 8082         	ret
 100a37a: 46ad         	li	a3, 0xb
 100a37c: 8e89         	sub	a3, a3, a0
 100a37e: 3ff007b7     	lui	a5, 0x3ff00
 100a382: 00d95733     	srl	a4, s2, a3
 100a386: 8f5d         	or	a4, a4, a5
 100a388: 4781         	li	a5, 0x0
 100a38a: 01447663     	bgeu	s0, s4, 0x100a396 <__b2d+0xc8>
 100a38e: ff84a783     	lw	a5, -0x8(s1)
 100a392: 00d7d7b3     	srl	a5, a5, a3
 100a396: 0555         	addi	a0, a0, 0x15
 100a398: 00a91933     	sll	s2, s2, a0
 100a39c: 00f967b3     	or	a5, s2, a5
 100a3a0: b7d1         	j	0x100a364 <__b2d+0x96>

0100a3a2 <_calloc_r>:
 100a3a2: 02c5b7b3     	mulhu	a5, a1, a2
 100a3a6: 1141         	addi	sp, sp, -0x10
 100a3a8: c606         	sw	ra, 0xc(sp)
 100a3aa: c422         	sw	s0, 0x8(sp)
 100a3ac: 02c585b3     	mul	a1, a1, a2
 100a3b0: efa5         	bnez	a5, 0x100a428 <_calloc_r+0x86>
 100a3b2: ad3fb0ef     	jal	0x1005e84 <_malloc_r>
 100a3b6: 842a         	mv	s0, a0
 100a3b8: cd25         	beqz	a0, 0x100a430 <_calloc_r+0x8e>
 100a3ba: ffc52603     	lw	a2, -0x4(a0)
 100a3be: 02400713     	li	a4, 0x24
 100a3c2: 9a71         	andi	a2, a2, -0x4
 100a3c4: 1671         	addi	a2, a2, -0x4
 100a3c6: 04c76063     	bltu	a4, a2, 0x100a406 <_calloc_r+0x64>
 100a3ca: 46cd         	li	a3, 0x13
 100a3cc: 87aa         	mv	a5, a0
 100a3ce: 02c6f163     	bgeu	a3, a2, 0x100a3f0 <_calloc_r+0x4e>
 100a3d2: 00052023     	sw	zero, 0x0(a0)
 100a3d6: 00052223     	sw	zero, 0x4(a0)
 100a3da: 47ed         	li	a5, 0x1b
 100a3dc: 02c7fd63     	bgeu	a5, a2, 0x100a416 <_calloc_r+0x74>
 100a3e0: 00052423     	sw	zero, 0x8(a0)
 100a3e4: 00052623     	sw	zero, 0xc(a0)
 100a3e8: 01050793     	addi	a5, a0, 0x10
 100a3ec: 04e60863     	beq	a2, a4, 0x100a43c <_calloc_r+0x9a>
 100a3f0: 0007a023     	sw	zero, 0x0(a5)
 100a3f4: 0007a223     	sw	zero, 0x4(a5)
 100a3f8: 0007a423     	sw	zero, 0x8(a5)
 100a3fc: 40b2         	lw	ra, 0xc(sp)
 100a3fe: 8522         	mv	a0, s0
 100a400: 4422         	lw	s0, 0x8(sp)
 100a402: 0141         	addi	sp, sp, 0x10
 100a404: 8082         	ret
 100a406: 4581         	li	a1, 0x0
 100a408: 29b010ef     	jal	0x100bea2 <memset>
 100a40c: 40b2         	lw	ra, 0xc(sp)
 100a40e: 8522         	mv	a0, s0
 100a410: 4422         	lw	s0, 0x8(sp)
 100a412: 0141         	addi	sp, sp, 0x10
 100a414: 8082         	ret
 100a416: 00850793     	addi	a5, a0, 0x8
 100a41a: 0007a023     	sw	zero, 0x0(a5)
 100a41e: 0007a223     	sw	zero, 0x4(a5)
 100a422: 0007a423     	sw	zero, 0x8(a5)
 100a426: bfd9         	j	0x100a3fc <_calloc_r+0x5a>
 100a428: 16d010ef     	jal	0x100bd94 <__errno>
 100a42c: 47b1         	li	a5, 0xc
 100a42e: c11c         	sw	a5, 0x0(a0)
 100a430: 4401         	li	s0, 0x0
 100a432: 40b2         	lw	ra, 0xc(sp)
 100a434: 8522         	mv	a0, s0
 100a436: 4422         	lw	s0, 0x8(sp)
 100a438: 0141         	addi	sp, sp, 0x10
 100a43a: 8082         	ret
 100a43c: 00052823     	sw	zero, 0x10(a0)
 100a440: 01850793     	addi	a5, a0, 0x18
 100a444: 00052a23     	sw	zero, 0x14(a0)
 100a448: b765         	j	0x100a3f0 <_calloc_r+0x4e>

0100a44a <__gdtoa>:
 100a44a: 7171         	addi	sp, sp, -0xb0
 100a44c: cb56         	sw	s5, 0x94(sp)
 100a44e: 00072a83     	lw	s5, 0x0(a4)
 100a452: d326         	sw	s1, 0xa4(sp)
 100a454: c75e         	sw	s7, 0x8c(sp)
 100a456: fcfafe13     	andi	t3, s5, -0x31
 100a45a: d706         	sw	ra, 0xac(sp)
 100a45c: 01c72023     	sw	t3, 0x0(a4)
 100a460: 8bba         	mv	s7, a4
 100a462: 574a         	lw	a4, 0xb0(sp)
 100a464: 00fafe13     	andi	t3, s5, 0xf
 100a468: 4e8d         	li	t4, 0x3
 100a46a: c63a         	sw	a4, 0xc(sp)
 100a46c: c832         	sw	a2, 0x10(sp)
 100a46e: d442         	sw	a6, 0x28(sp)
 100a470: 84c6         	mv	s1, a7
 100a472: 4fde0d63     	beq	t3, t4, 0x100a96c <__gdtoa+0x522>
 100a476: c95a         	sw	s6, 0x90(sp)
 100a478: 00cafb13     	andi	s6, s5, 0xc
 100a47c: 480b1463     	bnez	s6, 0x100a904 <__gdtoa+0x4ba>
 100a480: d522         	sw	s0, 0xa8(sp)
 100a482: 842a         	mv	s0, a0
 100a484: 4a0e0f63     	beqz	t3, 0x100a942 <__gdtoa+0x4f8>
 100a488: c16a         	sw	s10, 0x80(sp)
 100a48a: 0005ad03     	lw	s10, 0x0(a1)
 100a48e: d14a         	sw	s2, 0xa0(sp)
 100a490: cf4e         	sw	s3, 0x9c(sp)
 100a492: cd52         	sw	s4, 0x98(sp)
 100a494: c366         	sw	s9, 0x84(sp)
 100a496: 02000613     	li	a2, 0x20
 100a49a: 8a2e         	mv	s4, a1
 100a49c: 893e         	mv	s2, a5
 100a49e: 89b6         	mv	s3, a3
 100a4a0: 4581         	li	a1, 0x0
 100a4a2: 02000793     	li	a5, 0x20
 100a4a6: 01a65663     	bge	a2, s10, 0x100a4b2 <__gdtoa+0x68>
 100a4aa: 0786         	slli	a5, a5, 0x1
 100a4ac: 0585         	addi	a1, a1, 0x1
 100a4ae: ffa7cee3     	blt	a5, s10, 0x100a4aa <__gdtoa+0x60>
 100a4b2: 8522         	mv	a0, s0
 100a4b4: e04ff0ef     	jal	0x1009ab8 <_Balloc>
 100a4b8: 8caa         	mv	s9, a0
 100a4ba: 6a050c63     	beqz	a0, 0x100ab72 <__gdtoa+0x728>
 100a4be: fffd0893     	addi	a7, s10, -0x1
 100a4c2: 4058d893     	srai	a7, a7, 0x5
 100a4c6: 00289513     	slli	a0, a7, 0x2
 100a4ca: c562         	sw	s8, 0x88(sp)
 100a4cc: deee         	sw	s11, 0x7c(sp)
 100a4ce: 954e         	add	a0, a0, s3
 100a4d0: 014c8613     	addi	a2, s9, 0x14
 100a4d4: 87ce         	mv	a5, s3
 100a4d6: 4398         	lw	a4, 0x0(a5)
 100a4d8: 0791         	addi	a5, a5, 0x4
 100a4da: 0611         	addi	a2, a2, 0x4
 100a4dc: fee62e23     	sw	a4, -0x4(a2)
 100a4e0: fef57be3     	bgeu	a0, a5, 0x100a4d6 <__gdtoa+0x8c>
 100a4e4: 0505         	addi	a0, a0, 0x1
 100a4e6: 00198793     	addi	a5, s3, 0x1
 100a4ea: 4611         	li	a2, 0x4
 100a4ec: 00f56563     	bltu	a0, a5, 0x100a4f6 <__gdtoa+0xac>
 100a4f0: 088a         	slli	a7, a7, 0x2
 100a4f2: 00488613     	addi	a2, a7, 0x4
 100a4f6: 40265d93     	srai	s11, a2, 0x2
 100a4fa: 9666         	add	a2, a2, s9
 100a4fc: a021         	j	0x100a504 <__gdtoa+0xba>
 100a4fe: 1671         	addi	a2, a2, -0x4
 100a500: 4a0d8b63     	beqz	s11, 0x100a9b6 <__gdtoa+0x56c>
 100a504: 4a1c         	lw	a5, 0x10(a2)
 100a506: 8c6e         	mv	s8, s11
 100a508: 1dfd         	addi	s11, s11, -0x1
 100a50a: dbf5         	beqz	a5, 0x100a4fe <__gdtoa+0xb4>
 100a50c: 004d8793     	addi	a5, s11, 0x4
 100a510: 078a         	slli	a5, a5, 0x2
 100a512: 97e6         	add	a5, a5, s9
 100a514: 43c8         	lw	a0, 0x4(a5)
 100a516: 018ca823     	sw	s8, 0x10(s9)
 100a51a: 0c16         	slli	s8, s8, 0x5
 100a51c: f02ff0ef     	jal	0x1009c1e <__hi0bits>
 100a520: 40ac0db3     	sub	s11, s8, a0
 100a524: 8566         	mv	a0, s9
 100a526: 7dd000ef     	jal	0x100b502 <__trailz_D2A>
 100a52a: d6aa         	sw	a0, 0x6c(sp)
 100a52c: 4c42         	lw	s8, 0x10(sp)
 100a52e: 4a051863     	bnez	a0, 0x100a9de <__gdtoa+0x594>
 100a532: 010ca603     	lw	a2, 0x10(s9)
 100a536: 3e060b63     	beqz	a2, 0x100a92c <__gdtoa+0x4e2>
 100a53a: 10ec         	addi	a1, sp, 0x6c
 100a53c: 8566         	mv	a0, s9
 100a53e: 3b41         	jal	0x100a2ce <__b2d>
 100a540: ac2a         	fsd	fa0, 0x18(sp)
 100a542: 4572         	lw	a0, 0x1c(sp)
 100a544: 45e2         	lw	a1, 0x18(sp)
 100a546: 01bc08b3     	add	a7, s8, s11
 100a54a: 00c51613     	slli	a2, a0, 0xc
 100a54e: 8f2e         	mv	t5, a1
 100a550: 8231         	srli	a2, a2, 0xc
 100a552: 3ff005b7     	lui	a1, 0x3ff00
 100a556: 8e4d         	or	a2, a2, a1
 100a558: cc7a         	sw	t5, 0x18(sp)
 100a55a: 010105b7     	lui	a1, 0x1010
 100a55e: ce32         	sw	a2, 0x1c(sp)
 100a560: 0905b707     	fld	fa4, 0x90(a1)
 100a564: 27e2         	fld	fa5, 0x18(sp)
 100a566: 01010537     	lui	a0, 0x1010
 100a56a: 0b053687     	fld	fa3, 0xb0(a0)
 100a56e: 0ae7f753     	fsub.d	fa4, fa5, fa4
 100a572: 01010537     	lui	a0, 0x1010
 100a576: 0a053787     	fld	fa5, 0xa0(a0)
 100a57a: fff88593     	addi	a1, a7, -0x1
 100a57e: 01010e37     	lui	t3, 0x1010
 100a582: 852e         	mv	a0, a1
 100a584: 7ad77743     	fmadd.d	fa4, fa4, fa3, fa5
 100a588: d20587d3     	fcvt.d.w	fa5, a1
 100a58c: 0a8e3687     	fld	fa3, 0xa8(t3)
 100a590: 72d7f7c3     	fmadd.d	fa5, fa5, fa3, fa4
 100a594: 0005d563     	bgez	a1, 0x100a59e <__gdtoa+0x154>
 100a598: 4505         	li	a0, 0x1
 100a59a: 41150533     	sub	a0, a0, a7
 100a59e: bcb50513     	addi	a0, a0, -0x435
 100a5a2: 00a05a63     	blez	a0, 0x100a5b6 <__gdtoa+0x16c>
 100a5a6: d20506d3     	fcvt.d.w	fa3, a0
 100a5aa: 01010537     	lui	a0, 0x1010
 100a5ae: 09853707     	fld	fa4, 0x98(a0)
 100a5b2: 7ae6f7c3     	fmadd.d	fa5, fa3, fa4, fa5
 100a5b6: d2000753     	fcvt.d.w	fa4, zero
 100a5ba: c2079853     	fcvt.w.d	a6, fa5, rtz
 100a5be: a2e79553     	flt.d	a0, fa5, fa4
 100a5c2: c909         	beqz	a0, 0x100a5d4 <__gdtoa+0x18a>
 100a5c4: d2080753     	fcvt.d.w	fa4, a6
 100a5c8: a2f72553     	feq.d	a0, fa4, fa5
 100a5cc: 00153513     	seqz	a0, a0
 100a5d0: 40a80833     	sub	a6, a6, a0
 100a5d4: 01459e93     	slli	t4, a1, 0x14
 100a5d8: 40bd8533     	sub	a0, s11, a1
 100a5dc: 45d9         	li	a1, 0x16
 100a5de: 00ce8fb3     	add	t6, t4, a2
 100a5e2: fff50e93     	addi	t4, a0, -0x1
 100a5e6: 3d05eb63     	bltu	a1, a6, 0x100a9bc <__gdtoa+0x572>
 100a5ea: 010105b7     	lui	a1, 0x1010
 100a5ee: 00381613     	slli	a2, a6, 0x3
 100a5f2: d4058593     	addi	a1, a1, -0x2c0
 100a5f6: 962e         	add	a2, a2, a1
 100a5f8: cc7a         	sw	t5, 0x18(sp)
 100a5fa: ce7e         	sw	t6, 0x1c(sp)
 100a5fc: 221c         	fld	fa5, 0x0(a2)
 100a5fe: 2762         	fld	fa4, 0x18(sp)
 100a600: a2f71653     	flt.d	a2, fa4, fa5
 100a604: 58061f63     	bnez	a2, 0x100aba2 <__gdtoa+0x758>
 100a608: ca82         	sw	zero, 0x54(sp)
 100a60a: cc02         	sw	zero, 0x18(sp)
 100a60c: 00a04763     	bgtz	a0, 0x100a61a <__gdtoa+0x1d0>
 100a610: 4605         	li	a2, 0x1
 100a612: 40a607b3     	sub	a5, a2, a0
 100a616: cc3e         	sw	a5, 0x18(sp)
 100a618: 4e81         	li	t4, 0x0
 100a61a: 9ec2         	add	t4, t4, a6
 100a61c: da42         	sw	a6, 0x34(sp)
 100a61e: d802         	sw	zero, 0x30(sp)
 100a620: 4625         	li	a2, 0x9
 100a622: 3d266963     	bltu	a2, s2, 0x100a9f4 <__gdtoa+0x5aa>
 100a626: 4615         	li	a2, 0x5
 100a628: 59264063     	blt	a2, s2, 0x100aba8 <__gdtoa+0x75e>
 100a62c: 3fd88893     	addi	a7, a7, 0x3fd
 100a630: 7f88b793     	sltiu	a5, a7, 0x7f8
 100a634: 4591         	li	a1, 0x4
 100a636: ccbe         	sw	a5, 0x58(sp)
 100a638: 1ab90de3     	beq	s2, a1, 0x100aff2 <__gdtoa+0xba8>
 100a63c: 1ac907e3     	beq	s2, a2, 0x100afea <__gdtoa+0xba0>
 100a640: 4609         	li	a2, 0x2
 100a642: 1ac90be3     	beq	s2, a2, 0x100aff8 <__gdtoa+0xbae>
 100a646: 460d         	li	a2, 0x3
 100a648: c882         	sw	zero, 0x50(sp)
 100a64a: 3ac91b63     	bne	s2, a2, 0x100aa00 <__gdtoa+0x5b6>
 100a64e: 57d2         	lw	a5, 0x34(sp)
 100a650: 5722         	lw	a4, 0x28(sp)
 100a652: 97ba         	add	a5, a5, a4
 100a654: cebe         	sw	a5, 0x5c(sp)
 100a656: 0785         	addi	a5, a5, 0x1
 100a658: d63e         	sw	a5, 0x2c(sp)
 100a65a: 02f05ee3     	blez	a5, 0x100ae96 <__gdtoa+0xa4c>
 100a65e: 863e         	mv	a2, a5
 100a660: 85be         	mv	a1, a5
 100a662: 8522         	mv	a0, s0
 100a664: c4fa         	sw	t5, 0x48(sp)
 100a666: c6fe         	sw	t6, 0x4c(sp)
 100a668: c0f6         	sw	t4, 0x40(sp)
 100a66a: dc42         	sw	a6, 0x38(sp)
 100a66c: d6b2         	sw	a2, 0x6c(sp)
 100a66e: c98fe0ef     	jal	0x1008b06 <__rv_alloc_D2A>
 100a672: 88aa         	mv	a7, a0
 100a674: 32050763     	beqz	a0, 0x100a9a2 <__gdtoa+0x558>
 100a678: 00ca2783     	lw	a5, 0xc(s4)
 100a67c: 5862         	lw	a6, 0x38(sp)
 100a67e: 4e86         	lw	t4, 0x40(sp)
 100a680: 17fd         	addi	a5, a5, -0x1
 100a682: d03e         	sw	a5, 0x20(sp)
 100a684: 4f26         	lw	t5, 0x48(sp)
 100a686: 4fb6         	lw	t6, 0x4c(sp)
 100a688: 3a078463     	beqz	a5, 0x100aa30 <__gdtoa+0x5e6>
 100a68c: 5007c863     	bltz	a5, 0x100ab9c <__gdtoa+0x752>
 100a690: 100af313     	andi	t1, s5, 0x100
 100a694: 38031963     	bnez	t1, 0x100aa26 <__gdtoa+0x5dc>
 100a698: 000c4663     	bltz	s8, 0x100a6a4 <__gdtoa+0x25a>
 100a69c: 57d2         	lw	a5, 0x34(sp)
 100a69e: 4639         	li	a2, 0xe
 100a6a0: 52f65163     	bge	a2, a5, 0x100abc2 <__gdtoa+0x778>
 100a6a4: 47c6         	lw	a5, 0x50(sp)
 100a6a6: 4e078663     	beqz	a5, 0x100ab92 <__gdtoa+0x748>
 100a6aa: 41bd06b3     	sub	a3, s10, s11
 100a6ae: 004a2603     	lw	a2, 0x4(s4)
 100a6b2: 00168593     	addi	a1, a3, 0x1
 100a6b6: d6ae         	sw	a1, 0x6c(sp)
 100a6b8: 40dc06b3     	sub	a3, s8, a3
 100a6bc: 00c6dfe3     	bge	a3, a2, 0x100aeda <__gdtoa+0xa90>
 100a6c0: ffd90693     	addi	a3, s2, -0x3
 100a6c4: 9af5         	andi	a3, a3, -0x3
 100a6c6: 74068a63     	beqz	a3, 0x100ae1a <__gdtoa+0x9d0>
 100a6ca: 40cc06b3     	sub	a3, s8, a2
 100a6ce: 0685         	addi	a3, a3, 0x1
 100a6d0: d6b6         	sw	a3, 0x6c(sp)
 100a6d2: 4605         	li	a2, 0x1
 100a6d4: 01265863     	bge	a2, s2, 0x100a6e4 <__gdtoa+0x29a>
 100a6d8: 57b2         	lw	a5, 0x2c(sp)
 100a6da: 00f05563     	blez	a5, 0x100a6e4 <__gdtoa+0x29a>
 100a6de: 57b2         	lw	a5, 0x2c(sp)
 100a6e0: 44d7c8e3     	blt	a5, a3, 0x100b330 <__gdtoa+0xee6>
 100a6e4: 47e2         	lw	a5, 0x18(sp)
 100a6e6: 5d42         	lw	s10, 0x30(sp)
 100a6e8: 9eb6         	add	t4, t4, a3
 100a6ea: dc3e         	sw	a5, 0x38(sp)
 100a6ec: 97b6         	add	a5, a5, a3
 100a6ee: cc3e         	sw	a5, 0x18(sp)
 100a6f0: 4585         	li	a1, 0x1
 100a6f2: 8522         	mv	a0, s0
 100a6f4: ccc6         	sw	a7, 0x58(sp)
 100a6f6: c4f6         	sw	t4, 0x48(sp)
 100a6f8: c0c2         	sw	a6, 0x40(sp)
 100a6fa: e02ff0ef     	jal	0x1009cfc <__i2b>
 100a6fe: 4806         	lw	a6, 0x40(sp)
 100a700: 4ea6         	lw	t4, 0x48(sp)
 100a702: 48e6         	lw	a7, 0x58(sp)
 100a704: 8c2a         	mv	s8, a0
 100a706: 28050e63     	beqz	a0, 0x100a9a2 <__gdtoa+0x558>
 100a70a: 57e2         	lw	a5, 0x38(sp)
 100a70c: c385         	beqz	a5, 0x100a72c <__gdtoa+0x2e2>
 100a70e: 01d05f63     	blez	t4, 0x100a72c <__gdtoa+0x2e2>
 100a712: 86be         	mv	a3, a5
 100a714: 00fed363     	bge	t4, a5, 0x100a71a <__gdtoa+0x2d0>
 100a718: 86f6         	mv	a3, t4
 100a71a: 47e2         	lw	a5, 0x18(sp)
 100a71c: d6b6         	sw	a3, 0x6c(sp)
 100a71e: 40de8eb3     	sub	t4, t4, a3
 100a722: 8f95         	sub	a5, a5, a3
 100a724: cc3e         	sw	a5, 0x18(sp)
 100a726: 57e2         	lw	a5, 0x38(sp)
 100a728: 8f95         	sub	a5, a5, a3
 100a72a: dc3e         	sw	a5, 0x38(sp)
 100a72c: 57c2         	lw	a5, 0x30(sp)
 100a72e: c39d         	beqz	a5, 0x100a754 <__gdtoa+0x30a>
 100a730: 47c6         	lw	a5, 0x50(sp)
 100a732: c399         	beqz	a5, 0x100a738 <__gdtoa+0x2ee>
 100a734: 000d1ce3     	bnez	s10, 0x100af4c <__gdtoa+0xb02>
 100a738: 5642         	lw	a2, 0x30(sp)
 100a73a: 85e6         	mv	a1, s9
 100a73c: 8522         	mv	a0, s0
 100a73e: ccc6         	sw	a7, 0x58(sp)
 100a740: c4f6         	sw	t4, 0x48(sp)
 100a742: c0c2         	sw	a6, 0x40(sp)
 100a744: fb8ff0ef     	jal	0x1009efc <__pow5mult>
 100a748: 4806         	lw	a6, 0x40(sp)
 100a74a: 4ea6         	lw	t4, 0x48(sp)
 100a74c: 48e6         	lw	a7, 0x58(sp)
 100a74e: 8caa         	mv	s9, a0
 100a750: 24050963     	beqz	a0, 0x100a9a2 <__gdtoa+0x558>
 100a754: 4585         	li	a1, 0x1
 100a756: 8522         	mv	a0, s0
 100a758: c4c6         	sw	a7, 0x48(sp)
 100a75a: c0f6         	sw	t4, 0x40(sp)
 100a75c: d842         	sw	a6, 0x30(sp)
 100a75e: d9eff0ef     	jal	0x1009cfc <__i2b>
 100a762: 8d2a         	mv	s10, a0
 100a764: 22050f63     	beqz	a0, 0x100a9a2 <__gdtoa+0x558>
 100a768: 5842         	lw	a6, 0x30(sp)
 100a76a: 4e86         	lw	t4, 0x40(sp)
 100a76c: 48a6         	lw	a7, 0x48(sp)
 100a76e: 72081863     	bnez	a6, 0x100ae9e <__gdtoa+0xa54>
 100a772: 4685         	li	a3, 0x1
 100a774: 5326d363     	bge	a3, s2, 0x100ac9a <__gdtoa+0x850>
 100a778: 4a7d         	li	s4, 0x1f
 100a77a: 47e2         	lw	a5, 0x18(sp)
 100a77c: 41da0a33     	sub	s4, s4, t4
 100a780: 1a71         	addi	s4, s4, -0x4
 100a782: 01fa7a13     	andi	s4, s4, 0x1f
 100a786: 00fa0633     	add	a2, s4, a5
 100a78a: d6d2         	sw	s4, 0x6c(sp)
 100a78c: 87d2         	mv	a5, s4
 100a78e: 5ac04e63     	bgtz	a2, 0x100ad4a <__gdtoa+0x900>
 100a792: 00fe8633     	add	a2, t4, a5
 100a796: 1ec04b63     	bgtz	a2, 0x100a98c <__gdtoa+0x542>
 100a79a: 47d6         	lw	a5, 0x54(sp)
 100a79c: 5c079663     	bnez	a5, 0x100ad68 <__gdtoa+0x91e>
 100a7a0: 57b2         	lw	a5, 0x2c(sp)
 100a7a2: 68f05c63     	blez	a5, 0x100ae3a <__gdtoa+0x9f0>
 100a7a6: 47c6         	lw	a5, 0x50(sp)
 100a7a8: 5e078e63     	beqz	a5, 0x100ada4 <__gdtoa+0x95a>
 100a7ac: 57e2         	lw	a5, 0x38(sp)
 100a7ae: 00fa0633     	add	a2, s4, a5
 100a7b2: 00c04be3     	bgtz	a2, 0x100afc8 <__gdtoa+0xb7e>
 100a7b6: 8a62         	mv	s4, s8
 100a7b8: 060810e3     	bnez	a6, 0x100b018 <__gdtoa+0xbce>
 100a7bc: 5b32         	lw	s6, 0x2c(sp)
 100a7be: 8dc6         	mv	s11, a7
 100a7c0: 4685         	li	a3, 0x1
 100a7c2: d446         	sw	a7, 0x28(sp)
 100a7c4: cc5e         	sw	s7, 0x18(sp)
 100a7c6: d626         	sw	s1, 0x2c(sp)
 100a7c8: a885         	j	0x100a838 <__gdtoa+0x3ee>
 100a7ca: 8522         	mv	a0, s0
 100a7cc: b58ff0ef     	jal	0x1009b24 <_Bfree>
 100a7d0: 120acfe3     	bltz	s5, 0x100b10e <__gdtoa+0xcc4>
 100a7d4: 01596ab3     	or	s5, s2, s5
 100a7d8: 000a9763     	bnez	s5, 0x100a7e6 <__gdtoa+0x39c>
 100a7dc: 0009a783     	lw	a5, 0x0(s3)
 100a7e0: 8b85         	andi	a5, a5, 0x1
 100a7e2: 120786e3     	beqz	a5, 0x100b10e <__gdtoa+0xcc4>
 100a7e6: 5782         	lw	a5, 0x20(sp)
 100a7e8: 4709         	li	a4, 0x2
 100a7ea: 2ae79ee3     	bne	a5, a4, 0x100b2a6 <__gdtoa+0xe5c>
 100a7ee: 017d8023     	sb	s7, 0x0(s11)
 100a7f2: 57b6         	lw	a5, 0x6c(sp)
 100a7f4: 0d85         	addi	s11, s11, 0x1
 100a7f6: 22fb0fe3     	beq	s6, a5, 0x100b234 <__gdtoa+0xdea>
 100a7fa: 85e6         	mv	a1, s9
 100a7fc: 4681         	li	a3, 0x0
 100a7fe: 4629         	li	a2, 0xa
 100a800: 8522         	mv	a0, s0
 100a802: b34ff0ef     	jal	0x1009b36 <__multadd>
 100a806: 8caa         	mv	s9, a0
 100a808: 18050d63     	beqz	a0, 0x100a9a2 <__gdtoa+0x558>
 100a80c: 4681         	li	a3, 0x0
 100a80e: 4629         	li	a2, 0xa
 100a810: 85e2         	mv	a1, s8
 100a812: 8522         	mv	a0, s0
 100a814: 4b4c0d63     	beq	s8, s4, 0x100acce <__gdtoa+0x884>
 100a818: b1eff0ef     	jal	0x1009b36 <__multadd>
 100a81c: 8c2a         	mv	s8, a0
 100a81e: 18050263     	beqz	a0, 0x100a9a2 <__gdtoa+0x558>
 100a822: 85d2         	mv	a1, s4
 100a824: 4681         	li	a3, 0x0
 100a826: 4629         	li	a2, 0xa
 100a828: 8522         	mv	a0, s0
 100a82a: b0cff0ef     	jal	0x1009b36 <__multadd>
 100a82e: 8a2a         	mv	s4, a0
 100a830: 16050963     	beqz	a0, 0x100a9a2 <__gdtoa+0x558>
 100a834: 56b6         	lw	a3, 0x6c(sp)
 100a836: 0685         	addi	a3, a3, 0x1
 100a838: 85ea         	mv	a1, s10
 100a83a: 8566         	mv	a0, s9
 100a83c: d6b6         	sw	a3, 0x6c(sp)
 100a83e: b8cfe0ef     	jal	0x1008bca <__quorem_D2A>
 100a842: 84aa         	mv	s1, a0
 100a844: 85e2         	mv	a1, s8
 100a846: 8566         	mv	a0, s9
 100a848: 3859         	jal	0x100a0de <__mcmp>
 100a84a: 85ea         	mv	a1, s10
 100a84c: 8aaa         	mv	s5, a0
 100a84e: 8652         	mv	a2, s4
 100a850: 8522         	mv	a0, s0
 100a852: 30e1         	jal	0x100a11a <__mdiff>
 100a854: 03048b93     	addi	s7, s1, 0x30
 100a858: 85aa         	mv	a1, a0
 100a85a: 14050463     	beqz	a0, 0x100a9a2 <__gdtoa+0x558>
 100a85e: 455c         	lw	a5, 0xc(a0)
 100a860: f7ad         	bnez	a5, 0x100a7ca <__gdtoa+0x380>
 100a862: c82a         	sw	a0, 0x10(sp)
 100a864: 8566         	mv	a0, s9
 100a866: 38a5         	jal	0x100a0de <__mcmp>
 100a868: 45c2         	lw	a1, 0x10(sp)
 100a86a: 86aa         	mv	a3, a0
 100a86c: 8522         	mv	a0, s0
 100a86e: c836         	sw	a3, 0x10(sp)
 100a870: ab4ff0ef     	jal	0x1009b24 <_Bfree>
 100a874: 46c2         	lw	a3, 0x10(sp)
 100a876: 00d96733     	or	a4, s2, a3
 100a87a: 38071be3     	bnez	a4, 0x100b410 <__gdtoa+0xfc6>
 100a87e: 0009a783     	lw	a5, 0x0(s3)
 100a882: 8b85         	andi	a5, a5, 0x1
 100a884: 44079c63     	bnez	a5, 0x100acdc <__gdtoa+0x892>
 100a888: 5782         	lw	a5, 0x20(sp)
 100a88a: 2e0781e3     	beqz	a5, 0x100b36c <__gdtoa+0xf22>
 100a88e: f75040e3     	bgtz	s5, 0x100a7ee <__gdtoa+0x3a4>
 100a892: 010ca603     	lw	a2, 0x10(s9)
 100a896: 4685         	li	a3, 0x1
 100a898: 835e         	mv	t1, s7
 100a89a: 58a2         	lw	a7, 0x28(sp)
 100a89c: 4be2         	lw	s7, 0x18(sp)
 100a89e: 54b2         	lw	s1, 0x2c(sp)
 100a8a0: 8b3a         	mv	s6, a4
 100a8a2: 34c6d4e3     	bge	a3, a2, 0x100b3ea <__gdtoa+0xfa0>
 100a8a6: 5782         	lw	a5, 0x20(sp)
 100a8a8: 4689         	li	a3, 0x2
 100a8aa: 8a9a         	mv	s5, t1
 100a8ac: 8b46         	mv	s6, a7
 100a8ae: 02d79063     	bne	a5, a3, 0x100a8ce <__gdtoa+0x484>
 100a8b2: 31f0006f     	j	0x100b3d0 <__gdtoa+0xf86>
 100a8b6: a80ff0ef     	jal	0x1009b36 <__multadd>
 100a8ba: 85ea         	mv	a1, s10
 100a8bc: 8caa         	mv	s9, a0
 100a8be: 0e050263     	beqz	a0, 0x100a9a2 <__gdtoa+0x558>
 100a8c2: b08fe0ef     	jal	0x1008bca <__quorem_D2A>
 100a8c6: 03050a93     	addi	s5, a0, 0x30
 100a8ca: 8dca         	mv	s11, s2
 100a8cc: 8a4e         	mv	s4, s3
 100a8ce: 85d2         	mv	a1, s4
 100a8d0: 856a         	mv	a0, s10
 100a8d2: 3031         	jal	0x100a0de <__mcmp>
 100a8d4: 87aa         	mv	a5, a0
 100a8d6: 4681         	li	a3, 0x0
 100a8d8: 4629         	li	a2, 0xa
 100a8da: 85d2         	mv	a1, s4
 100a8dc: 8522         	mv	a0, s0
 100a8de: 001d8913     	addi	s2, s11, 0x1
 100a8e2: 2cf05de3     	blez	a5, 0x100b3bc <__gdtoa+0xf72>
 100a8e6: ff590fa3     	sb	s5, -0x1(s2)
 100a8ea: a4cff0ef     	jal	0x1009b36 <__multadd>
 100a8ee: 89aa         	mv	s3, a0
 100a8f0: 4681         	li	a3, 0x0
 100a8f2: 4629         	li	a2, 0xa
 100a8f4: 85e6         	mv	a1, s9
 100a8f6: 8522         	mv	a0, s0
 100a8f8: 0a098563     	beqz	s3, 0x100a9a2 <__gdtoa+0x558>
 100a8fc: fb4c1de3     	bne	s8, s4, 0x100a8b6 <__gdtoa+0x46c>
 100a900: 8c4e         	mv	s8, s3
 100a902: bf55         	j	0x100a8b6 <__gdtoa+0x46c>
 100a904: 4791         	li	a5, 0x4
 100a906: 0afe1663     	bne	t3, a5, 0x100a9b2 <__gdtoa+0x568>
 100a90a: 4632         	lw	a2, 0xc(sp)
 100a90c: 4b4a         	lw	s6, 0x90(sp)
 100a90e: 50ba         	lw	ra, 0xac(sp)
 100a910: 549a         	lw	s1, 0xa4(sp)
 100a912: 4ada         	lw	s5, 0x94(sp)
 100a914: 4bba         	lw	s7, 0x8c(sp)
 100a916: 77e1         	lui	a5, 0xffff8
 100a918: 00f8a023     	sw	a5, 0x0(a7)
 100a91c: 010105b7     	lui	a1, 0x1010
 100a920: 468d         	li	a3, 0x3
 100a922: 8b858593     	addi	a1, a1, -0x748
 100a926: 614d         	addi	sp, sp, 0xb0
 100a928: a1efe06f     	j	0x1008b46 <__nrv_alloc_D2A>
 100a92c: 85e6         	mv	a1, s9
 100a92e: 8522         	mv	a0, s0
 100a930: 9f4ff0ef     	jal	0x1009b24 <_Bfree>
 100a934: 590a         	lw	s2, 0xa0(sp)
 100a936: 49fa         	lw	s3, 0x9c(sp)
 100a938: 4a6a         	lw	s4, 0x98(sp)
 100a93a: 4c2a         	lw	s8, 0x88(sp)
 100a93c: 4c9a         	lw	s9, 0x84(sp)
 100a93e: 4d0a         	lw	s10, 0x80(sp)
 100a940: 5df6         	lw	s11, 0x7c(sp)
 100a942: 4632         	lw	a2, 0xc(sp)
 100a944: 4785         	li	a5, 0x1
 100a946: 010105b7     	lui	a1, 0x1010
 100a94a: 8522         	mv	a0, s0
 100a94c: c09c         	sw	a5, 0x0(s1)
 100a94e: 4685         	li	a3, 0x1
 100a950: 8c058593     	addi	a1, a1, -0x740
 100a954: 9f2fe0ef     	jal	0x1008b46 <__nrv_alloc_D2A>
 100a958: 542a         	lw	s0, 0xa8(sp)
 100a95a: 88aa         	mv	a7, a0
 100a95c: 50ba         	lw	ra, 0xac(sp)
 100a95e: 4b4a         	lw	s6, 0x90(sp)
 100a960: 549a         	lw	s1, 0xa4(sp)
 100a962: 4ada         	lw	s5, 0x94(sp)
 100a964: 4bba         	lw	s7, 0x8c(sp)
 100a966: 8546         	mv	a0, a7
 100a968: 614d         	addi	sp, sp, 0xb0
 100a96a: 8082         	ret
 100a96c: 4632         	lw	a2, 0xc(sp)
 100a96e: 50ba         	lw	ra, 0xac(sp)
 100a970: 549a         	lw	s1, 0xa4(sp)
 100a972: 4ada         	lw	s5, 0x94(sp)
 100a974: 4bba         	lw	s7, 0x8c(sp)
 100a976: 77e1         	lui	a5, 0xffff8
 100a978: 00f8a023     	sw	a5, 0x0(a7)
 100a97c: 010105b7     	lui	a1, 0x1010
 100a980: 46a1         	li	a3, 0x8
 100a982: 91058593     	addi	a1, a1, -0x6f0
 100a986: 614d         	addi	sp, sp, 0xb0
 100a988: 9befe06f     	j	0x1008b46 <__nrv_alloc_D2A>
 100a98c: 85ea         	mv	a1, s10
 100a98e: 8522         	mv	a0, s0
 100a990: cc46         	sw	a7, 0x18(sp)
 100a992: c842         	sw	a6, 0x10(sp)
 100a994: e3aff0ef     	jal	0x1009fce <__lshift>
 100a998: 4842         	lw	a6, 0x10(sp)
 100a99a: 48e2         	lw	a7, 0x18(sp)
 100a99c: 8d2a         	mv	s10, a0
 100a99e: de051ee3     	bnez	a0, 0x100a79a <__gdtoa+0x350>
 100a9a2: 542a         	lw	s0, 0xa8(sp)
 100a9a4: 590a         	lw	s2, 0xa0(sp)
 100a9a6: 49fa         	lw	s3, 0x9c(sp)
 100a9a8: 4a6a         	lw	s4, 0x98(sp)
 100a9aa: 4c2a         	lw	s8, 0x88(sp)
 100a9ac: 4c9a         	lw	s9, 0x84(sp)
 100a9ae: 4d0a         	lw	s10, 0x80(sp)
 100a9b0: 5df6         	lw	s11, 0x7c(sp)
 100a9b2: 4881         	li	a7, 0x0
 100a9b4: b765         	j	0x100a95c <__gdtoa+0x512>
 100a9b6: 000ca823     	sw	zero, 0x10(s9)
 100a9ba: b6ad         	j	0x100a524 <__gdtoa+0xda>
 100a9bc: 4785         	li	a5, 0x1
 100a9be: cabe         	sw	a5, 0x54(sp)
 100a9c0: cc02         	sw	zero, 0x18(sp)
 100a9c2: 1c0ec063     	bltz	t4, 0x100ab82 <__gdtoa+0x738>
 100a9c6: c4085ae3     	bgez	a6, 0x100a61a <__gdtoa+0x1d0>
 100a9ca: 47e2         	lw	a5, 0x18(sp)
 100a9cc: da42         	sw	a6, 0x34(sp)
 100a9ce: 410787b3     	sub	a5, a5, a6
 100a9d2: cc3e         	sw	a5, 0x18(sp)
 100a9d4: 410007b3     	neg	a5, a6
 100a9d8: d83e         	sw	a5, 0x30(sp)
 100a9da: 4801         	li	a6, 0x0
 100a9dc: b191         	j	0x100a620 <__gdtoa+0x1d6>
 100a9de: 85aa         	mv	a1, a0
 100a9e0: 8566         	mv	a0, s9
 100a9e2: 27d000ef     	jal	0x100b45e <__rshift_D2A>
 100a9e6: 5636         	lw	a2, 0x6c(sp)
 100a9e8: 47c2         	lw	a5, 0x10(sp)
 100a9ea: 40cd8db3     	sub	s11, s11, a2
 100a9ee: 00f60c33     	add	s8, a2, a5
 100a9f2: b681         	j	0x100a532 <__gdtoa+0xe8>
 100a9f4: 3fd88893     	addi	a7, a7, 0x3fd
 100a9f8: 7f88b793     	sltiu	a5, a7, 0x7f8
 100a9fc: ccbe         	sw	a5, 0x58(sp)
 100a9fe: 4901         	li	s2, 0x0
 100aa00: 01010637     	lui	a2, 0x1010
 100aa04: 05063707     	fld	fa4, 0x50(a2)
 100aa08: d20d07d3     	fcvt.d.w	fa5, s10
 100aa0c: 4785         	li	a5, 0x1
 100aa0e: c8be         	sw	a5, 0x50(sp)
 100aa10: 12e7f7d3     	fmul.d	fa5, fa5, fa4
 100aa14: 57fd         	li	a5, -0x1
 100aa16: d402         	sw	zero, 0x28(sp)
 100aa18: cebe         	sw	a5, 0x5c(sp)
 100aa1a: d63e         	sw	a5, 0x2c(sp)
 100aa1c: c20795d3     	fcvt.w.d	a1, fa5, rtz
 100aa20: 058d         	addi	a1, a1, 0x3
 100aa22: 862e         	mv	a2, a1
 100aa24: b93d         	j	0x100a662 <__gdtoa+0x218>
 100aa26: 5782         	lw	a5, 0x20(sp)
 100aa28: 460d         	li	a2, 0x3
 100aa2a: 40f607b3     	sub	a5, a2, a5
 100aa2e: d03e         	sw	a5, 0x20(sp)
 100aa30: 57b2         	lw	a5, 0x2c(sp)
 100aa32: 4639         	li	a2, 0xe
 100aa34: c6f662e3     	bltu	a2, a5, 0x100a698 <__gdtoa+0x24e>
 100aa38: 4766         	lw	a4, 0x58(sp)
 100aa3a: c4070fe3     	beqz	a4, 0x100a698 <__gdtoa+0x24e>
 100aa3e: 5752         	lw	a4, 0x34(sp)
 100aa40: 5682         	lw	a3, 0x20(sp)
 100aa42: 00d76633     	or	a2, a4, a3
 100aa46: c40619e3     	bnez	a2, 0x100a698 <__gdtoa+0x24e>
 100aa4a: 4756         	lw	a4, 0x54(sp)
 100aa4c: d682         	sw	zero, 0x6c(sp)
 100aa4e: d07a         	sw	t5, 0x20(sp)
 100aa50: d27e         	sw	t6, 0x24(sp)
 100aa52: cf01         	beqz	a4, 0x100aa6a <__gdtoa+0x620>
 100aa54: 01010337     	lui	t1, 0x1010
 100aa58: dc7a         	sw	t5, 0x38(sp)
 100aa5a: de7e         	sw	t6, 0x3c(sp)
 100aa5c: 06033787     	fld	fa5, 0x60(t1)
 100aa60: 3762         	fld	fa4, 0x38(sp)
 100aa62: a2f71653     	flt.d	a2, fa4, fa5
 100aa66: 7c061e63     	bnez	a2, 0x100b242 <__gdtoa+0xdf8>
 100aa6a: 01010637     	lui	a2, 0x1010
 100aa6e: 05863707     	fld	fa4, 0x58(a2)
 100aa72: 01010637     	lui	a2, 0x1010
 100aa76: 08063787     	fld	fa5, 0x80(a2)
 100aa7a: 3682         	fld	fa3, 0x20(sp)
 100aa7c: 57b2         	lw	a5, 0x2c(sp)
 100aa7e: fcc00637     	lui	a2, 0xfcc00
 100aa82: 7ae6f7c3     	fmadd.d	fa5, fa3, fa4, fa5
 100aa86: bc3e         	fsd	fa5, 0x38(sp)
 100aa88: 5562         	lw	a0, 0x38(sp)
 100aa8a: 55f2         	lw	a1, 0x3c(sp)
 100aa8c: 832a         	mv	t1, a0
 100aa8e: 962e         	add	a2, a2, a1
 100aa90: 5e078263     	beqz	a5, 0x100b074 <__gdtoa+0xc2a>
 100aa94: 3782         	fld	fa5, 0x20(sp)
 100aa96: 5532         	lw	a0, 0x2c(sp)
 100aa98: 4381         	li	t2, 0x0
 100aa9a: bc3e         	fsd	fa5, 0x38(sp)
 100aa9c: 010105b7     	lui	a1, 0x1010
 100aaa0: fff50793     	addi	a5, a0, -0x1
 100aaa4: 078e         	slli	a5, a5, 0x3
 100aaa6: d4058293     	addi	t0, a1, -0x2c0
 100aaaa: 005786b3     	add	a3, a5, t0
 100aaae: 229c         	fld	fa5, 0x0(a3)
 100aab0: 46c6         	lw	a3, 0x50(sp)
 100aab2: 871a         	mv	a4, t1
 100aab4: 87b2         	mv	a5, a2
 100aab6: 6e068563     	beqz	a3, 0x100b1a0 <__gdtoa+0xd56>
 100aaba: 3762         	fld	fa4, 0x38(sp)
 100aabc: 01010fb7     	lui	t6, 0x1010
 100aac0: 36e2         	fld	fa3, 0x38(sp)
 100aac2: c2071353     	fcvt.w.d	t1, fa4, rtz
 100aac6: 078fb707     	fld	fa4, 0x78(t6)
 100aaca: dc3a         	sw	a4, 0x38(sp)
 100aacc: de3e         	sw	a5, 0x3c(sp)
 100aace: 1af77753     	fdiv.d	fa4, fa4, fa5
 100aad2: d20307d3     	fcvt.d.w	fa5, t1
 100aad6: 03030313     	addi	t1, t1, 0x30
 100aada: 00688023     	sb	t1, 0x0(a7)
 100aade: 0af6f7d3     	fsub.d	fa5, fa3, fa5
 100aae2: 36e2         	fld	fa3, 0x38(sp)
 100aae4: 00188613     	addi	a2, a7, 0x1
 100aae8: 0ad77753     	fsub.d	fa4, fa4, fa3
 100aaec: a2e79353     	flt.d	t1, fa5, fa4
 100aaf0: 00031be3     	bnez	t1, 0x100b306 <__gdtoa+0xebc>
 100aaf4: 01010337     	lui	t1, 0x1010
 100aaf8: 06033587     	fld	fa1, 0x60(t1)
 100aafc: 01010337     	lui	t1, 0x1010
 100ab00: 06833607     	fld	fa2, 0x68(t1)
 100ab04: a80d         	j	0x100ab36 <__gdtoa+0x6ec>
 100ab06: 57b6         	lw	a5, 0x6c(sp)
 100ab08: 0605         	addi	a2, a2, 0x1
 100ab0a: 0785         	addi	a5, a5, 0x1
 100ab0c: d6be         	sw	a5, 0x6c(sp)
 100ab0e: 00a7dae3     	bge	a5, a0, 0x100b322 <__gdtoa+0xed8>
 100ab12: 12c7f7d3     	fmul.d	fa5, fa5, fa2
 100ab16: 12c77753     	fmul.d	fa4, fa4, fa2
 100ab1a: c20797d3     	fcvt.w.d	a5, fa5, rtz
 100ab1e: d20786d3     	fcvt.d.w	fa3, a5
 100ab22: 03078793     	addi	a5, a5, 0x30
 100ab26: fef60fa3     	sb	a5, -0x1(a2)
 100ab2a: 0ad7f7d3     	fsub.d	fa5, fa5, fa3
 100ab2e: a2e797d3     	flt.d	a5, fa5, fa4
 100ab32: 7c079a63     	bnez	a5, 0x100b306 <__gdtoa+0xebc>
 100ab36: 0af5f6d3     	fsub.d	fa3, fa1, fa5
 100ab3a: a2e697d3     	flt.d	a5, fa3, fa4
 100ab3e: d7e1         	beqz	a5, 0x100ab06 <__gdtoa+0x6bc>
 100ab40: fff64683     	lbu	a3, -0x1(a2)
 100ab44: 00138513     	addi	a0, t2, 0x1
 100ab48: 03900593     	li	a1, 0x39
 100ab4c: a031         	j	0x100ab58 <__gdtoa+0x70e>
 100ab4e: 64f88563     	beq	a7, a5, 0x100b198 <__gdtoa+0xd4e>
 100ab52: fff7c683     	lbu	a3, -0x1(a5)
 100ab56: 863e         	mv	a2, a5
 100ab58: fff60793     	addi	a5, a2, -0x1
 100ab5c: feb689e3     	beq	a3, a1, 0x100ab4e <__gdtoa+0x704>
 100ab60: 0685         	addi	a3, a3, 0x1
 100ab62: 0ff6f693     	andi	a3, a3, 0xff
 100ab66: 00d78023     	sb	a3, 0x0(a5)
 100ab6a: 892a         	mv	s2, a0
 100ab6c: 02000b13     	li	s6, 0x20
 100ab70: a0fd         	j	0x100ac5e <__gdtoa+0x814>
 100ab72: 542a         	lw	s0, 0xa8(sp)
 100ab74: 590a         	lw	s2, 0xa0(sp)
 100ab76: 49fa         	lw	s3, 0x9c(sp)
 100ab78: 4a6a         	lw	s4, 0x98(sp)
 100ab7a: 4c9a         	lw	s9, 0x84(sp)
 100ab7c: 4d0a         	lw	s10, 0x80(sp)
 100ab7e: 4881         	li	a7, 0x0
 100ab80: bbf1         	j	0x100a95c <__gdtoa+0x512>
 100ab82: 4605         	li	a2, 0x1
 100ab84: 40a607b3     	sub	a5, a2, a0
 100ab88: cc3e         	sw	a5, 0x18(sp)
 100ab8a: 4e81         	li	t4, 0x0
 100ab8c: e2084fe3     	bltz	a6, 0x100a9ca <__gdtoa+0x580>
 100ab90: b469         	j	0x100a61a <__gdtoa+0x1d0>
 100ab92: 47e2         	lw	a5, 0x18(sp)
 100ab94: 5d42         	lw	s10, 0x30(sp)
 100ab96: 4c01         	li	s8, 0x0
 100ab98: dc3e         	sw	a5, 0x38(sp)
 100ab9a: be85         	j	0x100a70a <__gdtoa+0x2c0>
 100ab9c: 4789         	li	a5, 0x2
 100ab9e: d03e         	sw	a5, 0x20(sp)
 100aba0: bcc5         	j	0x100a690 <__gdtoa+0x246>
 100aba2: 187d         	addi	a6, a6, -0x1
 100aba4: ca82         	sw	zero, 0x54(sp)
 100aba6: bd29         	j	0x100a9c0 <__gdtoa+0x576>
 100aba8: 1971         	addi	s2, s2, -0x4
 100abaa: 4591         	li	a1, 0x4
 100abac: 10b90563     	beq	s2, a1, 0x100acb6 <__gdtoa+0x86c>
 100abb0: 42c90863     	beq	s2, a2, 0x100afe0 <__gdtoa+0xb96>
 100abb4: 4609         	li	a2, 0x2
 100abb6: cc82         	sw	zero, 0x58(sp)
 100abb8: c882         	sw	zero, 0x50(sp)
 100abba: 10c90163     	beq	s2, a2, 0x100acbc <__gdtoa+0x872>
 100abbe: 490d         	li	s2, 0x3
 100abc0: b479         	j	0x100a64e <__gdtoa+0x204>
 100abc2: 010106b7     	lui	a3, 0x1010
 100abc6: 078e         	slli	a5, a5, 0x3
 100abc8: d4068693     	addi	a3, a3, -0x2c0
 100abcc: 97b6         	add	a5, a5, a3
 100abce: 2398         	fld	fa4, 0x0(a5)
 100abd0: 57a2         	lw	a5, 0x28(sp)
 100abd2: 3207c563     	bltz	a5, 0x100aefc <__gdtoa+0xab2>
 100abd6: c87a         	sw	t5, 0x10(sp)
 100abd8: ca7e         	sw	t6, 0x14(sp)
 100abda: 27c2         	fld	fa5, 0x10(sp)
 100abdc: 4785         	li	a5, 0x1
 100abde: d6be         	sw	a5, 0x6c(sp)
 100abe0: 1ae7f7d3     	fdiv.d	fa5, fa5, fa4
 100abe4: 57d2         	lw	a5, 0x34(sp)
 100abe6: 26c2         	fld	fa3, 0x10(sp)
 100abe8: 00188613     	addi	a2, a7, 0x1
 100abec: 00178513     	addi	a0, a5, 0x1
 100abf0: 892a         	mv	s2, a0
 100abf2: c20797d3     	fcvt.w.d	a5, fa5, rtz
 100abf6: d20787d3     	fcvt.d.w	fa5, a5
 100abfa: 03078693     	addi	a3, a5, 0x30
 100abfe: 00d88023     	sb	a3, 0x0(a7)
 100ac02: 6af777cb     	fnmsub.d	fa5, fa4, fa5, fa3
 100ac06: d20006d3     	fcvt.d.w	fa3, zero
 100ac0a: a2d7a6d3     	feq.d	a3, fa5, fa3
 100ac0e: eaa1         	bnez	a3, 0x100ac5e <__gdtoa+0x814>
 100ac10: 010106b7     	lui	a3, 0x1010
 100ac14: 0686b587     	fld	fa1, 0x68(a3)
 100ac18: 22d68653     	fmv.d	fa2, fa3
 100ac1c: 55b2         	lw	a1, 0x2c(sp)
 100ac1e: a025         	j	0x100ac46 <__gdtoa+0x7fc>
 100ac20: 12b7f7d3     	fmul.d	fa5, fa5, fa1
 100ac24: d6b6         	sw	a3, 0x6c(sp)
 100ac26: 0605         	addi	a2, a2, 0x1
 100ac28: 1ae7f6d3     	fdiv.d	fa3, fa5, fa4
 100ac2c: c20697d3     	fcvt.w.d	a5, fa3, rtz
 100ac30: d20786d3     	fcvt.d.w	fa3, a5
 100ac34: 03078713     	addi	a4, a5, 0x30
 100ac38: fee60fa3     	sb	a4, -0x1(a2)
 100ac3c: 7ae6f7cb     	fnmsub.d	fa5, fa3, fa4, fa5
 100ac40: a2c7a753     	feq.d	a4, fa5, fa2
 100ac44: ef09         	bnez	a4, 0x100ac5e <__gdtoa+0x814>
 100ac46: 5736         	lw	a4, 0x6c(sp)
 100ac48: 00170693     	addi	a3, a4, 0x1
 100ac4c: fcb71ae3     	bne	a4, a1, 0x100ac20 <__gdtoa+0x7d6>
 100ac50: 5702         	lw	a4, 0x20(sp)
 100ac52: 50070963     	beqz	a4, 0x100b164 <__gdtoa+0xd1a>
 100ac56: 4785         	li	a5, 0x1
 100ac58: 4b41         	li	s6, 0x10
 100ac5a: 62f70763     	beq	a4, a5, 0x100b288 <__gdtoa+0xe3e>
 100ac5e: 85e6         	mv	a1, s9
 100ac60: 8522         	mv	a0, s0
 100ac62: d446         	sw	a7, 0x28(sp)
 100ac64: c832         	sw	a2, 0x10(sp)
 100ac66: ebffe0ef     	jal	0x1009b24 <_Bfree>
 100ac6a: 4642         	lw	a2, 0x10(sp)
 100ac6c: 47b2         	lw	a5, 0xc(sp)
 100ac6e: 58a2         	lw	a7, 0x28(sp)
 100ac70: 00060023     	sb	zero, 0x0(a2)
 100ac74: 0124a023     	sw	s2, 0x0(s1)
 100ac78: c391         	beqz	a5, 0x100ac7c <__gdtoa+0x832>
 100ac7a: c390         	sw	a2, 0x0(a5)
 100ac7c: 000ba783     	lw	a5, 0x0(s7)
 100ac80: 542a         	lw	s0, 0xa8(sp)
 100ac82: 590a         	lw	s2, 0xa0(sp)
 100ac84: 0167e7b3     	or	a5, a5, s6
 100ac88: 49fa         	lw	s3, 0x9c(sp)
 100ac8a: 4a6a         	lw	s4, 0x98(sp)
 100ac8c: 4c2a         	lw	s8, 0x88(sp)
 100ac8e: 4c9a         	lw	s9, 0x84(sp)
 100ac90: 4d0a         	lw	s10, 0x80(sp)
 100ac92: 5df6         	lw	s11, 0x7c(sp)
 100ac94: 00fba023     	sw	a5, 0x0(s7)
 100ac98: b1d1         	j	0x100a95c <__gdtoa+0x512>
 100ac9a: acdd9fe3     	bne	s11, a3, 0x100a778 <__gdtoa+0x32e>
 100ac9e: 004a2783     	lw	a5, 0x4(s4)
 100aca2: 4742         	lw	a4, 0x10(sp)
 100aca4: 0785         	addi	a5, a5, 0x1
 100aca6: ace7d9e3     	bge	a5, a4, 0x100a778 <__gdtoa+0x32e>
 100acaa: 47e2         	lw	a5, 0x18(sp)
 100acac: 0e85         	addi	t4, t4, 0x1
 100acae: 4805         	li	a6, 0x1
 100acb0: 0785         	addi	a5, a5, 0x1
 100acb2: cc3e         	sw	a5, 0x18(sp)
 100acb4: b4d1         	j	0x100a778 <__gdtoa+0x32e>
 100acb6: 4785         	li	a5, 0x1
 100acb8: cc82         	sw	zero, 0x58(sp)
 100acba: c8be         	sw	a5, 0x50(sp)
 100acbc: 55a2         	lw	a1, 0x28(sp)
 100acbe: 00b04363     	bgtz	a1, 0x100acc4 <__gdtoa+0x87a>
 100acc2: 4585         	li	a1, 0x1
 100acc4: 862e         	mv	a2, a1
 100acc6: ceae         	sw	a1, 0x5c(sp)
 100acc8: d62e         	sw	a1, 0x2c(sp)
 100acca: d42e         	sw	a1, 0x28(sp)
 100accc: ba59         	j	0x100a662 <__gdtoa+0x218>
 100acce: e69fe0ef     	jal	0x1009b36 <__multadd>
 100acd2: 8c2a         	mv	s8, a0
 100acd4: cc0507e3     	beqz	a0, 0x100a9a2 <__gdtoa+0x558>
 100acd8: 8a2a         	mv	s4, a0
 100acda: bea9         	j	0x100a834 <__gdtoa+0x3ea>
 100acdc: b00ad9e3     	bgez	s5, 0x100a7ee <__gdtoa+0x3a4>
 100ace0: 5782         	lw	a5, 0x20(sp)
 100ace2: 835e         	mv	t1, s7
 100ace4: 58a2         	lw	a7, 0x28(sp)
 100ace6: 4be2         	lw	s7, 0x18(sp)
 100ace8: 54b2         	lw	s1, 0x2c(sp)
 100acea: 8b3a         	mv	s6, a4
 100acec: 6e079a63     	bnez	a5, 0x100b3e0 <__gdtoa+0xf96>
 100acf0: 010ca603     	lw	a2, 0x10(s9)
 100acf4: 4685         	li	a3, 0x1
 100acf6: 4b41         	li	s6, 0x10
 100acf8: 001d8913     	addi	s2, s11, 0x1
 100acfc: 6ac6da63     	bge	a3, a2, 0x100b3b0 <__gdtoa+0xf66>
 100ad00: 89e2         	mv	s3, s8
 100ad02: 864a         	mv	a2, s2
 100ad04: 006d8023     	sb	t1, 0x0(s11)
 100ad08: 8c52         	mv	s8, s4
 100ad0a: 85ea         	mv	a1, s10
 100ad0c: 8522         	mv	a0, s0
 100ad0e: d446         	sw	a7, 0x28(sp)
 100ad10: c832         	sw	a2, 0x10(sp)
 100ad12: e13fe0ef     	jal	0x1009b24 <_Bfree>
 100ad16: 57d2         	lw	a5, 0x34(sp)
 100ad18: 4642         	lw	a2, 0x10(sp)
 100ad1a: 58a2         	lw	a7, 0x28(sp)
 100ad1c: 00178913     	addi	s2, a5, 0x1
 100ad20: f20c0fe3     	beqz	s8, 0x100ac5e <__gdtoa+0x814>
 100ad24: 00098a63     	beqz	s3, 0x100ad38 <__gdtoa+0x8ee>
 100ad28: 01898863     	beq	s3, s8, 0x100ad38 <__gdtoa+0x8ee>
 100ad2c: 85ce         	mv	a1, s3
 100ad2e: 8522         	mv	a0, s0
 100ad30: df5fe0ef     	jal	0x1009b24 <_Bfree>
 100ad34: 58a2         	lw	a7, 0x28(sp)
 100ad36: 4642         	lw	a2, 0x10(sp)
 100ad38: 85e2         	mv	a1, s8
 100ad3a: 8522         	mv	a0, s0
 100ad3c: d446         	sw	a7, 0x28(sp)
 100ad3e: c832         	sw	a2, 0x10(sp)
 100ad40: de5fe0ef     	jal	0x1009b24 <_Bfree>
 100ad44: 58a2         	lw	a7, 0x28(sp)
 100ad46: 4642         	lw	a2, 0x10(sp)
 100ad48: bf19         	j	0x100ac5e <__gdtoa+0x814>
 100ad4a: 85e6         	mv	a1, s9
 100ad4c: 8522         	mv	a0, s0
 100ad4e: d846         	sw	a7, 0x30(sp)
 100ad50: cc76         	sw	t4, 0x18(sp)
 100ad52: c842         	sw	a6, 0x10(sp)
 100ad54: a7aff0ef     	jal	0x1009fce <__lshift>
 100ad58: 8caa         	mv	s9, a0
 100ad5a: c40504e3     	beqz	a0, 0x100a9a2 <__gdtoa+0x558>
 100ad5e: 57b6         	lw	a5, 0x6c(sp)
 100ad60: 58c2         	lw	a7, 0x30(sp)
 100ad62: 4ee2         	lw	t4, 0x18(sp)
 100ad64: 4842         	lw	a6, 0x10(sp)
 100ad66: b435         	j	0x100a792 <__gdtoa+0x348>
 100ad68: 85ea         	mv	a1, s10
 100ad6a: 8566         	mv	a0, s9
 100ad6c: cc46         	sw	a7, 0x18(sp)
 100ad6e: c842         	sw	a6, 0x10(sp)
 100ad70: b6eff0ef     	jal	0x100a0de <__mcmp>
 100ad74: 4842         	lw	a6, 0x10(sp)
 100ad76: 48e2         	lw	a7, 0x18(sp)
 100ad78: a20554e3     	bgez	a0, 0x100a7a0 <__gdtoa+0x356>
 100ad7c: 57d2         	lw	a5, 0x34(sp)
 100ad7e: 85e6         	mv	a1, s9
 100ad80: 4681         	li	a3, 0x0
 100ad82: 17fd         	addi	a5, a5, -0x1
 100ad84: 4629         	li	a2, 0xa
 100ad86: 8522         	mv	a0, s0
 100ad88: da3e         	sw	a5, 0x34(sp)
 100ad8a: dadfe0ef     	jal	0x1009b36 <__multadd>
 100ad8e: 8caa         	mv	s9, a0
 100ad90: c00509e3     	beqz	a0, 0x100a9a2 <__gdtoa+0x558>
 100ad94: 47c6         	lw	a5, 0x50(sp)
 100ad96: 48e2         	lw	a7, 0x18(sp)
 100ad98: 52079f63     	bnez	a5, 0x100b2d6 <__gdtoa+0xe8c>
 100ad9c: 47f6         	lw	a5, 0x5c(sp)
 100ad9e: 14f05963     	blez	a5, 0x100aef0 <__gdtoa+0xaa6>
 100ada2: d63e         	sw	a5, 0x2c(sp)
 100ada4: 5932         	lw	s2, 0x2c(sp)
 100ada6: 8dc6         	mv	s11, a7
 100ada8: 4685         	li	a3, 0x1
 100adaa: 89c6         	mv	s3, a7
 100adac: a801         	j	0x100adbc <__gdtoa+0x972>
 100adae: d89fe0ef     	jal	0x1009b36 <__multadd>
 100adb2: 8caa         	mv	s9, a0
 100adb4: be0507e3     	beqz	a0, 0x100a9a2 <__gdtoa+0x558>
 100adb8: 56b6         	lw	a3, 0x6c(sp)
 100adba: 0685         	addi	a3, a3, 0x1
 100adbc: 85ea         	mv	a1, s10
 100adbe: 8566         	mv	a0, s9
 100adc0: d6b6         	sw	a3, 0x6c(sp)
 100adc2: e09fd0ef     	jal	0x1008bca <__quorem_D2A>
 100adc6: 03050313     	addi	t1, a0, 0x30
 100adca: 006d8023     	sb	t1, 0x0(s11)
 100adce: 57b6         	lw	a5, 0x6c(sp)
 100add0: 4681         	li	a3, 0x0
 100add2: 4629         	li	a2, 0xa
 100add4: 85e6         	mv	a1, s9
 100add6: 8522         	mv	a0, s0
 100add8: 0d85         	addi	s11, s11, 0x1
 100adda: fd27cae3     	blt	a5, s2, 0x100adae <__gdtoa+0x964>
 100adde: 88ce         	mv	a7, s3
 100ade0: 4981         	li	s3, 0x0
 100ade2: 5782         	lw	a5, 0x20(sp)
 100ade4: 2c078c63     	beqz	a5, 0x100b0bc <__gdtoa+0xc72>
 100ade8: 4689         	li	a3, 0x2
 100adea: 010ca603     	lw	a2, 0x10(s9)
 100adee: 2ed78d63     	beq	a5, a3, 0x100b0e8 <__gdtoa+0xc9e>
 100adf2: 4685         	li	a3, 0x1
 100adf4: 1ac6c963     	blt	a3, a2, 0x100afa6 <__gdtoa+0xb5c>
 100adf8: 014ca683     	lw	a3, 0x14(s9)
 100adfc: 1a069563     	bnez	a3, 0x100afa6 <__gdtoa+0xb5c>
 100ae00: 00d036b3     	snez	a3, a3
 100ae04: 00469b13     	slli	s6, a3, 0x4
 100ae08: 03000593     	li	a1, 0x30
 100ae0c: fffdc783     	lbu	a5, -0x1(s11)
 100ae10: 866e         	mv	a2, s11
 100ae12: 1dfd         	addi	s11, s11, -0x1
 100ae14: feb78ce3     	beq	a5, a1, 0x100ae0c <__gdtoa+0x9c2>
 100ae18: bdcd         	j	0x100ad0a <__gdtoa+0x8c0>
 100ae1a: 57b2         	lw	a5, 0x2c(sp)
 100ae1c: 5742         	lw	a4, 0x30(sp)
 100ae1e: fff78693     	addi	a3, a5, -0x1
 100ae22: 10d74663     	blt	a4, a3, 0x100af2e <__gdtoa+0xae4>
 100ae26: 40d70d33     	sub	s10, a4, a3
 100ae2a: 4607d663     	bgez	a5, 0x100b296 <__gdtoa+0xe4c>
 100ae2e: 47e2         	lw	a5, 0x18(sp)
 100ae30: 5732         	lw	a4, 0x2c(sp)
 100ae32: d682         	sw	zero, 0x6c(sp)
 100ae34: 8f99         	sub	a5, a5, a4
 100ae36: dc3e         	sw	a5, 0x38(sp)
 100ae38: b865         	j	0x100a6f0 <__gdtoa+0x2a6>
 100ae3a: 4789         	li	a5, 0x2
 100ae3c: 9727d5e3     	bge	a5, s2, 0x100a7a6 <__gdtoa+0x35c>
 100ae40: 85ea         	mv	a1, s10
 100ae42: 4681         	li	a3, 0x0
 100ae44: 4615         	li	a2, 0x5
 100ae46: 8522         	mv	a0, s0
 100ae48: c846         	sw	a7, 0x10(sp)
 100ae4a: cedfe0ef     	jal	0x1009b36 <__multadd>
 100ae4e: 85aa         	mv	a1, a0
 100ae50: b40509e3     	beqz	a0, 0x100a9a2 <__gdtoa+0x558>
 100ae54: 57b2         	lw	a5, 0x2c(sp)
 100ae56: 48c2         	lw	a7, 0x10(sp)
 100ae58: e7e9         	bnez	a5, 0x100af22 <__gdtoa+0xad8>
 100ae5a: c82a         	sw	a0, 0x10(sp)
 100ae5c: 8566         	mv	a0, s9
 100ae5e: cc46         	sw	a7, 0x18(sp)
 100ae60: a7eff0ef     	jal	0x100a0de <__mcmp>
 100ae64: 45c2         	lw	a1, 0x10(sp)
 100ae66: 48e2         	lw	a7, 0x18(sp)
 100ae68: 0aa05d63     	blez	a0, 0x100af22 <__gdtoa+0xad8>
 100ae6c: 57d2         	lw	a5, 0x34(sp)
 100ae6e: 00278913     	addi	s2, a5, 0x2
 100ae72: 03100793     	li	a5, 0x31
 100ae76: 00188613     	addi	a2, a7, 0x1
 100ae7a: 00f88023     	sb	a5, 0x0(a7)
 100ae7e: 02000b13     	li	s6, 0x20
 100ae82: 8522         	mv	a0, s0
 100ae84: d446         	sw	a7, 0x28(sp)
 100ae86: c832         	sw	a2, 0x10(sp)
 100ae88: c9dfe0ef     	jal	0x1009b24 <_Bfree>
 100ae8c: 4642         	lw	a2, 0x10(sp)
 100ae8e: 58a2         	lw	a7, 0x28(sp)
 100ae90: dc0c07e3     	beqz	s8, 0x100ac5e <__gdtoa+0x814>
 100ae94: b555         	j	0x100ad38 <__gdtoa+0x8ee>
 100ae96: 4605         	li	a2, 0x1
 100ae98: 4585         	li	a1, 0x1
 100ae9a: fc8ff06f     	j	0x100a662 <__gdtoa+0x218>
 100ae9e: 85aa         	mv	a1, a0
 100aea0: 8642         	mv	a2, a6
 100aea2: 8522         	mv	a0, s0
 100aea4: c0c6         	sw	a7, 0x40(sp)
 100aea6: d876         	sw	t4, 0x30(sp)
 100aea8: 854ff0ef     	jal	0x1009efc <__pow5mult>
 100aeac: 8d2a         	mv	s10, a0
 100aeae: ae050ae3     	beqz	a0, 0x100a9a2 <__gdtoa+0x558>
 100aeb2: 4685         	li	a3, 0x1
 100aeb4: 5ec2         	lw	t4, 0x30(sp)
 100aeb6: 4886         	lw	a7, 0x40(sp)
 100aeb8: 1526d263     	bge	a3, s2, 0x100affc <__gdtoa+0xbb2>
 100aebc: 010d2783     	lw	a5, 0x10(s10)
 100aec0: d846         	sw	a7, 0x30(sp)
 100aec2: c876         	sw	t4, 0x10(sp)
 100aec4: 078d         	addi	a5, a5, 0x3
 100aec6: 078a         	slli	a5, a5, 0x2
 100aec8: 97ea         	add	a5, a5, s10
 100aeca: 43c8         	lw	a0, 0x4(a5)
 100aecc: d53fe0ef     	jal	0x1009c1e <__hi0bits>
 100aed0: 58c2         	lw	a7, 0x30(sp)
 100aed2: 4ec2         	lw	t4, 0x10(sp)
 100aed4: 8a2a         	mv	s4, a0
 100aed6: 885a         	mv	a6, s6
 100aed8: b04d         	j	0x100a77a <__gdtoa+0x330>
 100aeda: 4685         	li	a3, 0x1
 100aedc: f326cfe3     	blt	a3, s2, 0x100ae1a <__gdtoa+0x9d0>
 100aee0: 47e2         	lw	a5, 0x18(sp)
 100aee2: 5d42         	lw	s10, 0x30(sp)
 100aee4: 9eae         	add	t4, t4, a1
 100aee6: dc3e         	sw	a5, 0x38(sp)
 100aee8: 97ae         	add	a5, a5, a1
 100aeea: cc3e         	sw	a5, 0x18(sp)
 100aeec: 805ff06f     	j	0x100a6f0 <__gdtoa+0x2a6>
 100aef0: 4789         	li	a5, 0x2
 100aef2: 4b27c363     	blt	a5, s2, 0x100b398 <__gdtoa+0xf4e>
 100aef6: 47f6         	lw	a5, 0x5c(sp)
 100aef8: d63e         	sw	a5, 0x2c(sp)
 100aefa: b56d         	j	0x100ada4 <__gdtoa+0x95a>
 100aefc: 57b2         	lw	a5, 0x2c(sp)
 100aefe: ccf04ce3     	bgtz	a5, 0x100abd6 <__gdtoa+0x78c>
 100af02: ef91         	bnez	a5, 0x100af1e <__gdtoa+0xad4>
 100af04: 010107b7     	lui	a5, 0x1010
 100af08: 0707b787     	fld	fa5, 0x70(a5)
 100af0c: c87a         	sw	t5, 0x10(sp)
 100af0e: ca7e         	sw	t6, 0x14(sp)
 100af10: 12f77753     	fmul.d	fa4, fa4, fa5
 100af14: 27c2         	fld	fa5, 0x10(sp)
 100af16: a2e787d3     	fle.d	a5, fa5, fa4
 100af1a: 3a078863     	beqz	a5, 0x100b2ca <__gdtoa+0xe80>
 100af1e: 4581         	li	a1, 0x0
 100af20: 4c01         	li	s8, 0x0
 100af22: 57a2         	lw	a5, 0x28(sp)
 100af24: 8646         	mv	a2, a7
 100af26: 4b41         	li	s6, 0x10
 100af28: 40f00933     	neg	s2, a5
 100af2c: bf99         	j	0x100ae82 <__gdtoa+0xa38>
 100af2e: 57c2         	lw	a5, 0x30(sp)
 100af30: 4762         	lw	a4, 0x18(sp)
 100af32: 4d01         	li	s10, 0x0
 100af34: 40f68633     	sub	a2, a3, a5
 100af38: 57b2         	lw	a5, 0x2c(sp)
 100af3a: dc3a         	sw	a4, 0x38(sp)
 100af3c: 9832         	add	a6, a6, a2
 100af3e: d6be         	sw	a5, 0x6c(sp)
 100af40: 9ebe         	add	t4, t4, a5
 100af42: 97ba         	add	a5, a5, a4
 100af44: cc3e         	sw	a5, 0x18(sp)
 100af46: d836         	sw	a3, 0x30(sp)
 100af48: fa8ff06f     	j	0x100a6f0 <__gdtoa+0x2a6>
 100af4c: 85e2         	mv	a1, s8
 100af4e: 866a         	mv	a2, s10
 100af50: 8522         	mv	a0, s0
 100af52: ccc6         	sw	a7, 0x58(sp)
 100af54: c4f6         	sw	t4, 0x48(sp)
 100af56: c0c2         	sw	a6, 0x40(sp)
 100af58: fa5fe0ef     	jal	0x1009efc <__pow5mult>
 100af5c: 8c2a         	mv	s8, a0
 100af5e: a40502e3     	beqz	a0, 0x100a9a2 <__gdtoa+0x558>
 100af62: 85aa         	mv	a1, a0
 100af64: 8666         	mv	a2, s9
 100af66: 8522         	mv	a0, s0
 100af68: dfdfe0ef     	jal	0x1009d64 <__multiply>
 100af6c: 8aaa         	mv	s5, a0
 100af6e: a2050ae3     	beqz	a0, 0x100a9a2 <__gdtoa+0x558>
 100af72: 85e6         	mv	a1, s9
 100af74: 8522         	mv	a0, s0
 100af76: baffe0ef     	jal	0x1009b24 <_Bfree>
 100af7a: 57c2         	lw	a5, 0x30(sp)
 100af7c: 4806         	lw	a6, 0x40(sp)
 100af7e: 4ea6         	lw	t4, 0x48(sp)
 100af80: 41a787b3     	sub	a5, a5, s10
 100af84: d83e         	sw	a5, 0x30(sp)
 100af86: 48e6         	lw	a7, 0x58(sp)
 100af88: 8cd6         	mv	s9, s5
 100af8a: fc078563     	beqz	a5, 0x100a754 <__gdtoa+0x30a>
 100af8e: faaff06f     	j	0x100a738 <__gdtoa+0x2ee>
 100af92: 89e2         	mv	s3, s8
 100af94: 86ee         	mv	a3, s11
 100af96: 001d8913     	addi	s2, s11, 0x1
 100af9a: 8c52         	mv	s8, s4
 100af9c: 03900613     	li	a2, 0x39
 100afa0: 8dca         	mv	s11, s2
 100afa2: 00c68023     	sb	a2, 0x0(a3)
 100afa6: 03900593     	li	a1, 0x39
 100afaa: a019         	j	0x100afb0 <__gdtoa+0xb66>
 100afac: 15b88763     	beq	a7, s11, 0x100b0fa <__gdtoa+0xcb0>
 100afb0: fffdc683     	lbu	a3, -0x1(s11)
 100afb4: 866e         	mv	a2, s11
 100afb6: 1dfd         	addi	s11, s11, -0x1
 100afb8: feb68ae3     	beq	a3, a1, 0x100afac <__gdtoa+0xb62>
 100afbc: 0685         	addi	a3, a3, 0x1
 100afbe: 00dd8023     	sb	a3, 0x0(s11)
 100afc2: 02000b13     	li	s6, 0x20
 100afc6: b391         	j	0x100ad0a <__gdtoa+0x8c0>
 100afc8: 85e2         	mv	a1, s8
 100afca: 8522         	mv	a0, s0
 100afcc: d446         	sw	a7, 0x28(sp)
 100afce: c842         	sw	a6, 0x10(sp)
 100afd0: ffffe0ef     	jal	0x1009fce <__lshift>
 100afd4: 4842         	lw	a6, 0x10(sp)
 100afd6: 58a2         	lw	a7, 0x28(sp)
 100afd8: 8c2a         	mv	s8, a0
 100afda: fc051e63     	bnez	a0, 0x100a7b6 <__gdtoa+0x36c>
 100afde: b2d1         	j	0x100a9a2 <__gdtoa+0x558>
 100afe0: 4785         	li	a5, 0x1
 100afe2: cc82         	sw	zero, 0x58(sp)
 100afe4: c8be         	sw	a5, 0x50(sp)
 100afe6: e68ff06f     	j	0x100a64e <__gdtoa+0x204>
 100afea: 4785         	li	a5, 0x1
 100afec: c8be         	sw	a5, 0x50(sp)
 100afee: e60ff06f     	j	0x100a64e <__gdtoa+0x204>
 100aff2: 4785         	li	a5, 0x1
 100aff4: c8be         	sw	a5, 0x50(sp)
 100aff6: b1d9         	j	0x100acbc <__gdtoa+0x872>
 100aff8: c882         	sw	zero, 0x50(sp)
 100affa: b1c9         	j	0x100acbc <__gdtoa+0x872>
 100affc: ecdd90e3     	bne	s11, a3, 0x100aebc <__gdtoa+0xa72>
 100b000: 004a2783     	lw	a5, 0x4(s4)
 100b004: 4742         	lw	a4, 0x10(sp)
 100b006: 0785         	addi	a5, a5, 0x1
 100b008: eae7dae3     	bge	a5, a4, 0x100aebc <__gdtoa+0xa72>
 100b00c: 47e2         	lw	a5, 0x18(sp)
 100b00e: 0e85         	addi	t4, t4, 0x1
 100b010: 4b05         	li	s6, 0x1
 100b012: 0785         	addi	a5, a5, 0x1
 100b014: cc3e         	sw	a5, 0x18(sp)
 100b016: b55d         	j	0x100aebc <__gdtoa+0xa72>
 100b018: 004c2583     	lw	a1, 0x4(s8)
 100b01c: 8522         	mv	a0, s0
 100b01e: c846         	sw	a7, 0x10(sp)
 100b020: a99fe0ef     	jal	0x1009ab8 <_Balloc>
 100b024: 8a2a         	mv	s4, a0
 100b026: 96050ee3     	beqz	a0, 0x100a9a2 <__gdtoa+0x558>
 100b02a: 010c2603     	lw	a2, 0x10(s8)
 100b02e: 00cc0593     	addi	a1, s8, 0xc
 100b032: 0531         	addi	a0, a0, 0xc
 100b034: 0609         	addi	a2, a2, 0x2
 100b036: 060a         	slli	a2, a2, 0x2
 100b038: 713000ef     	jal	0x100bf4a <memcpy>
 100b03c: 85d2         	mv	a1, s4
 100b03e: 4605         	li	a2, 0x1
 100b040: 8522         	mv	a0, s0
 100b042: f8dfe0ef     	jal	0x1009fce <__lshift>
 100b046: 48c2         	lw	a7, 0x10(sp)
 100b048: 8a2a         	mv	s4, a0
 100b04a: f6051963     	bnez	a0, 0x100a7bc <__gdtoa+0x372>
 100b04e: ba91         	j	0x100a9a2 <__gdtoa+0x558>
 100b050: 01010637     	lui	a2, 0x1010
 100b054: 05863707     	fld	fa4, 0x58(a2)
 100b058: 01010637     	lui	a2, 0x1010
 100b05c: 08063787     	fld	fa5, 0x80(a2)
 100b060: 3682         	fld	fa3, 0x20(sp)
 100b062: fcc00637     	lui	a2, 0xfcc00
 100b066: 7ae6f7c3     	fmadd.d	fa5, fa3, fa4, fa5
 100b06a: bc3e         	fsd	fa5, 0x38(sp)
 100b06c: 5562         	lw	a0, 0x38(sp)
 100b06e: 55f2         	lw	a1, 0x3c(sp)
 100b070: 832a         	mv	t1, a0
 100b072: 962e         	add	a2, a2, a1
 100b074: de32         	sw	a2, 0x3c(sp)
 100b076: 01010637     	lui	a2, 0x1010
 100b07a: 07063707     	fld	fa4, 0x70(a2)
 100b07e: 3782         	fld	fa5, 0x20(sp)
 100b080: dc1a         	sw	t1, 0x38(sp)
 100b082: 0ae7f753     	fsub.d	fa4, fa5, fa4
 100b086: 37e2         	fld	fa5, 0x38(sp)
 100b088: a2e79653     	flt.d	a2, fa5, fa4
 100b08c: 20061163     	bnez	a2, 0x100b28e <__gdtoa+0xe44>
 100b090: 22f797d3     	fneg.d	fa5, fa5
 100b094: a2f71653     	flt.d	a2, fa4, fa5
 100b098: e80613e3     	bnez	a2, 0x100af1e <__gdtoa+0xad4>
 100b09c: 5f02         	lw	t5, 0x20(sp)
 100b09e: 5f92         	lw	t6, 0x24(sp)
 100b0a0: 010105b7     	lui	a1, 0x1010
 100b0a4: 2a0c4663     	bltz	s8, 0x100b350 <__gdtoa+0xf06>
 100b0a8: 57a2         	lw	a5, 0x28(sp)
 100b0aa: d002         	sw	zero, 0x20(sp)
 100b0ac: d405b707     	fld	fa4, -0x2c0(a1)
 100b0b0: b207d3e3     	bgez	a5, 0x100abd6 <__gdtoa+0x78c>
 100b0b4: 57b2         	lw	a5, 0x2c(sp)
 100b0b6: b20790e3     	bnez	a5, 0x100abd6 <__gdtoa+0x78c>
 100b0ba: b5a9         	j	0x100af04 <__gdtoa+0xaba>
 100b0bc: 85e6         	mv	a1, s9
 100b0be: 4605         	li	a2, 0x1
 100b0c0: 8522         	mv	a0, s0
 100b0c2: c846         	sw	a7, 0x10(sp)
 100b0c4: d41a         	sw	t1, 0x28(sp)
 100b0c6: f09fe0ef     	jal	0x1009fce <__lshift>
 100b0ca: 8caa         	mv	s9, a0
 100b0cc: 8c050be3     	beqz	a0, 0x100a9a2 <__gdtoa+0x558>
 100b0d0: 85ea         	mv	a1, s10
 100b0d2: 80cff0ef     	jal	0x100a0de <__mcmp>
 100b0d6: 48c2         	lw	a7, 0x10(sp)
 100b0d8: eca047e3     	bgtz	a0, 0x100afa6 <__gdtoa+0xb5c>
 100b0dc: e511         	bnez	a0, 0x100b0e8 <__gdtoa+0xc9e>
 100b0de: 5322         	lw	t1, 0x28(sp)
 100b0e0: 00137313     	andi	t1, t1, 0x1
 100b0e4: ec0311e3     	bnez	t1, 0x100afa6 <__gdtoa+0xb5c>
 100b0e8: 010ca603     	lw	a2, 0x10(s9)
 100b0ec: 4685         	li	a3, 0x1
 100b0ee: 4b41         	li	s6, 0x10
 100b0f0: d0c6cce3     	blt	a3, a2, 0x100ae08 <__gdtoa+0x9be>
 100b0f4: 014ca683     	lw	a3, 0x14(s9)
 100b0f8: b321         	j	0x100ae00 <__gdtoa+0x9b6>
 100b0fa: 57d2         	lw	a5, 0x34(sp)
 100b0fc: 02000b13     	li	s6, 0x20
 100b100: 0785         	addi	a5, a5, 0x1
 100b102: da3e         	sw	a5, 0x34(sp)
 100b104: 03100793     	li	a5, 0x31
 100b108: 00f88023     	sb	a5, 0x0(a7)
 100b10c: befd         	j	0x100ad0a <__gdtoa+0x8c0>
 100b10e: 5782         	lw	a5, 0x20(sp)
 100b110: 8926         	mv	s2, s1
 100b112: 835e         	mv	t1, s7
 100b114: 58a2         	lw	a7, 0x28(sp)
 100b116: 4be2         	lw	s7, 0x18(sp)
 100b118: 54b2         	lw	s1, 0x2c(sp)
 100b11a: cb91         	beqz	a5, 0x100b12e <__gdtoa+0xce4>
 100b11c: 010ca603     	lw	a2, 0x10(s9)
 100b120: 4685         	li	a3, 0x1
 100b122: f8c6c263     	blt	a3, a2, 0x100a8a6 <__gdtoa+0x45c>
 100b126: 014ca683     	lw	a3, 0x14(s9)
 100b12a: f6069e63     	bnez	a3, 0x100a8a6 <__gdtoa+0x45c>
 100b12e: 85e6         	mv	a1, s9
 100b130: 4605         	li	a2, 0x1
 100b132: 8522         	mv	a0, s0
 100b134: d446         	sw	a7, 0x28(sp)
 100b136: c81a         	sw	t1, 0x10(sp)
 100b138: e97fe0ef     	jal	0x1009fce <__lshift>
 100b13c: 8caa         	mv	s9, a0
 100b13e: 860502e3     	beqz	a0, 0x100a9a2 <__gdtoa+0x558>
 100b142: 85ea         	mv	a1, s10
 100b144: f9bfe0ef     	jal	0x100a0de <__mcmp>
 100b148: 4342         	lw	t1, 0x10(sp)
 100b14a: 58a2         	lw	a7, 0x28(sp)
 100b14c: 24a05963     	blez	a0, 0x100b39e <__gdtoa+0xf54>
 100b150: 03900693     	li	a3, 0x39
 100b154: e2d30fe3     	beq	t1, a3, 0x100af92 <__gdtoa+0xb48>
 100b158: 02000793     	li	a5, 0x20
 100b15c: 03190313     	addi	t1, s2, 0x31
 100b160: d03e         	sw	a5, 0x20(sp)
 100b162: b679         	j	0x100acf0 <__gdtoa+0x8a6>
 100b164: 02f7f7d3     	fadd.d	fa5, fa5, fa5
 100b168: fff64683     	lbu	a3, -0x1(a2)
 100b16c: a2f715d3     	flt.d	a1, fa4, fa5
 100b170: 9c059ce3     	bnez	a1, 0x100ab48 <__gdtoa+0x6fe>
 100b174: a2e7a5d3     	feq.d	a1, fa5, fa4
 100b178: c581         	beqz	a1, 0x100b180 <__gdtoa+0xd36>
 100b17a: 8b85         	andi	a5, a5, 0x1
 100b17c: 9c0796e3     	bnez	a5, 0x100ab48 <__gdtoa+0x6fe>
 100b180: 87b2         	mv	a5, a2
 100b182: 4b41         	li	s6, 0x10
 100b184: 03000593     	li	a1, 0x30
 100b188: fff7c703     	lbu	a4, -0x1(a5)
 100b18c: 863e         	mv	a2, a5
 100b18e: 17fd         	addi	a5, a5, -0x1
 100b190: feb70ce3     	beq	a4, a1, 0x100b188 <__gdtoa+0xd3e>
 100b194: 892a         	mv	s2, a0
 100b196: b4e1         	j	0x100ac5e <__gdtoa+0x814>
 100b198: 03100693     	li	a3, 0x31
 100b19c: 0505         	addi	a0, a0, 0x1
 100b19e: b2e1         	j	0x100ab66 <__gdtoa+0x71c>
 100b1a0: de32         	sw	a2, 0x3c(sp)
 100b1a2: dc1a         	sw	t1, 0x38(sp)
 100b1a4: 3762         	fld	fa4, 0x38(sp)
 100b1a6: de7e         	sw	t6, 0x3c(sp)
 100b1a8: dc7a         	sw	t5, 0x38(sp)
 100b1aa: 35e2         	fld	fa1, 0x38(sp)
 100b1ac: 010106b7     	lui	a3, 0x1010
 100b1b0: 12e7f653     	fmul.d	fa2, fa5, fa4
 100b1b4: 0686b707     	fld	fa4, 0x68(a3)
 100b1b8: 4685         	li	a3, 0x1
 100b1ba: 22b587d3     	fmv.d	fa5, fa1
 100b1be: d6b6         	sw	a3, 0x6c(sp)
 100b1c0: 8646         	mv	a2, a7
 100b1c2: 4f81         	li	t6, 0x0
 100b1c4: a029         	j	0x100b1ce <__gdtoa+0xd84>
 100b1c6: 12e7f7d3     	fmul.d	fa5, fa5, fa4
 100b1ca: d6ba         	sw	a4, 0x6c(sp)
 100b1cc: 4f85         	li	t6, 0x1
 100b1ce: c20797d3     	fcvt.w.d	a5, fa5, rtz
 100b1d2: 0605         	addi	a2, a2, 0x1
 100b1d4: 03078693     	addi	a3, a5, 0x30
 100b1d8: 0ff6f693     	andi	a3, a3, 0xff
 100b1dc: c791         	beqz	a5, 0x100b1e8 <__gdtoa+0xd9e>
 100b1de: d20786d3     	fcvt.d.w	fa3, a5
 100b1e2: 4f85         	li	t6, 0x1
 100b1e4: 0ad7f7d3     	fsub.d	fa5, fa5, fa3
 100b1e8: fed60fa3     	sb	a3, -0x1(a2)
 100b1ec: 57b6         	lw	a5, 0x6c(sp)
 100b1ee: 00178713     	addi	a4, a5, 0x1
 100b1f2: fca79ae3     	bne	a5, a0, 0x100b1c6 <__gdtoa+0xd7c>
 100b1f6: 000f8463     	beqz	t6, 0x100b1fe <__gdtoa+0xdb4>
 100b1fa: 22f785d3     	fmv.d	fa1, fa5
 100b1fe: 01010537     	lui	a0, 0x1010
 100b202: 07853787     	fld	fa5, 0x78(a0)
 100b206: 02f67753     	fadd.d	fa4, fa2, fa5
 100b20a: a2b71553     	flt.d	a0, fa4, fa1
 100b20e: 10051663     	bnez	a0, 0x100b31a <__gdtoa+0xed0>
 100b212: 0ac7f7d3     	fsub.d	fa5, fa5, fa2
 100b216: a2f596d3     	flt.d	a3, fa1, fa5
 100b21a: 12069e63     	bnez	a3, 0x100b356 <__gdtoa+0xf0c>
 100b21e: 5f02         	lw	t5, 0x20(sp)
 100b220: 5f92         	lw	t6, 0x24(sp)
 100b222: e80c53e3     	bgez	s8, 0x100b0a8 <__gdtoa+0xc5e>
 100b226: 47e2         	lw	a5, 0x18(sp)
 100b228: 5d42         	lw	s10, 0x30(sp)
 100b22a: d002         	sw	zero, 0x20(sp)
 100b22c: dc3e         	sw	a5, 0x38(sp)
 100b22e: 4c01         	li	s8, 0x0
 100b230: cdaff06f     	j	0x100a70a <__gdtoa+0x2c0>
 100b234: 835e         	mv	t1, s7
 100b236: 89e2         	mv	s3, s8
 100b238: 58a2         	lw	a7, 0x28(sp)
 100b23a: 4be2         	lw	s7, 0x18(sp)
 100b23c: 54b2         	lw	s1, 0x2c(sp)
 100b23e: 8c52         	mv	s8, s4
 100b240: b64d         	j	0x100ade2 <__gdtoa+0x998>
 100b242: e00787e3     	beqz	a5, 0x100b050 <__gdtoa+0xc06>
 100b246: 4576         	lw	a0, 0x5c(sp)
 100b248: e4a05ae3     	blez	a0, 0x100b09c <__gdtoa+0xc52>
 100b24c: 01010637     	lui	a2, 0x1010
 100b250: 06863787     	fld	fa5, 0x68(a2)
 100b254: 01010637     	lui	a2, 0x1010
 100b258: 53fd         	li	t2, -0x1
 100b25a: 12f777d3     	fmul.d	fa5, fa4, fa5
 100b25e: 08863707     	fld	fa4, 0x88(a2)
 100b262: 01010637     	lui	a2, 0x1010
 100b266: bc3e         	fsd	fa5, 0x38(sp)
 100b268: 36e2         	fld	fa3, 0x38(sp)
 100b26a: 08063787     	fld	fa5, 0x80(a2)
 100b26e: fcc00637     	lui	a2, 0xfcc00
 100b272: 5f62         	lw	t5, 0x38(sp)
 100b274: 7ae6f7c3     	fmadd.d	fa5, fa3, fa4, fa5
 100b278: 5ff2         	lw	t6, 0x3c(sp)
 100b27a: a0be         	fsd	fa5, 0x40(sp)
 100b27c: 4706         	lw	a4, 0x40(sp)
 100b27e: 4796         	lw	a5, 0x44(sp)
 100b280: 833a         	mv	t1, a4
 100b282: 963e         	add	a2, a2, a5
 100b284: 819ff06f     	j	0x100aa9c <__gdtoa+0x652>
 100b288: fff64683     	lbu	a3, -0x1(a2)
 100b28c: b875         	j	0x100ab48 <__gdtoa+0x6fe>
 100b28e: 4909         	li	s2, 0x2
 100b290: 4581         	li	a1, 0x0
 100b292: 4c01         	li	s8, 0x0
 100b294: bef9         	j	0x100ae72 <__gdtoa+0xa28>
 100b296: 4762         	lw	a4, 0x18(sp)
 100b298: d6be         	sw	a5, 0x6c(sp)
 100b29a: 9ebe         	add	t4, t4, a5
 100b29c: 97ba         	add	a5, a5, a4
 100b29e: dc3a         	sw	a4, 0x38(sp)
 100b2a0: cc3e         	sw	a5, 0x18(sp)
 100b2a2: c4eff06f     	j	0x100a6f0 <__gdtoa+0x2a6>
 100b2a6: 835e         	mv	t1, s7
 100b2a8: 03900693     	li	a3, 0x39
 100b2ac: 58a2         	lw	a7, 0x28(sp)
 100b2ae: 4be2         	lw	s7, 0x18(sp)
 100b2b0: 54b2         	lw	s1, 0x2c(sp)
 100b2b2: ced300e3     	beq	t1, a3, 0x100af92 <__gdtoa+0xb48>
 100b2b6: 0305         	addi	t1, t1, 0x1
 100b2b8: 89e2         	mv	s3, s8
 100b2ba: 001d8613     	addi	a2, s11, 0x1
 100b2be: 006d8023     	sb	t1, 0x0(s11)
 100b2c2: 8c52         	mv	s8, s4
 100b2c4: 02000b13     	li	s6, 0x20
 100b2c8: b489         	j	0x100ad0a <__gdtoa+0x8c0>
 100b2ca: 57d2         	lw	a5, 0x34(sp)
 100b2cc: 4581         	li	a1, 0x0
 100b2ce: 4c01         	li	s8, 0x0
 100b2d0: 00278913     	addi	s2, a5, 0x2
 100b2d4: be79         	j	0x100ae72 <__gdtoa+0xa28>
 100b2d6: 85e2         	mv	a1, s8
 100b2d8: 4681         	li	a3, 0x0
 100b2da: 4629         	li	a2, 0xa
 100b2dc: 8522         	mv	a0, s0
 100b2de: 859fe0ef     	jal	0x1009b36 <__multadd>
 100b2e2: 8c2a         	mv	s8, a0
 100b2e4: ea050f63     	beqz	a0, 0x100a9a2 <__gdtoa+0x558>
 100b2e8: 47f6         	lw	a5, 0x5c(sp)
 100b2ea: 4842         	lw	a6, 0x10(sp)
 100b2ec: 48e2         	lw	a7, 0x18(sp)
 100b2ee: 00f05563     	blez	a5, 0x100b2f8 <__gdtoa+0xeae>
 100b2f2: d63e         	sw	a5, 0x2c(sp)
 100b2f4: cb8ff06f     	j	0x100a7ac <__gdtoa+0x362>
 100b2f8: 4789         	li	a5, 0x2
 100b2fa: 0927cf63     	blt	a5, s2, 0x100b398 <__gdtoa+0xf4e>
 100b2fe: 47f6         	lw	a5, 0x5c(sp)
 100b300: d63e         	sw	a5, 0x2c(sp)
 100b302: caaff06f     	j	0x100a7ac <__gdtoa+0x362>
 100b306: d2000753     	fcvt.d.w	fa4, zero
 100b30a: 00138913     	addi	s2, t2, 0x1
 100b30e: a2e7ab53     	feq.d	s6, fa5, fa4
 100b312: 001b3b13     	seqz	s6, s6
 100b316: 0b12         	slli	s6, s6, 0x4
 100b318: b299         	j	0x100ac5e <__gdtoa+0x814>
 100b31a: 00138513     	addi	a0, t2, 0x1
 100b31e: 82bff06f     	j	0x100ab48 <__gdtoa+0x6fe>
 100b322: 5f02         	lw	t5, 0x20(sp)
 100b324: 5f92         	lw	t6, 0x24(sp)
 100b326: d80c51e3     	bgez	s8, 0x100b0a8 <__gdtoa+0xc5e>
 100b32a: d002         	sw	zero, 0x20(sp)
 100b32c: b7eff06f     	j	0x100a6aa <__gdtoa+0x260>
 100b330: 57b2         	lw	a5, 0x2c(sp)
 100b332: 5742         	lw	a4, 0x30(sp)
 100b334: fff78693     	addi	a3, a5, -0x1
 100b338: bed74be3     	blt	a4, a3, 0x100af2e <__gdtoa+0xae4>
 100b33c: 4662         	lw	a2, 0x18(sp)
 100b33e: 9ebe         	add	t4, t4, a5
 100b340: d6be         	sw	a5, 0x6c(sp)
 100b342: 97b2         	add	a5, a5, a2
 100b344: dc32         	sw	a2, 0x38(sp)
 100b346: 40d70d33     	sub	s10, a4, a3
 100b34a: cc3e         	sw	a5, 0x18(sp)
 100b34c: ba4ff06f     	j	0x100a6f0 <__gdtoa+0x2a6>
 100b350: d002         	sw	zero, 0x20(sp)
 100b352: b52ff06f     	j	0x100a6a4 <__gdtoa+0x25a>
 100b356: d20007d3     	fcvt.d.w	fa5, zero
 100b35a: 87b2         	mv	a5, a2
 100b35c: 00138513     	addi	a0, t2, 0x1
 100b360: a2f5ab53     	feq.d	s6, fa1, fa5
 100b364: 001b3b13     	seqz	s6, s6
 100b368: 0b12         	slli	s6, s6, 0x4
 100b36a: bd29         	j	0x100b184 <__gdtoa+0xd3a>
 100b36c: 835e         	mv	t1, s7
 100b36e: 03900693     	li	a3, 0x39
 100b372: 8926         	mv	s2, s1
 100b374: 58a2         	lw	a7, 0x28(sp)
 100b376: 4be2         	lw	s7, 0x18(sp)
 100b378: 54b2         	lw	s1, 0x2c(sp)
 100b37a: c0d30ce3     	beq	t1, a3, 0x100af92 <__gdtoa+0xb48>
 100b37e: 07505d63     	blez	s5, 0x100b3f8 <__gdtoa+0xfae>
 100b382: 03190313     	addi	t1, s2, 0x31
 100b386: 02000b13     	li	s6, 0x20
 100b38a: 89e2         	mv	s3, s8
 100b38c: 001d8613     	addi	a2, s11, 0x1
 100b390: 006d8023     	sb	t1, 0x0(s11)
 100b394: 8c52         	mv	s8, s4
 100b396: ba95         	j	0x100ad0a <__gdtoa+0x8c0>
 100b398: 47f6         	lw	a5, 0x5c(sp)
 100b39a: d63e         	sw	a5, 0x2c(sp)
 100b39c: b455         	j	0x100ae40 <__gdtoa+0x9f6>
 100b39e: e509         	bnez	a0, 0x100b3a8 <__gdtoa+0xf5e>
 100b3a0: 00137693     	andi	a3, t1, 0x1
 100b3a4: da0696e3     	bnez	a3, 0x100b150 <__gdtoa+0xd06>
 100b3a8: 02000793     	li	a5, 0x20
 100b3ac: d03e         	sw	a5, 0x20(sp)
 100b3ae: b289         	j	0x100acf0 <__gdtoa+0x8a6>
 100b3b0: 014ca683     	lw	a3, 0x14(s9)
 100b3b4: 940696e3     	bnez	a3, 0x100ad00 <__gdtoa+0x8b6>
 100b3b8: 5b02         	lw	s6, 0x20(sp)
 100b3ba: b299         	j	0x100ad00 <__gdtoa+0x8b6>
 100b3bc: 03900693     	li	a3, 0x39
 100b3c0: 88da         	mv	a7, s6
 100b3c2: 00da8b63     	beq	s5, a3, 0x100b3d8 <__gdtoa+0xf8e>
 100b3c6: 001a8313     	addi	t1, s5, 0x1
 100b3ca: 02000b13     	li	s6, 0x20
 100b3ce: ba0d         	j	0x100ad00 <__gdtoa+0x8b6>
 100b3d0: 4b41         	li	s6, 0x10
 100b3d2: 001d8913     	addi	s2, s11, 0x1
 100b3d6: b22d         	j	0x100ad00 <__gdtoa+0x8b6>
 100b3d8: 89e2         	mv	s3, s8
 100b3da: 86ee         	mv	a3, s11
 100b3dc: 8c52         	mv	s8, s4
 100b3de: be7d         	j	0x100af9c <__gdtoa+0xb52>
 100b3e0: 010ca603     	lw	a2, 0x10(s9)
 100b3e4: 4685         	li	a3, 0x1
 100b3e6: ccc6c063     	blt	a3, a2, 0x100a8a6 <__gdtoa+0x45c>
 100b3ea: 014ca683     	lw	a3, 0x14(s9)
 100b3ee: ca069c63     	bnez	a3, 0x100a8a6 <__gdtoa+0x45c>
 100b3f2: 001d8913     	addi	s2, s11, 0x1
 100b3f6: b229         	j	0x100ad00 <__gdtoa+0x8b6>
 100b3f8: 010ca603     	lw	a2, 0x10(s9)
 100b3fc: 4685         	li	a3, 0x1
 100b3fe: 4b41         	li	s6, 0x10
 100b400: f8c6c5e3     	blt	a3, a2, 0x100b38a <__gdtoa+0xf40>
 100b404: 014cab03     	lw	s6, 0x14(s9)
 100b408: 01603b33     	snez	s6, s6
 100b40c: 0b12         	slli	s6, s6, 0x4
 100b40e: bfb5         	j	0x100b38a <__gdtoa+0xf40>
 100b410: 000ace63     	bltz	s5, 0x100b42c <__gdtoa+0xfe2>
 100b414: 01596ab3     	or	s5, s2, s5
 100b418: 000a9663     	bnez	s5, 0x100b424 <__gdtoa+0xfda>
 100b41c: 0009a783     	lw	a5, 0x0(s3)
 100b420: 8b85         	andi	a5, a5, 0x1
 100b422: c789         	beqz	a5, 0x100b42c <__gdtoa+0xfe2>
 100b424: bcd05563     	blez	a3, 0x100a7ee <__gdtoa+0x3a4>
 100b428: bbeff06f     	j	0x100a7e6 <__gdtoa+0x39c>
 100b42c: 5782         	lw	a5, 0x20(sp)
 100b42e: 8926         	mv	s2, s1
 100b430: 835e         	mv	t1, s7
 100b432: 58a2         	lw	a7, 0x28(sp)
 100b434: 4be2         	lw	s7, 0x18(sp)
 100b436: 54b2         	lw	s1, 0x2c(sp)
 100b438: c385         	beqz	a5, 0x100b458 <__gdtoa+0x100e>
 100b43a: 010ca583     	lw	a1, 0x10(s9)
 100b43e: 4605         	li	a2, 0x1
 100b440: c6b64363     	blt	a2, a1, 0x100a8a6 <__gdtoa+0x45c>
 100b444: 014ca603     	lw	a2, 0x14(s9)
 100b448: c4061f63     	bnez	a2, 0x100a8a6 <__gdtoa+0x45c>
 100b44c: ced041e3     	bgtz	a3, 0x100b12e <__gdtoa+0xce4>
 100b450: 4b01         	li	s6, 0x0
 100b452: 001d8913     	addi	s2, s11, 0x1
 100b456: b06d         	j	0x100ad00 <__gdtoa+0x8b6>
 100b458: 88d05ce3     	blez	a3, 0x100acf0 <__gdtoa+0x8a6>
 100b45c: b9c9         	j	0x100b12e <__gdtoa+0xce4>

0100b45e <__rshift_D2A>:
 100b45e: 01052803     	lw	a6, 0x10(a0)
 100b462: 4055de13     	srai	t3, a1, 0x5
 100b466: 010e4763     	blt	t3, a6, 0x100b474 <__rshift_D2A+0x16>
 100b46a: 00052823     	sw	zero, 0x10(a0)
 100b46e: 00052a23     	sw	zero, 0x14(a0)
 100b472: 8082         	ret
 100b474: 01450313     	addi	t1, a0, 0x14
 100b478: 00281613     	slli	a2, a6, 0x2
 100b47c: 002e1793     	slli	a5, t3, 0x2
 100b480: 89fd         	andi	a1, a1, 0x1f
 100b482: 961a         	add	a2, a2, t1
 100b484: 979a         	add	a5, a5, t1
 100b486: c5a1         	beqz	a1, 0x100b4ce <__rshift_D2A+0x70>
 100b488: 4394         	lw	a3, 0x0(a5)
 100b48a: 02000e93     	li	t4, 0x20
 100b48e: 0791         	addi	a5, a5, 0x4
 100b490: 40be8eb3     	sub	t4, t4, a1
 100b494: 00b6d6b3     	srl	a3, a3, a1
 100b498: 06c7f063     	bgeu	a5, a2, 0x100b4f8 <__rshift_D2A+0x9a>
 100b49c: 889a         	mv	a7, t1
 100b49e: 4398         	lw	a4, 0x0(a5)
 100b4a0: 0891         	addi	a7, a7, 0x4
 100b4a2: 0791         	addi	a5, a5, 0x4
 100b4a4: 01d71733     	sll	a4, a4, t4
 100b4a8: 8f55         	or	a4, a4, a3
 100b4aa: fee8ae23     	sw	a4, -0x4(a7)
 100b4ae: ffc7a683     	lw	a3, -0x4(a5)
 100b4b2: 00b6d6b3     	srl	a3, a3, a1
 100b4b6: fec7e4e3     	bltu	a5, a2, 0x100b49e <__rshift_D2A+0x40>
 100b4ba: 41c80833     	sub	a6, a6, t3
 100b4be: 080a         	slli	a6, a6, 0x2
 100b4c0: 1871         	addi	a6, a6, -0x4
 100b4c2: 981a         	add	a6, a6, t1
 100b4c4: 00d82023     	sw	a3, 0x0(a6)
 100b4c8: c28d         	beqz	a3, 0x100b4ea <__rshift_D2A+0x8c>
 100b4ca: 0811         	addi	a6, a6, 0x4
 100b4cc: a839         	j	0x100b4ea <__rshift_D2A+0x8c>
 100b4ce: 871a         	mv	a4, t1
 100b4d0: f8c7fde3     	bgeu	a5, a2, 0x100b46a <__rshift_D2A+0xc>
 100b4d4: 4394         	lw	a3, 0x0(a5)
 100b4d6: 0791         	addi	a5, a5, 0x4
 100b4d8: 0711         	addi	a4, a4, 0x4
 100b4da: fed72e23     	sw	a3, -0x4(a4)
 100b4de: fec7ebe3     	bltu	a5, a2, 0x100b4d4 <__rshift_D2A+0x76>
 100b4e2: 41c80833     	sub	a6, a6, t3
 100b4e6: 080a         	slli	a6, a6, 0x2
 100b4e8: 981a         	add	a6, a6, t1
 100b4ea: 406807b3     	sub	a5, a6, t1
 100b4ee: 8789         	srai	a5, a5, 0x2
 100b4f0: c91c         	sw	a5, 0x10(a0)
 100b4f2: f6680ee3     	beq	a6, t1, 0x100b46e <__rshift_D2A+0x10>
 100b4f6: 8082         	ret
 100b4f8: c954         	sw	a3, 0x14(a0)
 100b4fa: daa5         	beqz	a3, 0x100b46a <__rshift_D2A+0xc>
 100b4fc: 881a         	mv	a6, t1
 100b4fe: 0811         	addi	a6, a6, 0x4
 100b500: b7ed         	j	0x100b4ea <__rshift_D2A+0x8c>

0100b502 <__trailz_D2A>:
 100b502: 4918         	lw	a4, 0x10(a0)
 100b504: 1101         	addi	sp, sp, -0x20
 100b506: 0551         	addi	a0, a0, 0x14
 100b508: 070a         	slli	a4, a4, 0x2
 100b50a: cc22         	sw	s0, 0x18(sp)
 100b50c: ce06         	sw	ra, 0x1c(sp)
 100b50e: 972a         	add	a4, a4, a0
 100b510: 4401         	li	s0, 0x0
 100b512: 00e56863     	bltu	a0, a4, 0x100b522 <__trailz_D2A+0x20>
 100b516: a839         	j	0x100b534 <__trailz_D2A+0x32>
 100b518: 0511         	addi	a0, a0, 0x4
 100b51a: 02040413     	addi	s0, s0, 0x20
 100b51e: 00e57b63     	bgeu	a0, a4, 0x100b534 <__trailz_D2A+0x32>
 100b522: 411c         	lw	a5, 0x0(a0)
 100b524: dbf5         	beqz	a5, 0x100b518 <__trailz_D2A+0x16>
 100b526: 00e57763     	bgeu	a0, a4, 0x100b534 <__trailz_D2A+0x32>
 100b52a: 0068         	addi	a0, sp, 0xc
 100b52c: c63e         	sw	a5, 0xc(sp)
 100b52e: f44fe0ef     	jal	0x1009c72 <__lo0bits>
 100b532: 942a         	add	s0, s0, a0
 100b534: 40f2         	lw	ra, 0x1c(sp)
 100b536: 8522         	mv	a0, s0
 100b538: 4462         	lw	s0, 0x18(sp)
 100b53a: 6105         	addi	sp, sp, 0x20
 100b53c: 8082         	ret

0100b53e <frexpl>:
 100b53e: 7159         	addi	sp, sp, -0x70
 100b540: d0ca         	sw	s2, 0x60(sp)
 100b542: 00c5a903     	lw	s2, 0xc(a1)
 100b546: ccd2         	sw	s4, 0x58(sp)
 100b548: cad6         	sw	s5, 0x54(sp)
 100b54a: c8da         	sw	s6, 0x50(sp)
 100b54c: 0045aa83     	lw	s5, 0x4(a1)
 100b550: 0005ab03     	lw	s6, 0x0(a1)
 100b554: 0085aa03     	lw	s4, 0x8(a1)
 100b558: cece         	sw	s3, 0x5c(sp)
 100b55a: 69a1         	lui	s3, 0x8
 100b55c: d4a2         	sw	s0, 0x68(sp)
 100b55e: d2a6         	sw	s1, 0x64(sp)
 100b560: d686         	sw	ra, 0x6c(sp)
 100b562: 01095493     	srli	s1, s2, 0x10
 100b566: 19fd         	addi	s3, s3, -0x1
 100b568: d85a         	sw	s6, 0x30(sp)
 100b56a: da56         	sw	s5, 0x34(sp)
 100b56c: dc52         	sw	s4, 0x38(sp)
 100b56e: de4a         	sw	s2, 0x3c(sp)
 100b570: 0134f4b3     	and	s1, s1, s3
 100b574: 00062023     	sw	zero, 0x0(a2)
 100b578: 842a         	mv	s0, a0
 100b57a: 05348763     	beq	s1, s3, 0x100b5c8 <frexpl+0x8a>
 100b57e: 080c         	addi	a1, sp, 0x10
 100b580: 1008         	addi	a0, sp, 0x20
 100b582: c6de         	sw	s7, 0x4c(sp)
 100b584: d05a         	sw	s6, 0x20(sp)
 100b586: 8bb2         	mv	s7, a2
 100b588: d256         	sw	s5, 0x24(sp)
 100b58a: d452         	sw	s4, 0x28(sp)
 100b58c: d64a         	sw	s2, 0x2c(sp)
 100b58e: c802         	sw	zero, 0x10(sp)
 100b590: ca02         	sw	zero, 0x14(sp)
 100b592: cc02         	sw	zero, 0x18(sp)
 100b594: ce02         	sw	zero, 0x1c(sp)
 100b596: 0a2010ef     	jal	0x100c638 <__netf2>
 100b59a: c941         	beqz	a0, 0x100b62a <frexpl+0xec>
 100b59c: 4681         	li	a3, 0x0
 100b59e: c8a1         	beqz	s1, 0x100b5ee <frexpl+0xb0>
 100b5a0: 7771         	lui	a4, 0xffffc
 100b5a2: 0709         	addi	a4, a4, 0x2
 100b5a4: 5972         	lw	s2, 0x3c(sp)
 100b5a6: 94ba         	add	s1, s1, a4
 100b5a8: 800107b7     	lui	a5, 0x80010
 100b5ac: 94b6         	add	s1, s1, a3
 100b5ae: 17fd         	addi	a5, a5, -0x1
 100b5b0: 009ba023     	sw	s1, 0x0(s7)
 100b5b4: 5b42         	lw	s6, 0x30(sp)
 100b5b6: 5ad2         	lw	s5, 0x34(sp)
 100b5b8: 5a62         	lw	s4, 0x38(sp)
 100b5ba: 4bb6         	lw	s7, 0x4c(sp)
 100b5bc: 00f97933     	and	s2, s2, a5
 100b5c0: 3ffe07b7     	lui	a5, 0x3ffe0
 100b5c4: 00f96933     	or	s2, s2, a5
 100b5c8: 01642023     	sw	s6, 0x0(s0)
 100b5cc: 01542223     	sw	s5, 0x4(s0)
 100b5d0: 01442423     	sw	s4, 0x8(s0)
 100b5d4: 01242623     	sw	s2, 0xc(s0)
 100b5d8: 50b6         	lw	ra, 0x6c(sp)
 100b5da: 8522         	mv	a0, s0
 100b5dc: 5426         	lw	s0, 0x68(sp)
 100b5de: 5496         	lw	s1, 0x64(sp)
 100b5e0: 5906         	lw	s2, 0x60(sp)
 100b5e2: 49f6         	lw	s3, 0x5c(sp)
 100b5e4: 4a66         	lw	s4, 0x58(sp)
 100b5e6: 4ad6         	lw	s5, 0x54(sp)
 100b5e8: 4b46         	lw	s6, 0x50(sp)
 100b5ea: 6165         	addi	sp, sp, 0x70
 100b5ec: 8082         	ret
 100b5ee: 407107b7     	lui	a5, 0x40710
 100b5f2: 860a         	mv	a2, sp
 100b5f4: 080c         	addi	a1, sp, 0x10
 100b5f6: 1008         	addi	a0, sp, 0x20
 100b5f8: c63e         	sw	a5, 0xc(sp)
 100b5fa: c85a         	sw	s6, 0x10(sp)
 100b5fc: ca56         	sw	s5, 0x14(sp)
 100b5fe: cc52         	sw	s4, 0x18(sp)
 100b600: ce4a         	sw	s2, 0x1c(sp)
 100b602: c002         	sw	zero, 0x0(sp)
 100b604: c202         	sw	zero, 0x4(sp)
 100b606: c402         	sw	zero, 0x8(sp)
 100b608: 2f4010ef     	jal	0x100c8fc <__multf3>
 100b60c: 5702         	lw	a4, 0x20(sp)
 100b60e: 57b2         	lw	a5, 0x2c(sp)
 100b610: f8e00693     	li	a3, -0x72
 100b614: d83a         	sw	a4, 0x30(sp)
 100b616: 5712         	lw	a4, 0x24(sp)
 100b618: 0107d493     	srli	s1, a5, 0x10
 100b61c: de3e         	sw	a5, 0x3c(sp)
 100b61e: da3a         	sw	a4, 0x34(sp)
 100b620: 5722         	lw	a4, 0x28(sp)
 100b622: 0134f4b3     	and	s1, s1, s3
 100b626: dc3a         	sw	a4, 0x38(sp)
 100b628: bfa5         	j	0x100b5a0 <frexpl+0x62>
 100b62a: 4bb6         	lw	s7, 0x4c(sp)
 100b62c: bf71         	j	0x100b5c8 <frexpl+0x8a>

0100b62e <_puts_r>:
 100b62e: 7139         	addi	sp, sp, -0x40
 100b630: dc22         	sw	s0, 0x38(sp)
 100b632: 842a         	mv	s0, a0
 100b634: 852e         	mv	a0, a1
 100b636: da26         	sw	s1, 0x34(sp)
 100b638: de06         	sw	ra, 0x3c(sp)
 100b63a: 84ae         	mv	s1, a1
 100b63c: 255000ef     	jal	0x100c090 <strlen>
 100b640: 010107b7     	lui	a5, 0x1010
 100b644: 8bc78793     	addi	a5, a5, -0x744
 100b648: d43e         	sw	a5, 0x28(sp)
 100b64a: 4785         	li	a5, 0x1
 100b64c: d63e         	sw	a5, 0x2c(sp)
 100b64e: 5858         	lw	a4, 0x34(s0)
 100b650: 101c         	addi	a5, sp, 0x20
 100b652: 00150693     	addi	a3, a0, 0x1
 100b656: ca3e         	sw	a5, 0x14(sp)
 100b658: 4789         	li	a5, 0x2
 100b65a: d026         	sw	s1, 0x20(sp)
 100b65c: d22a         	sw	a0, 0x24(sp)
 100b65e: ce36         	sw	a3, 0x1c(sp)
 100b660: cc3e         	sw	a5, 0x18(sp)
 100b662: 440c         	lw	a1, 0x8(s0)
 100b664: cf1d         	beqz	a4, 0x100b6a2 <_puts_r+0x74>
 100b666: 00c59703     	lh	a4, 0xc(a1)
 100b66a: 51fc         	lw	a5, 0x64(a1)
 100b66c: 01271693     	slli	a3, a4, 0x12
 100b670: 0006ca63     	bltz	a3, 0x100b684 <_puts_r+0x56>
 100b674: 76f9         	lui	a3, 0xffffe
 100b676: 16fd         	addi	a3, a3, -0x1
 100b678: 6609         	lui	a2, 0x2
 100b67a: 8f51         	or	a4, a4, a2
 100b67c: 8ff5         	and	a5, a5, a3
 100b67e: 00e59623     	sh	a4, 0xc(a1)
 100b682: d1fc         	sw	a5, 0x64(a1)
 100b684: 01279713     	slli	a4, a5, 0x12
 100b688: 02074363     	bltz	a4, 0x100b6ae <_puts_r+0x80>
 100b68c: 0850         	addi	a2, sp, 0x14
 100b68e: 8522         	mv	a0, s0
 100b690: aedfc0ef     	jal	0x100817c <__sfvwrite_r>
 100b694: ed09         	bnez	a0, 0x100b6ae <_puts_r+0x80>
 100b696: 4529         	li	a0, 0xa
 100b698: 50f2         	lw	ra, 0x3c(sp)
 100b69a: 5462         	lw	s0, 0x38(sp)
 100b69c: 54d2         	lw	s1, 0x34(sp)
 100b69e: 6121         	addi	sp, sp, 0x40
 100b6a0: 8082         	ret
 100b6a2: 8522         	mv	a0, s0
 100b6a4: c62e         	sw	a1, 0xc(sp)
 100b6a6: a5afa0ef     	jal	0x1005900 <__sinit>
 100b6aa: 45b2         	lw	a1, 0xc(sp)
 100b6ac: bf6d         	j	0x100b666 <_puts_r+0x38>
 100b6ae: 557d         	li	a0, -0x1
 100b6b0: b7e5         	j	0x100b698 <_puts_r+0x6a>

0100b6b2 <puts>:
 100b6b2: 018007b7     	lui	a5, 0x1800
 100b6b6: 85aa         	mv	a1, a0
 100b6b8: 6b07a503     	lw	a0, 0x6b0(a5)
 100b6bc: bf8d         	j	0x100b62e <_puts_r>

0100b6be <__sread>:
 100b6be: 1141         	addi	sp, sp, -0x10
 100b6c0: c422         	sw	s0, 0x8(sp)
 100b6c2: 842e         	mv	s0, a1
 100b6c4: 00e59583     	lh	a1, 0xe(a1)
 100b6c8: c606         	sw	ra, 0xc(sp)
 100b6ca: 2bc9         	jal	0x100bc9c <_read_r>
 100b6cc: 00054963     	bltz	a0, 0x100b6de <__sread+0x20>
 100b6d0: 483c         	lw	a5, 0x50(s0)
 100b6d2: 40b2         	lw	ra, 0xc(sp)
 100b6d4: 97aa         	add	a5, a5, a0
 100b6d6: c83c         	sw	a5, 0x50(s0)
 100b6d8: 4422         	lw	s0, 0x8(sp)
 100b6da: 0141         	addi	sp, sp, 0x10
 100b6dc: 8082         	ret
 100b6de: 00c45783     	lhu	a5, 0xc(s0)
 100b6e2: 777d         	lui	a4, 0xfffff
 100b6e4: 177d         	addi	a4, a4, -0x1
 100b6e6: 8ff9         	and	a5, a5, a4
 100b6e8: 40b2         	lw	ra, 0xc(sp)
 100b6ea: 00f41623     	sh	a5, 0xc(s0)
 100b6ee: 4422         	lw	s0, 0x8(sp)
 100b6f0: 0141         	addi	sp, sp, 0x10
 100b6f2: 8082         	ret

0100b6f4 <__swrite>:
 100b6f4: 00c59783     	lh	a5, 0xc(a1)
 100b6f8: 1101         	addi	sp, sp, -0x20
 100b6fa: cc22         	sw	s0, 0x18(sp)
 100b6fc: ca26         	sw	s1, 0x14(sp)
 100b6fe: c84a         	sw	s2, 0x10(sp)
 100b700: c64e         	sw	s3, 0xc(sp)
 100b702: ce06         	sw	ra, 0x1c(sp)
 100b704: 1007f713     	andi	a4, a5, 0x100
 100b708: 842e         	mv	s0, a1
 100b70a: 84aa         	mv	s1, a0
 100b70c: 8932         	mv	s2, a2
 100b70e: 89b6         	mv	s3, a3
 100b710: e315         	bnez	a4, 0x100b734 <__swrite+0x40>
 100b712: 777d         	lui	a4, 0xfffff
 100b714: 177d         	addi	a4, a4, -0x1
 100b716: 8ff9         	and	a5, a5, a4
 100b718: 00e41583     	lh	a1, 0xe(s0)
 100b71c: 00f41623     	sh	a5, 0xc(s0)
 100b720: 4462         	lw	s0, 0x18(sp)
 100b722: 40f2         	lw	ra, 0x1c(sp)
 100b724: 86ce         	mv	a3, s3
 100b726: 864a         	mv	a2, s2
 100b728: 49b2         	lw	s3, 0xc(sp)
 100b72a: 4942         	lw	s2, 0x10(sp)
 100b72c: 8526         	mv	a0, s1
 100b72e: 44d2         	lw	s1, 0x14(sp)
 100b730: 6105         	addi	sp, sp, 0x20
 100b732: a50d         	j	0x100bd54 <_write_r>
 100b734: 00e59583     	lh	a1, 0xe(a1)
 100b738: 4689         	li	a3, 0x2
 100b73a: 4601         	li	a2, 0x0
 100b73c: 230d         	jal	0x100bc5e <_lseek_r>
 100b73e: 00c41783     	lh	a5, 0xc(s0)
 100b742: bfc1         	j	0x100b712 <__swrite+0x1e>

0100b744 <__sseek>:
 100b744: 1141         	addi	sp, sp, -0x10
 100b746: c422         	sw	s0, 0x8(sp)
 100b748: 842e         	mv	s0, a1
 100b74a: 00e59583     	lh	a1, 0xe(a1)
 100b74e: c606         	sw	ra, 0xc(sp)
 100b750: 2339         	jal	0x100bc5e <_lseek_r>
 100b752: 57fd         	li	a5, -0x1
 100b754: 00f50f63     	beq	a0, a5, 0x100b772 <__sseek+0x2e>
 100b758: 00c45783     	lhu	a5, 0xc(s0)
 100b75c: 6705         	lui	a4, 0x1
 100b75e: 40b2         	lw	ra, 0xc(sp)
 100b760: 8fd9         	or	a5, a5, a4
 100b762: 07c2         	slli	a5, a5, 0x10
 100b764: 87c1         	srai	a5, a5, 0x10
 100b766: c828         	sw	a0, 0x50(s0)
 100b768: 00f41623     	sh	a5, 0xc(s0)
 100b76c: 4422         	lw	s0, 0x8(sp)
 100b76e: 0141         	addi	sp, sp, 0x10
 100b770: 8082         	ret
 100b772: 00c45783     	lhu	a5, 0xc(s0)
 100b776: 777d         	lui	a4, 0xfffff
 100b778: 177d         	addi	a4, a4, -0x1
 100b77a: 8ff9         	and	a5, a5, a4
 100b77c: 07c2         	slli	a5, a5, 0x10
 100b77e: 87c1         	srai	a5, a5, 0x10
 100b780: 40b2         	lw	ra, 0xc(sp)
 100b782: 00f41623     	sh	a5, 0xc(s0)
 100b786: 4422         	lw	s0, 0x8(sp)
 100b788: 0141         	addi	sp, sp, 0x10
 100b78a: 8082         	ret

0100b78c <__sclose>:
 100b78c: 00e59583     	lh	a1, 0xe(a1)
 100b790: a10d         	j	0x100bbb2 <_close_r>

0100b792 <__swsetup_r>:
 100b792: 018007b7     	lui	a5, 0x1800
 100b796: 6b07a783     	lw	a5, 0x6b0(a5)
 100b79a: 1141         	addi	sp, sp, -0x10
 100b79c: c422         	sw	s0, 0x8(sp)
 100b79e: c226         	sw	s1, 0x4(sp)
 100b7a0: c606         	sw	ra, 0xc(sp)
 100b7a2: 84aa         	mv	s1, a0
 100b7a4: 842e         	mv	s0, a1
 100b7a6: c399         	beqz	a5, 0x100b7ac <__swsetup_r+0x1a>
 100b7a8: 5bd8         	lw	a4, 0x34(a5)
 100b7aa: c755         	beqz	a4, 0x100b856 <__swsetup_r+0xc4>
 100b7ac: 00c41783     	lh	a5, 0xc(s0)
 100b7b0: 0087f713     	andi	a4, a5, 0x8
 100b7b4: c721         	beqz	a4, 0x100b7fc <__swsetup_r+0x6a>
 100b7b6: 4818         	lw	a4, 0x10(s0)
 100b7b8: cf31         	beqz	a4, 0x100b814 <__swsetup_r+0x82>
 100b7ba: 0017f693     	andi	a3, a5, 0x1
 100b7be: ce91         	beqz	a3, 0x100b7da <__swsetup_r+0x48>
 100b7c0: 4854         	lw	a3, 0x14(s0)
 100b7c2: 00042423     	sw	zero, 0x8(s0)
 100b7c6: 4501         	li	a0, 0x0
 100b7c8: 40d006b3     	neg	a3, a3
 100b7cc: cc14         	sw	a3, 0x18(s0)
 100b7ce: cf11         	beqz	a4, 0x100b7ea <__swsetup_r+0x58>
 100b7d0: 40b2         	lw	ra, 0xc(sp)
 100b7d2: 4422         	lw	s0, 0x8(sp)
 100b7d4: 4492         	lw	s1, 0x4(sp)
 100b7d6: 0141         	addi	sp, sp, 0x10
 100b7d8: 8082         	ret
 100b7da: 0027f693     	andi	a3, a5, 0x2
 100b7de: 4601         	li	a2, 0x0
 100b7e0: e291         	bnez	a3, 0x100b7e4 <__swsetup_r+0x52>
 100b7e2: 4850         	lw	a2, 0x14(s0)
 100b7e4: c410         	sw	a2, 0x8(s0)
 100b7e6: 4501         	li	a0, 0x0
 100b7e8: f765         	bnez	a4, 0x100b7d0 <__swsetup_r+0x3e>
 100b7ea: 0807f713     	andi	a4, a5, 0x80
 100b7ee: d36d         	beqz	a4, 0x100b7d0 <__swsetup_r+0x3e>
 100b7f0: 0407e793     	ori	a5, a5, 0x40
 100b7f4: 00f41623     	sh	a5, 0xc(s0)
 100b7f8: 557d         	li	a0, -0x1
 100b7fa: bfd9         	j	0x100b7d0 <__swsetup_r+0x3e>
 100b7fc: 0107f713     	andi	a4, a5, 0x10
 100b800: cf39         	beqz	a4, 0x100b85e <__swsetup_r+0xcc>
 100b802: 0047f713     	andi	a4, a5, 0x4
 100b806: e705         	bnez	a4, 0x100b82e <__swsetup_r+0x9c>
 100b808: 4818         	lw	a4, 0x10(s0)
 100b80a: 0087e793     	ori	a5, a5, 0x8
 100b80e: 00f41623     	sh	a5, 0xc(s0)
 100b812: f745         	bnez	a4, 0x100b7ba <__swsetup_r+0x28>
 100b814: 2807f693     	andi	a3, a5, 0x280
 100b818: 20000613     	li	a2, 0x200
 100b81c: f8c68fe3     	beq	a3, a2, 0x100b7ba <__swsetup_r+0x28>
 100b820: 85a2         	mv	a1, s0
 100b822: 8526         	mv	a0, s1
 100b824: 20a9         	jal	0x100b86e <__smakebuf_r>
 100b826: 00c41783     	lh	a5, 0xc(s0)
 100b82a: 4818         	lw	a4, 0x10(s0)
 100b82c: b779         	j	0x100b7ba <__swsetup_r+0x28>
 100b82e: 580c         	lw	a1, 0x30(s0)
 100b830: cd81         	beqz	a1, 0x100b848 <__swsetup_r+0xb6>
 100b832: 04040713     	addi	a4, s0, 0x40
 100b836: 00e58763     	beq	a1, a4, 0x100b844 <__swsetup_r+0xb2>
 100b83a: 8526         	mv	a0, s1
 100b83c: c1afa0ef     	jal	0x1005c56 <_free_r>
 100b840: 00c41783     	lh	a5, 0xc(s0)
 100b844: 02042823     	sw	zero, 0x30(s0)
 100b848: 4818         	lw	a4, 0x10(s0)
 100b84a: fdb7f793     	andi	a5, a5, -0x25
 100b84e: 00042223     	sw	zero, 0x4(s0)
 100b852: c018         	sw	a4, 0x0(s0)
 100b854: bf5d         	j	0x100b80a <__swsetup_r+0x78>
 100b856: 853e         	mv	a0, a5
 100b858: 8a8fa0ef     	jal	0x1005900 <__sinit>
 100b85c: bf81         	j	0x100b7ac <__swsetup_r+0x1a>
 100b85e: 4725         	li	a4, 0x9
 100b860: c098         	sw	a4, 0x0(s1)
 100b862: 0407e793     	ori	a5, a5, 0x40
 100b866: 00f41623     	sh	a5, 0xc(s0)
 100b86a: 557d         	li	a0, -0x1
 100b86c: b795         	j	0x100b7d0 <__swsetup_r+0x3e>

0100b86e <__smakebuf_r>:
 100b86e: 00c59783     	lh	a5, 0xc(a1)
 100b872: 7119         	addi	sp, sp, -0x80
 100b874: dca2         	sw	s0, 0x78(sp)
 100b876: de86         	sw	ra, 0x7c(sp)
 100b878: 0027f713     	andi	a4, a5, 0x2
 100b87c: 842e         	mv	s0, a1
 100b87e: cb19         	beqz	a4, 0x100b894 <__smakebuf_r+0x26>
 100b880: 04358793     	addi	a5, a1, 0x43
 100b884: c19c         	sw	a5, 0x0(a1)
 100b886: c99c         	sw	a5, 0x10(a1)
 100b888: 4785         	li	a5, 0x1
 100b88a: c9dc         	sw	a5, 0x14(a1)
 100b88c: 50f6         	lw	ra, 0x7c(sp)
 100b88e: 5466         	lw	s0, 0x78(sp)
 100b890: 6109         	addi	sp, sp, 0x80
 100b892: 8082         	ret
 100b894: 00e59583     	lh	a1, 0xe(a1)
 100b898: daa6         	sw	s1, 0x74(sp)
 100b89a: d8ca         	sw	s2, 0x70(sp)
 100b89c: d6ce         	sw	s3, 0x6c(sp)
 100b89e: d4d2         	sw	s4, 0x68(sp)
 100b8a0: 84aa         	mv	s1, a0
 100b8a2: 0605c263     	bltz	a1, 0x100b906 <__smakebuf_r+0x98>
 100b8a6: 0030         	addi	a2, sp, 0x8
 100b8a8: 2689         	jal	0x100bbea <_fstat_r>
 100b8aa: 04054c63     	bltz	a0, 0x100b902 <__smakebuf_r+0x94>
 100b8ae: 47b2         	lw	a5, 0xc(sp)
 100b8b0: 693d         	lui	s2, 0xf
 100b8b2: 6985         	lui	s3, 0x1
 100b8b4: 00f97933     	and	s2, s2, a5
 100b8b8: 77f9         	lui	a5, 0xffffe
 100b8ba: 993e         	add	s2, s2, a5
 100b8bc: 00193913     	seqz	s2, s2
 100b8c0: 40000a13     	li	s4, 0x400
 100b8c4: 80098993     	addi	s3, s3, -0x800
 100b8c8: 85d2         	mv	a1, s4
 100b8ca: 8526         	mv	a0, s1
 100b8cc: db8fa0ef     	jal	0x1005e84 <_malloc_r>
 100b8d0: 00c41783     	lh	a5, 0xc(s0)
 100b8d4: c539         	beqz	a0, 0x100b922 <__smakebuf_r+0xb4>
 100b8d6: 0807e793     	ori	a5, a5, 0x80
 100b8da: c008         	sw	a0, 0x0(s0)
 100b8dc: c808         	sw	a0, 0x10(s0)
 100b8de: 00f41623     	sh	a5, 0xc(s0)
 100b8e2: 01442a23     	sw	s4, 0x14(s0)
 100b8e6: 06091563     	bnez	s2, 0x100b950 <__smakebuf_r+0xe2>
 100b8ea: 0137e7b3     	or	a5, a5, s3
 100b8ee: 50f6         	lw	ra, 0x7c(sp)
 100b8f0: 00f41623     	sh	a5, 0xc(s0)
 100b8f4: 5466         	lw	s0, 0x78(sp)
 100b8f6: 54d6         	lw	s1, 0x74(sp)
 100b8f8: 5946         	lw	s2, 0x70(sp)
 100b8fa: 59b6         	lw	s3, 0x6c(sp)
 100b8fc: 5a26         	lw	s4, 0x68(sp)
 100b8fe: 6109         	addi	sp, sp, 0x80
 100b900: 8082         	ret
 100b902: 00c41783     	lh	a5, 0xc(s0)
 100b906: 0807f793     	andi	a5, a5, 0x80
 100b90a: 4901         	li	s2, 0x0
 100b90c: cf95         	beqz	a5, 0x100b948 <__smakebuf_r+0xda>
 100b90e: 04000a13     	li	s4, 0x40
 100b912: 85d2         	mv	a1, s4
 100b914: 8526         	mv	a0, s1
 100b916: d6efa0ef     	jal	0x1005e84 <_malloc_r>
 100b91a: 00c41783     	lh	a5, 0xc(s0)
 100b91e: 4981         	li	s3, 0x0
 100b920: f95d         	bnez	a0, 0x100b8d6 <__smakebuf_r+0x68>
 100b922: 2007f713     	andi	a4, a5, 0x200
 100b926: ef0d         	bnez	a4, 0x100b960 <__smakebuf_r+0xf2>
 100b928: 9bf1         	andi	a5, a5, -0x4
 100b92a: 0027e793     	ori	a5, a5, 0x2
 100b92e: 04340713     	addi	a4, s0, 0x43
 100b932: 00f41623     	sh	a5, 0xc(s0)
 100b936: 4785         	li	a5, 0x1
 100b938: 54d6         	lw	s1, 0x74(sp)
 100b93a: 5946         	lw	s2, 0x70(sp)
 100b93c: 59b6         	lw	s3, 0x6c(sp)
 100b93e: 5a26         	lw	s4, 0x68(sp)
 100b940: c018         	sw	a4, 0x0(s0)
 100b942: c818         	sw	a4, 0x10(s0)
 100b944: c85c         	sw	a5, 0x14(s0)
 100b946: b799         	j	0x100b88c <__smakebuf_r+0x1e>
 100b948: 40000a13     	li	s4, 0x400
 100b94c: 4981         	li	s3, 0x0
 100b94e: bfad         	j	0x100b8c8 <__smakebuf_r+0x5a>
 100b950: 00e41583     	lh	a1, 0xe(s0)
 100b954: 8526         	mv	a0, s1
 100b956: 2cc1         	jal	0x100bc26 <_isatty_r>
 100b958: e909         	bnez	a0, 0x100b96a <__smakebuf_r+0xfc>
 100b95a: 00c41783     	lh	a5, 0xc(s0)
 100b95e: b771         	j	0x100b8ea <__smakebuf_r+0x7c>
 100b960: 54d6         	lw	s1, 0x74(sp)
 100b962: 5946         	lw	s2, 0x70(sp)
 100b964: 59b6         	lw	s3, 0x6c(sp)
 100b966: 5a26         	lw	s4, 0x68(sp)
 100b968: b715         	j	0x100b88c <__smakebuf_r+0x1e>
 100b96a: 00c45783     	lhu	a5, 0xc(s0)
 100b96e: 9bf1         	andi	a5, a5, -0x4
 100b970: 0017e793     	ori	a5, a5, 0x1
 100b974: 07c2         	slli	a5, a5, 0x10
 100b976: 87c1         	srai	a5, a5, 0x10
 100b978: bf8d         	j	0x100b8ea <__smakebuf_r+0x7c>

0100b97a <memchr>:
 100b97a: 00357793     	andi	a5, a0, 0x3
 100b97e: 0ff5f693     	andi	a3, a1, 0xff
 100b982: c395         	beqz	a5, 0x100b9a6 <memchr+0x2c>
 100b984: fff60793     	addi	a5, a2, -0x1
 100b988: c605         	beqz	a2, 0x100b9b0 <memchr+0x36>
 100b98a: 567d         	li	a2, -0x1
 100b98c: a801         	j	0x100b99c <memchr+0x22>
 100b98e: 0505         	addi	a0, a0, 0x1
 100b990: 00357713     	andi	a4, a0, 0x3
 100b994: cb11         	beqz	a4, 0x100b9a8 <memchr+0x2e>
 100b996: 17fd         	addi	a5, a5, -0x1
 100b998: 00c78c63     	beq	a5, a2, 0x100b9b0 <memchr+0x36>
 100b99c: 00054703     	lbu	a4, 0x0(a0)
 100b9a0: fed717e3     	bne	a4, a3, 0x100b98e <memchr+0x14>
 100b9a4: 8082         	ret
 100b9a6: 87b2         	mv	a5, a2
 100b9a8: 470d         	li	a4, 0x3
 100b9aa: 00f76563     	bltu	a4, a5, 0x100b9b4 <memchr+0x3a>
 100b9ae: e3b9         	bnez	a5, 0x100b9f4 <memchr+0x7a>
 100b9b0: 4501         	li	a0, 0x0
 100b9b2: 8082         	ret
 100b9b4: 0ff5f593     	andi	a1, a1, 0xff
 100b9b8: 00859713     	slli	a4, a1, 0x8
 100b9bc: 95ba         	add	a1, a1, a4
 100b9be: 01059713     	slli	a4, a1, 0x10
 100b9c2: feff08b7     	lui	a7, 0xfeff0
 100b9c6: 80808837     	lui	a6, 0x80808
 100b9ca: 95ba         	add	a1, a1, a4
 100b9cc: eff88893     	addi	a7, a7, -0x101
 100b9d0: 08080813     	addi	a6, a6, 0x80
 100b9d4: 430d         	li	t1, 0x3
 100b9d6: a029         	j	0x100b9e0 <memchr+0x66>
 100b9d8: 17f1         	addi	a5, a5, -0x4
 100b9da: 0511         	addi	a0, a0, 0x4
 100b9dc: fcf379e3     	bgeu	t1, a5, 0x100b9ae <memchr+0x34>
 100b9e0: 4118         	lw	a4, 0x0(a0)
 100b9e2: 8f2d         	xor	a4, a4, a1
 100b9e4: 01170633     	add	a2, a4, a7
 100b9e8: fff74713     	not	a4, a4
 100b9ec: 8f71         	and	a4, a4, a2
 100b9ee: 01077733     	and	a4, a4, a6
 100b9f2: d37d         	beqz	a4, 0x100b9d8 <memchr+0x5e>
 100b9f4: 97aa         	add	a5, a5, a0
 100b9f6: a021         	j	0x100b9fe <memchr+0x84>
 100b9f8: 0505         	addi	a0, a0, 0x1
 100b9fa: faa78be3     	beq	a5, a0, 0x100b9b0 <memchr+0x36>
 100b9fe: 00054703     	lbu	a4, 0x0(a0)
 100ba02: fed71be3     	bne	a4, a3, 0x100b9f8 <memchr+0x7e>
 100ba06: 8082         	ret

0100ba08 <memcmp>:
 100ba08: 478d         	li	a5, 0x3
 100ba0a: 02c7f463     	bgeu	a5, a2, 0x100ba32 <memcmp+0x2a>
 100ba0e: 00a5e7b3     	or	a5, a1, a0
 100ba12: 8b8d         	andi	a5, a5, 0x3
 100ba14: ef81         	bnez	a5, 0x100ba2c <memcmp+0x24>
 100ba16: 468d         	li	a3, 0x3
 100ba18: a031         	j	0x100ba24 <memcmp+0x1c>
 100ba1a: 1671         	addi	a2, a2, -0x4
 100ba1c: 0511         	addi	a0, a0, 0x4
 100ba1e: 0591         	addi	a1, a1, 0x4
 100ba20: 00c6f963     	bgeu	a3, a2, 0x100ba32 <memcmp+0x2a>
 100ba24: 4118         	lw	a4, 0x0(a0)
 100ba26: 419c         	lw	a5, 0x0(a1)
 100ba28: fef709e3     	beq	a4, a5, 0x100ba1a <memcmp+0x12>
 100ba2c: fff60693     	addi	a3, a2, -0x1
 100ba30: a021         	j	0x100ba38 <memcmp+0x30>
 100ba32: fff60693     	addi	a3, a2, -0x1
 100ba36: c20d         	beqz	a2, 0x100ba58 <memcmp+0x50>
 100ba38: 0685         	addi	a3, a3, 0x1
 100ba3a: 96aa         	add	a3, a3, a0
 100ba3c: a019         	j	0x100ba42 <memcmp+0x3a>
 100ba3e: 00a68d63     	beq	a3, a0, 0x100ba58 <memcmp+0x50>
 100ba42: 00054783     	lbu	a5, 0x0(a0)
 100ba46: 0005c703     	lbu	a4, 0x0(a1)
 100ba4a: 0505         	addi	a0, a0, 0x1
 100ba4c: 0585         	addi	a1, a1, 0x1
 100ba4e: fee788e3     	beq	a5, a4, 0x100ba3e <memcmp+0x36>
 100ba52: 40e78533     	sub	a0, a5, a4
 100ba56: 8082         	ret
 100ba58: 4501         	li	a0, 0x0
 100ba5a: 8082         	ret

0100ba5c <strncpy>:
 100ba5c: 00a5e7b3     	or	a5, a1, a0
 100ba60: 8b8d         	andi	a5, a5, 0x3
 100ba62: e781         	bnez	a5, 0x100ba6a <strncpy+0xe>
 100ba64: 478d         	li	a5, 0x3
 100ba66: 02c7eb63     	bltu	a5, a2, 0x100ba9c <strncpy+0x40>
 100ba6a: 872a         	mv	a4, a0
 100ba6c: a811         	j	0x100ba80 <strncpy+0x24>
 100ba6e: fff5c683     	lbu	a3, -0x1(a1)
 100ba72: fff60813     	addi	a6, a2, -0x1
 100ba76: fed78fa3     	sb	a3, -0x1(a5)
 100ba7a: ca81         	beqz	a3, 0x100ba8a <strncpy+0x2e>
 100ba7c: 873e         	mv	a4, a5
 100ba7e: 8642         	mv	a2, a6
 100ba80: 0585         	addi	a1, a1, 0x1
 100ba82: 00170793     	addi	a5, a4, 0x1
 100ba86: f665         	bnez	a2, 0x100ba6e <strncpy+0x12>
 100ba88: 8082         	ret
 100ba8a: 9732         	add	a4, a4, a2
 100ba8c: 04080463     	beqz	a6, 0x100bad4 <strncpy+0x78>
 100ba90: 0785         	addi	a5, a5, 0x1
 100ba92: fe078fa3     	sb	zero, -0x1(a5)
 100ba96: fee79de3     	bne	a5, a4, 0x100ba90 <strncpy+0x34>
 100ba9a: 8082         	ret
 100ba9c: feff0337     	lui	t1, 0xfeff0
 100baa0: 808088b7     	lui	a7, 0x80808
 100baa4: 872a         	mv	a4, a0
 100baa6: eff30313     	addi	t1, t1, -0x101
 100baaa: 08088893     	addi	a7, a7, 0x80
 100baae: 4e0d         	li	t3, 0x3
 100bab0: a039         	j	0x100babe <strncpy+0x62>
 100bab2: c314         	sw	a3, 0x0(a4)
 100bab4: 1671         	addi	a2, a2, -0x4
 100bab6: 0711         	addi	a4, a4, 0x4
 100bab8: 0591         	addi	a1, a1, 0x4
 100baba: fcce73e3     	bgeu	t3, a2, 0x100ba80 <strncpy+0x24>
 100babe: 4194         	lw	a3, 0x0(a1)
 100bac0: 006687b3     	add	a5, a3, t1
 100bac4: fff6c813     	not	a6, a3
 100bac8: 0107f7b3     	and	a5, a5, a6
 100bacc: 0117f7b3     	and	a5, a5, a7
 100bad0: d3ed         	beqz	a5, 0x100bab2 <strncpy+0x56>
 100bad2: b77d         	j	0x100ba80 <strncpy+0x24>
 100bad4: 8082         	ret

0100bad6 <raise>:
 100bad6: 1141         	addi	sp, sp, -0x10
 100bad8: c226         	sw	s1, 0x4(sp)
 100bada: 01800737     	lui	a4, 0x1800
 100bade: c606         	sw	ra, 0xc(sp)
 100bae0: 47fd         	li	a5, 0x1f
 100bae2: 6b072483     	lw	s1, 0x6b0(a4)
 100bae6: 04a7ed63     	bltu	a5, a0, 0x100bb40 <raise+0x6a>
 100baea: 1184a783     	lw	a5, 0x118(s1)
 100baee: c422         	sw	s0, 0x8(sp)
 100baf0: 842a         	mv	s0, a0
 100baf2: c78d         	beqz	a5, 0x100bb1c <raise+0x46>
 100baf4: 00251713     	slli	a4, a0, 0x2
 100baf8: 97ba         	add	a5, a5, a4
 100bafa: 4398         	lw	a4, 0x0(a5)
 100bafc: c305         	beqz	a4, 0x100bb1c <raise+0x46>
 100bafe: 4685         	li	a3, 0x1
 100bb00: 00d70863     	beq	a4, a3, 0x100bb10 <raise+0x3a>
 100bb04: 56fd         	li	a3, -0x1
 100bb06: 02d70563     	beq	a4, a3, 0x100bb30 <raise+0x5a>
 100bb0a: 0007a023     	sw	zero, 0x0(a5)
 100bb0e: 9702         	jalr	a4
 100bb10: 4422         	lw	s0, 0x8(sp)
 100bb12: 4501         	li	a0, 0x0
 100bb14: 40b2         	lw	ra, 0xc(sp)
 100bb16: 4492         	lw	s1, 0x4(sp)
 100bb18: 0141         	addi	sp, sp, 0x10
 100bb1a: 8082         	ret
 100bb1c: 8526         	mv	a0, s1
 100bb1e: 2aed         	jal	0x100bd18 <_getpid_r>
 100bb20: 8622         	mv	a2, s0
 100bb22: 4422         	lw	s0, 0x8(sp)
 100bb24: 40b2         	lw	ra, 0xc(sp)
 100bb26: 85aa         	mv	a1, a0
 100bb28: 8526         	mv	a0, s1
 100bb2a: 4492         	lw	s1, 0x4(sp)
 100bb2c: 0141         	addi	sp, sp, 0x10
 100bb2e: a27d         	j	0x100bcdc <_kill_r>
 100bb30: 4422         	lw	s0, 0x8(sp)
 100bb32: 40b2         	lw	ra, 0xc(sp)
 100bb34: 47d9         	li	a5, 0x16
 100bb36: c09c         	sw	a5, 0x0(s1)
 100bb38: 4505         	li	a0, 0x1
 100bb3a: 4492         	lw	s1, 0x4(sp)
 100bb3c: 0141         	addi	sp, sp, 0x10
 100bb3e: 8082         	ret
 100bb40: 47d9         	li	a5, 0x16
 100bb42: c09c         	sw	a5, 0x0(s1)
 100bb44: 557d         	li	a0, -0x1
 100bb46: b7f9         	j	0x100bb14 <raise+0x3e>

0100bb48 <_localeconv_r>:
 100bb48: 01800537     	lui	a0, 0x1800
 100bb4c: 50c50513     	addi	a0, a0, 0x50c
 100bb50: 8082         	ret

0100bb52 <__ascii_wctomb>:
 100bb52: cd91         	beqz	a1, 0x100bb6e <__ascii_wctomb+0x1c>
 100bb54: 0ff00793     	li	a5, 0xff
 100bb58: 00c7e663     	bltu	a5, a2, 0x100bb64 <__ascii_wctomb+0x12>
 100bb5c: 00c58023     	sb	a2, 0x0(a1)
 100bb60: 4505         	li	a0, 0x1
 100bb62: 8082         	ret
 100bb64: 08a00793     	li	a5, 0x8a
 100bb68: c11c         	sw	a5, 0x0(a0)
 100bb6a: 557d         	li	a0, -0x1
 100bb6c: 8082         	ret
 100bb6e: 4501         	li	a0, 0x0
 100bb70: 8082         	ret

0100bb72 <__ascii_mbtowc>:
 100bb72: c999         	beqz	a1, 0x100bb88 <__ascii_mbtowc+0x16>
 100bb74: c61d         	beqz	a2, 0x100bba2 <__ascii_mbtowc+0x30>
 100bb76: ca95         	beqz	a3, 0x100bbaa <__ascii_mbtowc+0x38>
 100bb78: 00064783     	lbu	a5, 0x0(a2)
 100bb7c: c19c         	sw	a5, 0x0(a1)
 100bb7e: 00064503     	lbu	a0, 0x0(a2)
 100bb82: 00a03533     	snez	a0, a0
 100bb86: 8082         	ret
 100bb88: 1141         	addi	sp, sp, -0x10
 100bb8a: 006c         	addi	a1, sp, 0xc
 100bb8c: ce09         	beqz	a2, 0x100bba6 <__ascii_mbtowc+0x34>
 100bb8e: c285         	beqz	a3, 0x100bbae <__ascii_mbtowc+0x3c>
 100bb90: 00064783     	lbu	a5, 0x0(a2)
 100bb94: c19c         	sw	a5, 0x0(a1)
 100bb96: 00064503     	lbu	a0, 0x0(a2)
 100bb9a: 00a03533     	snez	a0, a0
 100bb9e: 0141         	addi	sp, sp, 0x10
 100bba0: 8082         	ret
 100bba2: 4501         	li	a0, 0x0
 100bba4: 8082         	ret
 100bba6: 4501         	li	a0, 0x0
 100bba8: bfdd         	j	0x100bb9e <__ascii_mbtowc+0x2c>
 100bbaa: 5579         	li	a0, -0x2
 100bbac: 8082         	ret
 100bbae: 5579         	li	a0, -0x2
 100bbb0: b7fd         	j	0x100bb9e <__ascii_mbtowc+0x2c>

0100bbb2 <_close_r>:
 100bbb2: 1141         	addi	sp, sp, -0x10
 100bbb4: c422         	sw	s0, 0x8(sp)
 100bbb6: c226         	sw	s1, 0x4(sp)
 100bbb8: 842a         	mv	s0, a0
 100bbba: 018004b7     	lui	s1, 0x1800
 100bbbe: 852e         	mv	a0, a1
 100bbc0: c606         	sw	ra, 0xc(sp)
 100bbc2: 7204a623     	sw	zero, 0x72c(s1)
 100bbc6: 23a9         	jal	0x100c110 <_close>
 100bbc8: 57fd         	li	a5, -0x1
 100bbca: 00f50763     	beq	a0, a5, 0x100bbd8 <_close_r+0x26>
 100bbce: 40b2         	lw	ra, 0xc(sp)
 100bbd0: 4422         	lw	s0, 0x8(sp)
 100bbd2: 4492         	lw	s1, 0x4(sp)
 100bbd4: 0141         	addi	sp, sp, 0x10
 100bbd6: 8082         	ret
 100bbd8: 72c4a783     	lw	a5, 0x72c(s1)
 100bbdc: dbed         	beqz	a5, 0x100bbce <_close_r+0x1c>
 100bbde: 40b2         	lw	ra, 0xc(sp)
 100bbe0: c01c         	sw	a5, 0x0(s0)
 100bbe2: 4422         	lw	s0, 0x8(sp)
 100bbe4: 4492         	lw	s1, 0x4(sp)
 100bbe6: 0141         	addi	sp, sp, 0x10
 100bbe8: 8082         	ret

0100bbea <_fstat_r>:
 100bbea: 1141         	addi	sp, sp, -0x10
 100bbec: 872e         	mv	a4, a1
 100bbee: c422         	sw	s0, 0x8(sp)
 100bbf0: c226         	sw	s1, 0x4(sp)
 100bbf2: 842a         	mv	s0, a0
 100bbf4: 018004b7     	lui	s1, 0x1800
 100bbf8: 85b2         	mv	a1, a2
 100bbfa: 853a         	mv	a0, a4
 100bbfc: c606         	sw	ra, 0xc(sp)
 100bbfe: 7204a623     	sw	zero, 0x72c(s1)
 100bc02: 2d6d         	jal	0x100c2bc <_fstat>
 100bc04: 57fd         	li	a5, -0x1
 100bc06: 00f50763     	beq	a0, a5, 0x100bc14 <_fstat_r+0x2a>
 100bc0a: 40b2         	lw	ra, 0xc(sp)
 100bc0c: 4422         	lw	s0, 0x8(sp)
 100bc0e: 4492         	lw	s1, 0x4(sp)
 100bc10: 0141         	addi	sp, sp, 0x10
 100bc12: 8082         	ret
 100bc14: 72c4a783     	lw	a5, 0x72c(s1)
 100bc18: dbed         	beqz	a5, 0x100bc0a <_fstat_r+0x20>
 100bc1a: 40b2         	lw	ra, 0xc(sp)
 100bc1c: c01c         	sw	a5, 0x0(s0)
 100bc1e: 4422         	lw	s0, 0x8(sp)
 100bc20: 4492         	lw	s1, 0x4(sp)
 100bc22: 0141         	addi	sp, sp, 0x10
 100bc24: 8082         	ret

0100bc26 <_isatty_r>:
 100bc26: 1141         	addi	sp, sp, -0x10
 100bc28: c422         	sw	s0, 0x8(sp)
 100bc2a: c226         	sw	s1, 0x4(sp)
 100bc2c: 842a         	mv	s0, a0
 100bc2e: 018004b7     	lui	s1, 0x1800
 100bc32: 852e         	mv	a0, a1
 100bc34: c606         	sw	ra, 0xc(sp)
 100bc36: 7204a623     	sw	zero, 0x72c(s1)
 100bc3a: 255d         	jal	0x100c2e0 <_isatty>
 100bc3c: 57fd         	li	a5, -0x1
 100bc3e: 00f50763     	beq	a0, a5, 0x100bc4c <_isatty_r+0x26>
 100bc42: 40b2         	lw	ra, 0xc(sp)
 100bc44: 4422         	lw	s0, 0x8(sp)
 100bc46: 4492         	lw	s1, 0x4(sp)
 100bc48: 0141         	addi	sp, sp, 0x10
 100bc4a: 8082         	ret
 100bc4c: 72c4a783     	lw	a5, 0x72c(s1)
 100bc50: dbed         	beqz	a5, 0x100bc42 <_isatty_r+0x1c>
 100bc52: 40b2         	lw	ra, 0xc(sp)
 100bc54: c01c         	sw	a5, 0x0(s0)
 100bc56: 4422         	lw	s0, 0x8(sp)
 100bc58: 4492         	lw	s1, 0x4(sp)
 100bc5a: 0141         	addi	sp, sp, 0x10
 100bc5c: 8082         	ret

0100bc5e <_lseek_r>:
 100bc5e: 1141         	addi	sp, sp, -0x10
 100bc60: 872e         	mv	a4, a1
 100bc62: c422         	sw	s0, 0x8(sp)
 100bc64: c226         	sw	s1, 0x4(sp)
 100bc66: 85b2         	mv	a1, a2
 100bc68: 842a         	mv	s0, a0
 100bc6a: 018004b7     	lui	s1, 0x1800
 100bc6e: 8636         	mv	a2, a3
 100bc70: 853a         	mv	a0, a4
 100bc72: c606         	sw	ra, 0xc(sp)
 100bc74: 7204a623     	sw	zero, 0x72c(s1)
 100bc78: 25e1         	jal	0x100c340 <_lseek>
 100bc7a: 57fd         	li	a5, -0x1
 100bc7c: 00f50763     	beq	a0, a5, 0x100bc8a <_lseek_r+0x2c>
 100bc80: 40b2         	lw	ra, 0xc(sp)
 100bc82: 4422         	lw	s0, 0x8(sp)
 100bc84: 4492         	lw	s1, 0x4(sp)
 100bc86: 0141         	addi	sp, sp, 0x10
 100bc88: 8082         	ret
 100bc8a: 72c4a783     	lw	a5, 0x72c(s1)
 100bc8e: dbed         	beqz	a5, 0x100bc80 <_lseek_r+0x22>
 100bc90: 40b2         	lw	ra, 0xc(sp)
 100bc92: c01c         	sw	a5, 0x0(s0)
 100bc94: 4422         	lw	s0, 0x8(sp)
 100bc96: 4492         	lw	s1, 0x4(sp)
 100bc98: 0141         	addi	sp, sp, 0x10
 100bc9a: 8082         	ret

0100bc9c <_read_r>:
 100bc9c: 1141         	addi	sp, sp, -0x10
 100bc9e: 872e         	mv	a4, a1
 100bca0: c422         	sw	s0, 0x8(sp)
 100bca2: c226         	sw	s1, 0x4(sp)
 100bca4: 85b2         	mv	a1, a2
 100bca6: 842a         	mv	s0, a0
 100bca8: 018004b7     	lui	s1, 0x1800
 100bcac: 8636         	mv	a2, a3
 100bcae: 853a         	mv	a0, a4
 100bcb0: c606         	sw	ra, 0xc(sp)
 100bcb2: 7204a623     	sw	zero, 0x72c(s1)
 100bcb6: 01b000ef     	jal	0x100c4d0 <_read>
 100bcba: 57fd         	li	a5, -0x1
 100bcbc: 00f50763     	beq	a0, a5, 0x100bcca <_read_r+0x2e>
 100bcc0: 40b2         	lw	ra, 0xc(sp)
 100bcc2: 4422         	lw	s0, 0x8(sp)
 100bcc4: 4492         	lw	s1, 0x4(sp)
 100bcc6: 0141         	addi	sp, sp, 0x10
 100bcc8: 8082         	ret
 100bcca: 72c4a783     	lw	a5, 0x72c(s1)
 100bcce: dbed         	beqz	a5, 0x100bcc0 <_read_r+0x24>
 100bcd0: 40b2         	lw	ra, 0xc(sp)
 100bcd2: c01c         	sw	a5, 0x0(s0)
 100bcd4: 4422         	lw	s0, 0x8(sp)
 100bcd6: 4492         	lw	s1, 0x4(sp)
 100bcd8: 0141         	addi	sp, sp, 0x10
 100bcda: 8082         	ret

0100bcdc <_kill_r>:
 100bcdc: 1141         	addi	sp, sp, -0x10
 100bcde: 872e         	mv	a4, a1
 100bce0: c422         	sw	s0, 0x8(sp)
 100bce2: c226         	sw	s1, 0x4(sp)
 100bce4: 842a         	mv	s0, a0
 100bce6: 018004b7     	lui	s1, 0x1800
 100bcea: 85b2         	mv	a1, a2
 100bcec: 853a         	mv	a0, a4
 100bcee: c606         	sw	ra, 0xc(sp)
 100bcf0: 7204a623     	sw	zero, 0x72c(s1)
 100bcf4: 2111         	jal	0x100c0f8 <_kill>
 100bcf6: 57fd         	li	a5, -0x1
 100bcf8: 00f50763     	beq	a0, a5, 0x100bd06 <_kill_r+0x2a>
 100bcfc: 40b2         	lw	ra, 0xc(sp)
 100bcfe: 4422         	lw	s0, 0x8(sp)
 100bd00: 4492         	lw	s1, 0x4(sp)
 100bd02: 0141         	addi	sp, sp, 0x10
 100bd04: 8082         	ret
 100bd06: 72c4a783     	lw	a5, 0x72c(s1)
 100bd0a: dbed         	beqz	a5, 0x100bcfc <_kill_r+0x20>
 100bd0c: 40b2         	lw	ra, 0xc(sp)
 100bd0e: c01c         	sw	a5, 0x0(s0)
 100bd10: 4422         	lw	s0, 0x8(sp)
 100bd12: 4492         	lw	s1, 0x4(sp)
 100bd14: 0141         	addi	sp, sp, 0x10
 100bd16: 8082         	ret

0100bd18 <_getpid_r>:
 100bd18: aef1         	j	0x100c0f4 <_getpid>

0100bd1a <_sbrk_r>:
 100bd1a: 1141         	addi	sp, sp, -0x10
 100bd1c: c422         	sw	s0, 0x8(sp)
 100bd1e: c226         	sw	s1, 0x4(sp)
 100bd20: 842a         	mv	s0, a0
 100bd22: 018004b7     	lui	s1, 0x1800
 100bd26: 852e         	mv	a0, a1
 100bd28: c606         	sw	ra, 0xc(sp)
 100bd2a: 7204a623     	sw	zero, 0x72c(s1)
 100bd2e: 011000ef     	jal	0x100c53e <_sbrk>
 100bd32: 57fd         	li	a5, -0x1
 100bd34: 00f50763     	beq	a0, a5, 0x100bd42 <_sbrk_r+0x28>
 100bd38: 40b2         	lw	ra, 0xc(sp)
 100bd3a: 4422         	lw	s0, 0x8(sp)
 100bd3c: 4492         	lw	s1, 0x4(sp)
 100bd3e: 0141         	addi	sp, sp, 0x10
 100bd40: 8082         	ret
 100bd42: 72c4a783     	lw	a5, 0x72c(s1)
 100bd46: dbed         	beqz	a5, 0x100bd38 <_sbrk_r+0x1e>
 100bd48: 40b2         	lw	ra, 0xc(sp)
 100bd4a: c01c         	sw	a5, 0x0(s0)
 100bd4c: 4422         	lw	s0, 0x8(sp)
 100bd4e: 4492         	lw	s1, 0x4(sp)
 100bd50: 0141         	addi	sp, sp, 0x10
 100bd52: 8082         	ret

0100bd54 <_write_r>:
 100bd54: 1141         	addi	sp, sp, -0x10
 100bd56: 872e         	mv	a4, a1
 100bd58: c422         	sw	s0, 0x8(sp)
 100bd5a: c226         	sw	s1, 0x4(sp)
 100bd5c: 85b2         	mv	a1, a2
 100bd5e: 842a         	mv	s0, a0
 100bd60: 018004b7     	lui	s1, 0x1800
 100bd64: 8636         	mv	a2, a3
 100bd66: 853a         	mv	a0, a4
 100bd68: c606         	sw	ra, 0xc(sp)
 100bd6a: 7204a623     	sw	zero, 0x72c(s1)
 100bd6e: 063000ef     	jal	0x100c5d0 <_write>
 100bd72: 57fd         	li	a5, -0x1
 100bd74: 00f50763     	beq	a0, a5, 0x100bd82 <_write_r+0x2e>
 100bd78: 40b2         	lw	ra, 0xc(sp)
 100bd7a: 4422         	lw	s0, 0x8(sp)
 100bd7c: 4492         	lw	s1, 0x4(sp)
 100bd7e: 0141         	addi	sp, sp, 0x10
 100bd80: 8082         	ret
 100bd82: 72c4a783     	lw	a5, 0x72c(s1)
 100bd86: dbed         	beqz	a5, 0x100bd78 <_write_r+0x24>
 100bd88: 40b2         	lw	ra, 0xc(sp)
 100bd8a: c01c         	sw	a5, 0x0(s0)
 100bd8c: 4422         	lw	s0, 0x8(sp)
 100bd8e: 4492         	lw	s1, 0x4(sp)
 100bd90: 0141         	addi	sp, sp, 0x10
 100bd92: 8082         	ret

0100bd94 <__errno>:
 100bd94: 018007b7     	lui	a5, 0x1800
 100bd98: 6b07a503     	lw	a0, 0x6b0(a5)
 100bd9c: 8082         	ret

0100bd9e <__libc_fini_array>:
 100bd9e: 1141         	addi	sp, sp, -0x10
 100bda0: c422         	sw	s0, 0x8(sp)
 100bda2: 018007b7     	lui	a5, 0x1800
 100bda6: 01800437     	lui	s0, 0x1800
 100bdaa: 00878793     	addi	a5, a5, 0x8
 100bdae: 00840413     	addi	s0, s0, 0x8
 100bdb2: 8c1d         	sub	s0, s0, a5
 100bdb4: c226         	sw	s1, 0x4(sp)
 100bdb6: c606         	sw	ra, 0xc(sp)
 100bdb8: 40245493     	srai	s1, s0, 0x2
 100bdbc: c881         	beqz	s1, 0x100bdcc <__libc_fini_array+0x2e>
 100bdbe: 1471         	addi	s0, s0, -0x4
 100bdc0: 943e         	add	s0, s0, a5
 100bdc2: 401c         	lw	a5, 0x0(s0)
 100bdc4: 14fd         	addi	s1, s1, -0x1
 100bdc6: 1471         	addi	s0, s0, -0x4
 100bdc8: 9782         	jalr	a5
 100bdca: fce5         	bnez	s1, 0x100bdc2 <__libc_fini_array+0x24>
 100bdcc: 40b2         	lw	ra, 0xc(sp)
 100bdce: 4422         	lw	s0, 0x8(sp)
 100bdd0: 4492         	lw	s1, 0x4(sp)
 100bdd2: 0141         	addi	sp, sp, 0x10
 100bdd4: 8082         	ret

0100bdd6 <memmove>:
 100bdd6: 02a5f263     	bgeu	a1, a0, 0x100bdfa <memmove+0x24>
 100bdda: 00c58733     	add	a4, a1, a2
 100bdde: 00e57e63     	bgeu	a0, a4, 0x100bdfa <memmove+0x24>
 100bde2: 00c507b3     	add	a5, a0, a2
 100bde6: ca1d         	beqz	a2, 0x100be1c <memmove+0x46>
 100bde8: fff74683     	lbu	a3, -0x1(a4)
 100bdec: 17fd         	addi	a5, a5, -0x1
 100bdee: 177d         	addi	a4, a4, -0x1
 100bdf0: 00d78023     	sb	a3, 0x0(a5)
 100bdf4: fef51ae3     	bne	a0, a5, 0x100bde8 <memmove+0x12>
 100bdf8: 8082         	ret
 100bdfa: 47bd         	li	a5, 0xf
 100bdfc: 02c7e163     	bltu	a5, a2, 0x100be1e <memmove+0x48>
 100be00: 87aa         	mv	a5, a0
 100be02: fff60693     	addi	a3, a2, -0x1
 100be06: ca59         	beqz	a2, 0x100be9c <memmove+0xc6>
 100be08: 0685         	addi	a3, a3, 0x1
 100be0a: 96be         	add	a3, a3, a5
 100be0c: 0005c703     	lbu	a4, 0x0(a1)
 100be10: 0785         	addi	a5, a5, 0x1
 100be12: 0585         	addi	a1, a1, 0x1
 100be14: fee78fa3     	sb	a4, -0x1(a5)
 100be18: fed79ae3     	bne	a5, a3, 0x100be0c <memmove+0x36>
 100be1c: 8082         	ret
 100be1e: 00b567b3     	or	a5, a0, a1
 100be22: 8b8d         	andi	a5, a5, 0x3
 100be24: eba5         	bnez	a5, 0x100be94 <memmove+0xbe>
 100be26: ff060893     	addi	a7, a2, -0x10
 100be2a: ff08f893     	andi	a7, a7, -0x10
 100be2e: 08c1         	addi	a7, a7, 0x10
 100be30: 011506b3     	add	a3, a0, a7
 100be34: 872e         	mv	a4, a1
 100be36: 87aa         	mv	a5, a0
 100be38: 00072803     	lw	a6, 0x0(a4)
 100be3c: 0741         	addi	a4, a4, 0x10
 100be3e: 07c1         	addi	a5, a5, 0x10
 100be40: ff07a823     	sw	a6, -0x10(a5)
 100be44: ff472803     	lw	a6, -0xc(a4)
 100be48: ff07aa23     	sw	a6, -0xc(a5)
 100be4c: ff872803     	lw	a6, -0x8(a4)
 100be50: ff07ac23     	sw	a6, -0x8(a5)
 100be54: ffc72803     	lw	a6, -0x4(a4)
 100be58: ff07ae23     	sw	a6, -0x4(a5)
 100be5c: fcd79ee3     	bne	a5, a3, 0x100be38 <memmove+0x62>
 100be60: 00c67813     	andi	a6, a2, 0xc
 100be64: 95c6         	add	a1, a1, a7
 100be66: 00f67713     	andi	a4, a2, 0xf
 100be6a: 02080a63     	beqz	a6, 0x100be9e <memmove+0xc8>
 100be6e: ffc70813     	addi	a6, a4, -0x4
 100be72: ffc87813     	andi	a6, a6, -0x4
 100be76: 0811         	addi	a6, a6, 0x4
 100be78: 010687b3     	add	a5, a3, a6
 100be7c: 872e         	mv	a4, a1
 100be7e: 00072883     	lw	a7, 0x0(a4)
 100be82: 0691         	addi	a3, a3, 0x4
 100be84: 0711         	addi	a4, a4, 0x4
 100be86: ff16ae23     	sw	a7, -0x4(a3)
 100be8a: fef69ae3     	bne	a3, a5, 0x100be7e <memmove+0xa8>
 100be8e: 8a0d         	andi	a2, a2, 0x3
 100be90: 95c2         	add	a1, a1, a6
 100be92: bf85         	j	0x100be02 <memmove+0x2c>
 100be94: fff60693     	addi	a3, a2, -0x1
 100be98: 87aa         	mv	a5, a0
 100be9a: b7bd         	j	0x100be08 <memmove+0x32>
 100be9c: 8082         	ret
 100be9e: 863a         	mv	a2, a4
 100bea0: b78d         	j	0x100be02 <memmove+0x2c>

0100bea2 <memset>:
 100bea2: 433d         	li	t1, 0xf
 100bea4: 872a         	mv	a4, a0
 100bea6: 02c37363     	bgeu	t1, a2, 0x100becc <memset+0x2a>
 100beaa: 00f77793     	andi	a5, a4, 0xf
 100beae: efbd         	bnez	a5, 0x100bf2c <memset+0x8a>
 100beb0: e5ad         	bnez	a1, 0x100bf1a <memset+0x78>
 100beb2: ff067693     	andi	a3, a2, -0x10
 100beb6: 8a3d         	andi	a2, a2, 0xf
 100beb8: 96ba         	add	a3, a3, a4
 100beba: c30c         	sw	a1, 0x0(a4)
 100bebc: c34c         	sw	a1, 0x4(a4)
 100bebe: c70c         	sw	a1, 0x8(a4)
 100bec0: c74c         	sw	a1, 0xc(a4)
 100bec2: 0741         	addi	a4, a4, 0x10
 100bec4: fed76be3     	bltu	a4, a3, 0x100beba <memset+0x18>
 100bec8: e211         	bnez	a2, 0x100becc <memset+0x2a>
 100beca: 8082         	ret
 100becc: 40c306b3     	sub	a3, t1, a2
 100bed0: 068a         	slli	a3, a3, 0x2
 100bed2: 00000297     	auipc	t0, 0x0
 100bed6: 9696         	add	a3, a3, t0
 100bed8: 00a68067     	jr	0xa(a3)
 100bedc: 00b70723     	sb	a1, 0xe(a4)
 100bee0: 00b706a3     	sb	a1, 0xd(a4)
 100bee4: 00b70623     	sb	a1, 0xc(a4)
 100bee8: 00b705a3     	sb	a1, 0xb(a4)
 100beec: 00b70523     	sb	a1, 0xa(a4)
 100bef0: 00b704a3     	sb	a1, 0x9(a4)
 100bef4: 00b70423     	sb	a1, 0x8(a4)
 100bef8: 00b703a3     	sb	a1, 0x7(a4)
 100befc: 00b70323     	sb	a1, 0x6(a4)
 100bf00: 00b702a3     	sb	a1, 0x5(a4)
 100bf04: 00b70223     	sb	a1, 0x4(a4)
 100bf08: 00b701a3     	sb	a1, 0x3(a4)
 100bf0c: 00b70123     	sb	a1, 0x2(a4)
 100bf10: 00b700a3     	sb	a1, 0x1(a4)
 100bf14: 00b70023     	sb	a1, 0x0(a4)
 100bf18: 8082         	ret
 100bf1a: 0ff5f593     	andi	a1, a1, 0xff
 100bf1e: 00859693     	slli	a3, a1, 0x8
 100bf22: 8dd5         	or	a1, a1, a3
 100bf24: 01059693     	slli	a3, a1, 0x10
 100bf28: 8dd5         	or	a1, a1, a3
 100bf2a: b761         	j	0x100beb2 <memset+0x10>
 100bf2c: 00279693     	slli	a3, a5, 0x2
 100bf30: 00000297     	auipc	t0, 0x0
 100bf34: 9696         	add	a3, a3, t0
 100bf36: 8286         	mv	t0, ra
 100bf38: fa8680e7     	jalr	-0x58(a3)
 100bf3c: 8096         	mv	ra, t0
 100bf3e: 17c1         	addi	a5, a5, -0x10
 100bf40: 8f1d         	sub	a4, a4, a5
 100bf42: 963e         	add	a2, a2, a5
 100bf44: f8c374e3     	bgeu	t1, a2, 0x100becc <memset+0x2a>
 100bf48: b7a5         	j	0x100beb0 <memset+0xe>

0100bf4a <memcpy>:
 100bf4a: 00a5c7b3     	xor	a5, a1, a0
 100bf4e: 8b8d         	andi	a5, a5, 0x3
 100bf50: 00c508b3     	add	a7, a0, a2
 100bf54: e7b1         	bnez	a5, 0x100bfa0 <memcpy+0x56>
 100bf56: 478d         	li	a5, 0x3
 100bf58: 04c7f463     	bgeu	a5, a2, 0x100bfa0 <memcpy+0x56>
 100bf5c: 00357793     	andi	a5, a0, 0x3
 100bf60: 872a         	mv	a4, a0
 100bf62: ebb9         	bnez	a5, 0x100bfb8 <memcpy+0x6e>
 100bf64: ffc8f613     	andi	a2, a7, -0x4
 100bf68: 40e606b3     	sub	a3, a2, a4
 100bf6c: 02000793     	li	a5, 0x20
 100bf70: 06d7c863     	blt	a5, a3, 0x100bfe0 <memcpy+0x96>
 100bf74: 86ae         	mv	a3, a1
 100bf76: 87ba         	mv	a5, a4
 100bf78: 02c77163     	bgeu	a4, a2, 0x100bf9a <memcpy+0x50>
 100bf7c: 0006a803     	lw	a6, 0x0(a3)
 100bf80: 0791         	addi	a5, a5, 0x4
 100bf82: 0691         	addi	a3, a3, 0x4
 100bf84: ff07ae23     	sw	a6, -0x4(a5)
 100bf88: fec7eae3     	bltu	a5, a2, 0x100bf7c <memcpy+0x32>
 100bf8c: fff60793     	addi	a5, a2, -0x1
 100bf90: 8f99         	sub	a5, a5, a4
 100bf92: 9bf1         	andi	a5, a5, -0x4
 100bf94: 0791         	addi	a5, a5, 0x4
 100bf96: 973e         	add	a4, a4, a5
 100bf98: 95be         	add	a1, a1, a5
 100bf9a: 01176663     	bltu	a4, a7, 0x100bfa6 <memcpy+0x5c>
 100bf9e: 8082         	ret
 100bfa0: 872a         	mv	a4, a0
 100bfa2: 03157e63     	bgeu	a0, a7, 0x100bfde <memcpy+0x94>
 100bfa6: 0005c783     	lbu	a5, 0x0(a1)
 100bfaa: 0705         	addi	a4, a4, 0x1
 100bfac: 0585         	addi	a1, a1, 0x1
 100bfae: fef70fa3     	sb	a5, -0x1(a4)
 100bfb2: fee89ae3     	bne	a7, a4, 0x100bfa6 <memcpy+0x5c>
 100bfb6: 8082         	ret
 100bfb8: 0005c683     	lbu	a3, 0x0(a1)
 100bfbc: 0705         	addi	a4, a4, 0x1
 100bfbe: 00377793     	andi	a5, a4, 0x3
 100bfc2: fed70fa3     	sb	a3, -0x1(a4)
 100bfc6: 0585         	addi	a1, a1, 0x1
 100bfc8: dfd1         	beqz	a5, 0x100bf64 <memcpy+0x1a>
 100bfca: 0005c683     	lbu	a3, 0x0(a1)
 100bfce: 0705         	addi	a4, a4, 0x1
 100bfd0: 00377793     	andi	a5, a4, 0x3
 100bfd4: fed70fa3     	sb	a3, -0x1(a4)
 100bfd8: 0585         	addi	a1, a1, 0x1
 100bfda: fff9         	bnez	a5, 0x100bfb8 <memcpy+0x6e>
 100bfdc: b761         	j	0x100bf64 <memcpy+0x1a>
 100bfde: 8082         	ret
 100bfe0: 1141         	addi	sp, sp, -0x10
 100bfe2: c622         	sw	s0, 0xc(sp)
 100bfe4: 02000413     	li	s0, 0x20
 100bfe8: 0005a383     	lw	t2, 0x0(a1)
 100bfec: 0045a283     	lw	t0, 0x4(a1)
 100bff0: 0085af83     	lw	t6, 0x8(a1)
 100bff4: 00c5af03     	lw	t5, 0xc(a1)
 100bff8: 0105ae83     	lw	t4, 0x10(a1)
 100bffc: 0145ae03     	lw	t3, 0x14(a1)
 100c000: 0185a303     	lw	t1, 0x18(a1)
 100c004: 01c5a803     	lw	a6, 0x1c(a1)
 100c008: 5194         	lw	a3, 0x20(a1)
 100c00a: 02470713     	addi	a4, a4, 0x24
 100c00e: 40e607b3     	sub	a5, a2, a4
 100c012: fc772e23     	sw	t2, -0x24(a4)
 100c016: fe572023     	sw	t0, -0x20(a4)
 100c01a: fff72223     	sw	t6, -0x1c(a4)
 100c01e: ffe72423     	sw	t5, -0x18(a4)
 100c022: ffd72623     	sw	t4, -0x14(a4)
 100c026: ffc72823     	sw	t3, -0x10(a4)
 100c02a: fe672a23     	sw	t1, -0xc(a4)
 100c02e: ff072c23     	sw	a6, -0x8(a4)
 100c032: fed72e23     	sw	a3, -0x4(a4)
 100c036: 02458593     	addi	a1, a1, 0x24
 100c03a: faf447e3     	blt	s0, a5, 0x100bfe8 <memcpy+0x9e>
 100c03e: 86ae         	mv	a3, a1
 100c040: 87ba         	mv	a5, a4
 100c042: 02c77163     	bgeu	a4, a2, 0x100c064 <memcpy+0x11a>
 100c046: 0006a803     	lw	a6, 0x0(a3)
 100c04a: 0791         	addi	a5, a5, 0x4
 100c04c: 0691         	addi	a3, a3, 0x4
 100c04e: ff07ae23     	sw	a6, -0x4(a5)
 100c052: fec7eae3     	bltu	a5, a2, 0x100c046 <memcpy+0xfc>
 100c056: fff60793     	addi	a5, a2, -0x1
 100c05a: 8f99         	sub	a5, a5, a4
 100c05c: 9bf1         	andi	a5, a5, -0x4
 100c05e: 0791         	addi	a5, a5, 0x4
 100c060: 973e         	add	a4, a4, a5
 100c062: 95be         	add	a1, a1, a5
 100c064: 01176563     	bltu	a4, a7, 0x100c06e <memcpy+0x124>
 100c068: 4432         	lw	s0, 0xc(sp)
 100c06a: 0141         	addi	sp, sp, 0x10
 100c06c: 8082         	ret
 100c06e: 0005c783     	lbu	a5, 0x0(a1)
 100c072: 0705         	addi	a4, a4, 0x1
 100c074: 0585         	addi	a1, a1, 0x1
 100c076: fef70fa3     	sb	a5, -0x1(a4)
 100c07a: fee887e3     	beq	a7, a4, 0x100c068 <memcpy+0x11e>
 100c07e: 0005c783     	lbu	a5, 0x0(a1)
 100c082: 0705         	addi	a4, a4, 0x1
 100c084: 0585         	addi	a1, a1, 0x1
 100c086: fef70fa3     	sb	a5, -0x1(a4)
 100c08a: fee892e3     	bne	a7, a4, 0x100c06e <memcpy+0x124>
 100c08e: bfe9         	j	0x100c068 <memcpy+0x11e>

0100c090 <strlen>:
 100c090: 00357793     	andi	a5, a0, 0x3
 100c094: 872a         	mv	a4, a0
 100c096: ef9d         	bnez	a5, 0x100c0d4 <strlen+0x44>
 100c098: 7f7f86b7     	lui	a3, 0x7f7f8
 100c09c: f7f68693     	addi	a3, a3, -0x81
 100c0a0: 55fd         	li	a1, -0x1
 100c0a2: 4310         	lw	a2, 0x0(a4)
 100c0a4: 0711         	addi	a4, a4, 0x4
 100c0a6: 00d677b3     	and	a5, a2, a3
 100c0aa: 97b6         	add	a5, a5, a3
 100c0ac: 8fd1         	or	a5, a5, a2
 100c0ae: 8fd5         	or	a5, a5, a3
 100c0b0: feb789e3     	beq	a5, a1, 0x100c0a2 <strlen+0x12>
 100c0b4: ffc74683     	lbu	a3, -0x4(a4)
 100c0b8: 40a707b3     	sub	a5, a4, a0
 100c0bc: ca8d         	beqz	a3, 0x100c0ee <strlen+0x5e>
 100c0be: ffd74683     	lbu	a3, -0x3(a4)
 100c0c2: c29d         	beqz	a3, 0x100c0e8 <strlen+0x58>
 100c0c4: ffe74503     	lbu	a0, -0x2(a4)
 100c0c8: 00a03533     	snez	a0, a0
 100c0cc: 953e         	add	a0, a0, a5
 100c0ce: 1579         	addi	a0, a0, -0x2
 100c0d0: 8082         	ret
 100c0d2: d2f9         	beqz	a3, 0x100c098 <strlen+0x8>
 100c0d4: 00074783     	lbu	a5, 0x0(a4)
 100c0d8: 0705         	addi	a4, a4, 0x1
 100c0da: 00377693     	andi	a3, a4, 0x3
 100c0de: fbf5         	bnez	a5, 0x100c0d2 <strlen+0x42>
 100c0e0: 8f09         	sub	a4, a4, a0
 100c0e2: fff70513     	addi	a0, a4, -0x1
 100c0e6: 8082         	ret
 100c0e8: ffd78513     	addi	a0, a5, -0x3
 100c0ec: 8082         	ret
 100c0ee: ffc78513     	addi	a0, a5, -0x4
 100c0f2: 8082         	ret

0100c0f4 <_getpid>:
 100c0f4: 4505         	li	a0, 0x1
 100c0f6: 8082         	ret

0100c0f8 <_kill>:
 100c0f8: 1141         	addi	sp, sp, -0x10
 100c0fa: c606         	sw	ra, 0xc(sp)
 100c0fc: 3961         	jal	0x100bd94 <__errno>
 100c0fe: 40b2         	lw	ra, 0xc(sp)
 100c100: 47d9         	li	a5, 0x16
 100c102: c11c         	sw	a5, 0x0(a0)
 100c104: 557d         	li	a0, -0x1
 100c106: 0141         	addi	sp, sp, 0x10
 100c108: 8082         	ret
 100c10a: 0000         	unimp
 100c10c: 0000         	unimp
 100c10e: 0000         	unimp

0100c110 <_close>:
 100c110: 1101         	addi	sp, sp, -0x20
 100c112: ca26         	sw	s1, 0x14(sp)
 100c114: ce06         	sw	ra, 0x1c(sp)
 100c116: cc22         	sw	s0, 0x18(sp)
 100c118: 84aa         	mv	s1, a0
 100c11a: 2285         	jal	0x100c27a <__get_fdentry>
 100c11c: cd21         	beqz	a0, 0x100c174 <_close+0x64>
 100c11e: 411c         	lw	a5, 0x0(a0)
 100c120: 006c         	addi	a1, sp, 0xc
 100c122: 4509         	li	a0, 0x2
 100c124: c63e         	sw	a5, 0xc(sp)
 100c126: 00000013     	nop
 100c12a: 00000013     	nop
 100c12e: 0001         	nop
 100c130: 01f01013     	slli	zero, zero, 0x1f
 100c134: 00100073     	ebreak
 100c138: 40705013     	srai	zero, zero, 0x7
 100c13c: 842a         	mv	s0, a0
 100c13e: 00054b63     	bltz	a0, 0x100c154 <_close+0x44>
 100c142: e119         	bnez	a0, 0x100c148 <_close+0x38>
 100c144: 8526         	mv	a0, s1
 100c146: 2295         	jal	0x100c2aa <__remove_fdentry>
 100c148: 40f2         	lw	ra, 0x1c(sp)
 100c14a: 8522         	mv	a0, s0
 100c14c: 4462         	lw	s0, 0x18(sp)
 100c14e: 44d2         	lw	s1, 0x14(sp)
 100c150: 6105         	addi	sp, sp, 0x20
 100c152: 8082         	ret
 100c154: 454d         	li	a0, 0x13
 100c156: 4581         	li	a1, 0x0
 100c158: 00000013     	nop
 100c15c: 00000013     	nop
 100c160: 01f01013     	slli	zero, zero, 0x1f
 100c164: 00100073     	ebreak
 100c168: 40705013     	srai	zero, zero, 0x7
 100c16c: 018007b7     	lui	a5, 0x1800
 100c170: 72a7a623     	sw	a0, 0x72c(a5)
 100c174: 547d         	li	s0, -0x1
 100c176: bfc9         	j	0x100c148 <_close+0x38>
		...

0100c180 <_exit>:
 100c180: 000205b7     	lui	a1, 0x20
 100c184: 4561         	li	a0, 0x18
 100c186: 02658593     	addi	a1, a1, 0x26
 100c18a: 00000013     	nop
 100c18e: 0001         	nop
 100c190: 01f01013     	slli	zero, zero, 0x1f
 100c194: 00100073     	ebreak
 100c198: 40705013     	srai	zero, zero, 0x7
 100c19c: 00054363     	bltz	a0, 0x100c1a2 <_exit+0x22>
 100c1a0: a001         	j	0x100c1a0 <_exit+0x20>
 100c1a2: 454d         	li	a0, 0x13
 100c1a4: 4581         	li	a1, 0x0
 100c1a6: 00000013     	nop
 100c1aa: 00000013     	nop
 100c1ae: 0001         	nop
 100c1b0: 01f01013     	slli	zero, zero, 0x1f
 100c1b4: 00100073     	ebreak
 100c1b8: 40705013     	srai	zero, zero, 0x7
 100c1bc: 018007b7     	lui	a5, 0x1800
 100c1c0: 72a7a623     	sw	a0, 0x72c(a5)
 100c1c4: bff1         	j	0x100c1a0 <_exit+0x20>
		...
 100c1d2: 0000         	unimp

0100c1d4 <init_semihosting>:
 100c1d4: 1141         	addi	sp, sp, -0x10
 100c1d6: 018017b7     	lui	a5, 0x1801
 100c1da: c422         	sw	s0, 0x8(sp)
 100c1dc: 37478413     	addi	s0, a5, 0x374
 100c1e0: c606         	sw	ra, 0xc(sp)
 100c1e2: c226         	sw	s1, 0x4(sp)
 100c1e4: 37478793     	addi	a5, a5, 0x374
 100c1e8: 08040693     	addi	a3, s0, 0x80
 100c1ec: 577d         	li	a4, -0x1
 100c1ee: c398         	sw	a4, 0x0(a5)
 100c1f0: 07a1         	addi	a5, a5, 0x8
 100c1f2: fed79ee3     	bne	a5, a3, 0x100c1ee <init_semihosting+0x1a>
 100c1f6: 010104b7     	lui	s1, 0x1010
 100c1fa: 4581         	li	a1, 0x0
 100c1fc: 8a448513     	addi	a0, s1, -0x75c
 100c200: 2401         	jal	0x100c400 <_open>
 100c202: 87aa         	mv	a5, a0
 100c204: 60100593     	li	a1, 0x601
 100c208: 8a448513     	addi	a0, s1, -0x75c
 100c20c: c01c         	sw	a5, 0x0(s0)
 100c20e: 00042223     	sw	zero, 0x4(s0)
 100c212: 22fd         	jal	0x100c400 <_open>
 100c214: 87aa         	mv	a5, a0
 100c216: 20900593     	li	a1, 0x209
 100c21a: 8a448513     	addi	a0, s1, -0x75c
 100c21e: c41c         	sw	a5, 0x8(s0)
 100c220: 00042623     	sw	zero, 0xc(s0)
 100c224: 2af1         	jal	0x100c400 <_open>
 100c226: 40b2         	lw	ra, 0xc(sp)
 100c228: c808         	sw	a0, 0x10(s0)
 100c22a: 00042a23     	sw	zero, 0x14(s0)
 100c22e: 4422         	lw	s0, 0x8(sp)
 100c230: 4492         	lw	s1, 0x4(sp)
 100c232: 0141         	addi	sp, sp, 0x10
 100c234: 8082         	ret

0100c236 <__add_fdentry>:
 100c236: 018017b7     	lui	a5, 0x1801
 100c23a: 85aa         	mv	a1, a0
 100c23c: 37478813     	addi	a6, a5, 0x374
 100c240: 4501         	li	a0, 0x0
 100c242: 37478793     	addi	a5, a5, 0x374
 100c246: 56fd         	li	a3, -0x1
 100c248: 4641         	li	a2, 0x10
 100c24a: 4398         	lw	a4, 0x0(a5)
 100c24c: 07a1         	addi	a5, a5, 0x8
 100c24e: 00d70e63     	beq	a4, a3, 0x100c26a <__add_fdentry+0x34>
 100c252: 0505         	addi	a0, a0, 0x1
 100c254: fec51be3     	bne	a0, a2, 0x100c24a <__add_fdentry+0x14>
 100c258: 1141         	addi	sp, sp, -0x10
 100c25a: c606         	sw	ra, 0xc(sp)
 100c25c: 3e25         	jal	0x100bd94 <__errno>
 100c25e: 40b2         	lw	ra, 0xc(sp)
 100c260: 47dd         	li	a5, 0x17
 100c262: c11c         	sw	a5, 0x0(a0)
 100c264: 557d         	li	a0, -0x1
 100c266: 0141         	addi	sp, sp, 0x10
 100c268: 8082         	ret
 100c26a: 00351793     	slli	a5, a0, 0x3
 100c26e: 983e         	add	a6, a6, a5
 100c270: 00b82023     	sw	a1, 0x0(a6)
 100c274: 00082223     	sw	zero, 0x4(a6)
 100c278: 8082         	ret

0100c27a <__get_fdentry>:
 100c27a: 47bd         	li	a5, 0xf
 100c27c: 00a7ee63     	bltu	a5, a0, 0x100c298 <__get_fdentry+0x1e>
 100c280: 018017b7     	lui	a5, 0x1801
 100c284: 00351713     	slli	a4, a0, 0x3
 100c288: 37478513     	addi	a0, a5, 0x374
 100c28c: 953a         	add	a0, a0, a4
 100c28e: 4118         	lw	a4, 0x0(a0)
 100c290: 57fd         	li	a5, -0x1
 100c292: 00f70363     	beq	a4, a5, 0x100c298 <__get_fdentry+0x1e>
 100c296: 8082         	ret
 100c298: 1141         	addi	sp, sp, -0x10
 100c29a: c606         	sw	ra, 0xc(sp)
 100c29c: 3ce5         	jal	0x100bd94 <__errno>
 100c29e: 40b2         	lw	ra, 0xc(sp)
 100c2a0: 47a5         	li	a5, 0x9
 100c2a2: c11c         	sw	a5, 0x0(a0)
 100c2a4: 4501         	li	a0, 0x0
 100c2a6: 0141         	addi	sp, sp, 0x10
 100c2a8: 8082         	ret

0100c2aa <__remove_fdentry>:
 100c2aa: 018017b7     	lui	a5, 0x1801
 100c2ae: 050e         	slli	a0, a0, 0x3
 100c2b0: 37478793     	addi	a5, a5, 0x374
 100c2b4: 97aa         	add	a5, a5, a0
 100c2b6: 577d         	li	a4, -0x1
 100c2b8: c398         	sw	a4, 0x0(a5)
 100c2ba: 8082         	ret

0100c2bc <_fstat>:
 100c2bc: 1141         	addi	sp, sp, -0x10
 100c2be: 87ae         	mv	a5, a1
 100c2c0: c422         	sw	s0, 0x8(sp)
 100c2c2: 4581         	li	a1, 0x0
 100c2c4: 842a         	mv	s0, a0
 100c2c6: 05800613     	li	a2, 0x58
 100c2ca: 853e         	mv	a0, a5
 100c2cc: c606         	sw	ra, 0xc(sp)
 100c2ce: 3ed1         	jal	0x100bea2 <memset>
 100c2d0: 85aa         	mv	a1, a0
 100c2d2: 8522         	mv	a0, s0
 100c2d4: 4422         	lw	s0, 0x8(sp)
 100c2d6: 40b2         	lw	ra, 0xc(sp)
 100c2d8: 0141         	addi	sp, sp, 0x10
 100c2da: ac59         	j	0x100c570 <__stat_common>
 100c2dc: 0000         	unimp
 100c2de: 0000         	unimp

0100c2e0 <_isatty>:
 100c2e0: 1101         	addi	sp, sp, -0x20
 100c2e2: ce06         	sw	ra, 0x1c(sp)
 100c2e4: 3f59         	jal	0x100c27a <__get_fdentry>
 100c2e6: cd1d         	beqz	a0, 0x100c324 <_isatty+0x44>
 100c2e8: 411c         	lw	a5, 0x0(a0)
 100c2ea: 006c         	addi	a1, sp, 0xc
 100c2ec: 4525         	li	a0, 0x9
 100c2ee: c63e         	sw	a5, 0xc(sp)
 100c2f0: 01f01013     	slli	zero, zero, 0x1f
 100c2f4: 00100073     	ebreak
 100c2f8: 40705013     	srai	zero, zero, 0x7
 100c2fc: 00054563     	bltz	a0, 0x100c306 <_isatty+0x26>
 100c300: 40f2         	lw	ra, 0x1c(sp)
 100c302: 6105         	addi	sp, sp, 0x20
 100c304: 8082         	ret
 100c306: 454d         	li	a0, 0x13
 100c308: 4581         	li	a1, 0x0
 100c30a: 00000013     	nop
 100c30e: 0001         	nop
 100c310: 01f01013     	slli	zero, zero, 0x1f
 100c314: 00100073     	ebreak
 100c318: 40705013     	srai	zero, zero, 0x7
 100c31c: 018007b7     	lui	a5, 0x1800
 100c320: 72a7a623     	sw	a0, 0x72c(a5)
 100c324: 557d         	li	a0, -0x1
 100c326: bfe9         	j	0x100c300 <_isatty+0x20>
		...

0100c340 <_lseek>:
 100c340: 1101         	addi	sp, sp, -0x20
 100c342: cc22         	sw	s0, 0x18(sp)
 100c344: ca26         	sw	s1, 0x14(sp)
 100c346: ce06         	sw	ra, 0x1c(sp)
 100c348: 842e         	mv	s0, a1
 100c34a: 84b2         	mv	s1, a2
 100c34c: 373d         	jal	0x100c27a <__get_fdentry>
 100c34e: c155         	beqz	a0, 0x100c3f2 <_lseek+0xb2>
 100c350: 4705         	li	a4, 0x1
 100c352: 87aa         	mv	a5, a0
 100c354: 06e48363     	beq	s1, a4, 0x100c3ba <_lseek+0x7a>
 100c358: 4118         	lw	a4, 0x0(a0)
 100c35a: c43a         	sw	a4, 0x8(sp)
 100c35c: c09d         	beqz	s1, 0x100c382 <_lseek+0x42>
 100c35e: 4709         	li	a4, 0x2
 100c360: 06e49363     	bne	s1, a4, 0x100c3c6 <_lseek+0x86>
 100c364: c602         	sw	zero, 0xc(sp)
 100c366: 4531         	li	a0, 0xc
 100c368: 002c         	addi	a1, sp, 0x8
 100c36a: 00000013     	nop
 100c36e: 0001         	nop
 100c370: 01f01013     	slli	zero, zero, 0x1f
 100c374: 00100073     	ebreak
 100c378: 40705013     	srai	zero, zero, 0x7
 100c37c: 942a         	add	s0, s0, a0
 100c37e: 04054963     	bltz	a0, 0x100c3d0 <_lseek+0x90>
 100c382: 04044263     	bltz	s0, 0x100c3c6 <_lseek+0x86>
 100c386: c622         	sw	s0, 0xc(sp)
 100c388: 4529         	li	a0, 0xa
 100c38a: 002c         	addi	a1, sp, 0x8
 100c38c: 00000013     	nop
 100c390: 01f01013     	slli	zero, zero, 0x1f
 100c394: 00100073     	ebreak
 100c398: 40705013     	srai	zero, zero, 0x7
 100c39c: 02054a63     	bltz	a0, 0x100c3d0 <_lseek+0x90>
 100c3a0: c511         	beqz	a0, 0x100c3ac <_lseek+0x6c>
 100c3a2: 40f2         	lw	ra, 0x1c(sp)
 100c3a4: 4462         	lw	s0, 0x18(sp)
 100c3a6: 44d2         	lw	s1, 0x14(sp)
 100c3a8: 6105         	addi	sp, sp, 0x20
 100c3aa: 8082         	ret
 100c3ac: 40f2         	lw	ra, 0x1c(sp)
 100c3ae: c3c0         	sw	s0, 0x4(a5)
 100c3b0: 8522         	mv	a0, s0
 100c3b2: 4462         	lw	s0, 0x18(sp)
 100c3b4: 44d2         	lw	s1, 0x14(sp)
 100c3b6: 6105         	addi	sp, sp, 0x20
 100c3b8: 8082         	ret
 100c3ba: 4148         	lw	a0, 0x4(a0)
 100c3bc: d07d         	beqz	s0, 0x100c3a2 <_lseek+0x62>
 100c3be: 4398         	lw	a4, 0x0(a5)
 100c3c0: 942a         	add	s0, s0, a0
 100c3c2: c43a         	sw	a4, 0x8(sp)
 100c3c4: bf7d         	j	0x100c382 <_lseek+0x42>
 100c3c6: 32f9         	jal	0x100bd94 <__errno>
 100c3c8: 47d9         	li	a5, 0x16
 100c3ca: c11c         	sw	a5, 0x0(a0)
 100c3cc: 557d         	li	a0, -0x1
 100c3ce: bfd1         	j	0x100c3a2 <_lseek+0x62>
 100c3d0: 32d1         	jal	0x100bd94 <__errno>
 100c3d2: 87aa         	mv	a5, a0
 100c3d4: 4581         	li	a1, 0x0
 100c3d6: 454d         	li	a0, 0x13
 100c3d8: 00000013     	nop
 100c3dc: 00000013     	nop
 100c3e0: 01f01013     	slli	zero, zero, 0x1f
 100c3e4: 00100073     	ebreak
 100c3e8: 40705013     	srai	zero, zero, 0x7
 100c3ec: c388         	sw	a0, 0x0(a5)
 100c3ee: 557d         	li	a0, -0x1
 100c3f0: bf4d         	j	0x100c3a2 <_lseek+0x62>
 100c3f2: 324d         	jal	0x100bd94 <__errno>
 100c3f4: 47a5         	li	a5, 0x9
 100c3f6: c11c         	sw	a5, 0x0(a0)
 100c3f8: 557d         	li	a0, -0x1
 100c3fa: b765         	j	0x100c3a2 <_lseek+0x62>
 100c3fc: 0000         	unimp
 100c3fe: 0000         	unimp

0100c400 <_open>:
 100c400: 7139         	addi	sp, sp, -0x40
 100c402: da3e         	sw	a5, 0x34(sp)
 100c404: ce06         	sw	ra, 0x1c(sp)
 100c406: d432         	sw	a2, 0x28(sp)
 100c408: d636         	sw	a3, 0x2c(sp)
 100c40a: d83a         	sw	a4, 0x30(sp)
 100c40c: dc42         	sw	a6, 0x38(sp)
 100c40e: de46         	sw	a7, 0x3c(sp)
 100c410: 0035f793     	andi	a5, a1, 0x3
 100c414: cf85         	beqz	a5, 0x100c44c <_open+0x4c>
 100c416: 6015f793     	andi	a5, a1, 0x601
 100c41a: 60100713     	li	a4, 0x601
 100c41e: 04e78d63     	beq	a5, a4, 0x100c478 <_open+0x78>
 100c422: 2095f793     	andi	a5, a1, 0x209
 100c426: 20900713     	li	a4, 0x209
 100c42a: 04e78b63     	beq	a5, a4, 0x100c480 <_open+0x80>
 100c42e: 6025f793     	andi	a5, a1, 0x602
 100c432: 60200713     	li	a4, 0x602
 100c436: 04e78363     	beq	a5, a4, 0x100c47c <_open+0x7c>
 100c43a: 20a5f793     	andi	a5, a1, 0x20a
 100c43e: 20a00713     	li	a4, 0x20a
 100c442: 04e78163     	beq	a5, a4, 0x100c484 <_open+0x84>
 100c446: 8989         	andi	a1, a1, 0x2
 100c448: 4789         	li	a5, 0x2
 100c44a: cd9d         	beqz	a1, 0x100c488 <_open+0x88>
 100c44c: c22a         	sw	a0, 0x4(sp)
 100c44e: c43e         	sw	a5, 0x8(sp)
 100c450: 3181         	jal	0x100c090 <strlen>
 100c452: c62a         	sw	a0, 0xc(sp)
 100c454: 004c         	addi	a1, sp, 0x4
 100c456: 4505         	li	a0, 0x1
 100c458: 00000013     	nop
 100c45c: 00000013     	nop
 100c460: 01f01013     	slli	zero, zero, 0x1f
 100c464: 00100073     	ebreak
 100c468: 40705013     	srai	zero, zero, 0x7
 100c46c: 02054363     	bltz	a0, 0x100c492 <_open+0x92>
 100c470: 33d9         	jal	0x100c236 <__add_fdentry>
 100c472: 40f2         	lw	ra, 0x1c(sp)
 100c474: 6121         	addi	sp, sp, 0x40
 100c476: 8082         	ret
 100c478: 4791         	li	a5, 0x4
 100c47a: bfc9         	j	0x100c44c <_open+0x4c>
 100c47c: 4799         	li	a5, 0x6
 100c47e: b7f9         	j	0x100c44c <_open+0x4c>
 100c480: 47a1         	li	a5, 0x8
 100c482: b7e9         	j	0x100c44c <_open+0x4c>
 100c484: 47a9         	li	a5, 0xa
 100c486: b7d9         	j	0x100c44c <_open+0x4c>
 100c488: 3231         	jal	0x100bd94 <__errno>
 100c48a: 47d9         	li	a5, 0x16
 100c48c: c11c         	sw	a5, 0x0(a0)
 100c48e: 557d         	li	a0, -0x1
 100c490: b7cd         	j	0x100c472 <_open+0x72>
 100c492: 454d         	li	a0, 0x13
 100c494: 4581         	li	a1, 0x0
 100c496: 00000013     	nop
 100c49a: 00000013     	nop
 100c49e: 0001         	nop
 100c4a0: 01f01013     	slli	zero, zero, 0x1f
 100c4a4: 00100073     	ebreak
 100c4a8: 40705013     	srai	zero, zero, 0x7
 100c4ac: 018007b7     	lui	a5, 0x1800
 100c4b0: 72a7a623     	sw	a0, 0x72c(a5)
 100c4b4: 557d         	li	a0, -0x1
 100c4b6: bf75         	j	0x100c472 <_open+0x72>
		...

0100c4d0 <_read>:
 100c4d0: 1101         	addi	sp, sp, -0x20
 100c4d2: cc22         	sw	s0, 0x18(sp)
 100c4d4: ca26         	sw	s1, 0x14(sp)
 100c4d6: ce06         	sw	ra, 0x1c(sp)
 100c4d8: 84ae         	mv	s1, a1
 100c4da: 8432         	mv	s0, a2
 100c4dc: 3b79         	jal	0x100c27a <__get_fdentry>
 100c4de: c921         	beqz	a0, 0x100c52e <_read+0x5e>
 100c4e0: 4118         	lw	a4, 0x0(a0)
 100c4e2: 87aa         	mv	a5, a0
 100c4e4: c426         	sw	s1, 0x8(sp)
 100c4e6: 4519         	li	a0, 0x6
 100c4e8: c23a         	sw	a4, 0x4(sp)
 100c4ea: c622         	sw	s0, 0xc(sp)
 100c4ec: 004c         	addi	a1, sp, 0x4
 100c4ee: 0001         	nop
 100c4f0: 01f01013     	slli	zero, zero, 0x1f
 100c4f4: 00100073     	ebreak
 100c4f8: 40705013     	srai	zero, zero, 0x7
 100c4fc: 00054c63     	bltz	a0, 0x100c514 <_read+0x44>
 100c500: 43d8         	lw	a4, 0x4(a5)
 100c502: 40a40533     	sub	a0, s0, a0
 100c506: 40f2         	lw	ra, 0x1c(sp)
 100c508: 4462         	lw	s0, 0x18(sp)
 100c50a: 972a         	add	a4, a4, a0
 100c50c: c3d8         	sw	a4, 0x4(a5)
 100c50e: 44d2         	lw	s1, 0x14(sp)
 100c510: 6105         	addi	sp, sp, 0x20
 100c512: 8082         	ret
 100c514: 3041         	jal	0x100bd94 <__errno>
 100c516: 87aa         	mv	a5, a0
 100c518: 4581         	li	a1, 0x0
 100c51a: 454d         	li	a0, 0x13
 100c51c: 00000013     	nop
 100c520: 01f01013     	slli	zero, zero, 0x1f
 100c524: 00100073     	ebreak
 100c528: 40705013     	srai	zero, zero, 0x7
 100c52c: c388         	sw	a0, 0x0(a5)
 100c52e: 40f2         	lw	ra, 0x1c(sp)
 100c530: 4462         	lw	s0, 0x18(sp)
 100c532: 44d2         	lw	s1, 0x14(sp)
 100c534: 557d         	li	a0, -0x1
 100c536: 6105         	addi	sp, sp, 0x20
 100c538: 8082         	ret
 100c53a: 0000         	unimp
 100c53c: 0000         	unimp

0100c53e <_sbrk>:
 100c53e: 01800737     	lui	a4, 0x1800
 100c542: 73072783     	lw	a5, 0x730(a4)
 100c546: c791         	beqz	a5, 0x100c552 <_sbrk+0x14>
 100c548: 953e         	add	a0, a0, a5
 100c54a: 72a72823     	sw	a0, 0x730(a4)
 100c54e: 853e         	mv	a0, a5
 100c550: 8082         	ret
 100c552: 018017b7     	lui	a5, 0x1801
 100c556: 3f478793     	addi	a5, a5, 0x3f4
 100c55a: 953e         	add	a0, a0, a5
 100c55c: 72a72823     	sw	a0, 0x730(a4)
 100c560: 853e         	mv	a0, a5
 100c562: 8082         	ret
		...

0100c570 <__stat_common>:
 100c570: 1101         	addi	sp, sp, -0x20
 100c572: cc22         	sw	s0, 0x18(sp)
 100c574: ce06         	sw	ra, 0x1c(sp)
 100c576: 842e         	mv	s0, a1
 100c578: 3309         	jal	0x100c27a <__get_fdentry>
 100c57a: c529         	beqz	a0, 0x100c5c4 <__stat_common+0x54>
 100c57c: 405c         	lw	a5, 0x4(s0)
 100c57e: 4118         	lw	a4, 0x0(a0)
 100c580: 6689         	lui	a3, 0x2
 100c582: 8fd5         	or	a5, a5, a3
 100c584: c05c         	sw	a5, 0x4(s0)
 100c586: 6785         	lui	a5, 0x1
 100c588: c63a         	sw	a4, 0xc(sp)
 100c58a: c43c         	sw	a5, 0x48(s0)
 100c58c: 4531         	li	a0, 0xc
 100c58e: 006c         	addi	a1, sp, 0xc
 100c590: 01f01013     	slli	zero, zero, 0x1f
 100c594: 00100073     	ebreak
 100c598: 40705013     	srai	zero, zero, 0x7
 100c59c: 00054863     	bltz	a0, 0x100c5ac <__stat_common+0x3c>
 100c5a0: c808         	sw	a0, 0x10(s0)
 100c5a2: 4501         	li	a0, 0x0
 100c5a4: 40f2         	lw	ra, 0x1c(sp)
 100c5a6: 4462         	lw	s0, 0x18(sp)
 100c5a8: 6105         	addi	sp, sp, 0x20
 100c5aa: 8082         	ret
 100c5ac: 454d         	li	a0, 0x13
 100c5ae: 4581         	li	a1, 0x0
 100c5b0: 01f01013     	slli	zero, zero, 0x1f
 100c5b4: 00100073     	ebreak
 100c5b8: 40705013     	srai	zero, zero, 0x7
 100c5bc: 018007b7     	lui	a5, 0x1800
 100c5c0: 72a7a623     	sw	a0, 0x72c(a5)
 100c5c4: 557d         	li	a0, -0x1
 100c5c6: bff9         	j	0x100c5a4 <__stat_common+0x34>
		...

0100c5d0 <_write>:
 100c5d0: 1101         	addi	sp, sp, -0x20
 100c5d2: cc22         	sw	s0, 0x18(sp)
 100c5d4: ca26         	sw	s1, 0x14(sp)
 100c5d6: ce06         	sw	ra, 0x1c(sp)
 100c5d8: 84ae         	mv	s1, a1
 100c5da: 8432         	mv	s0, a2
 100c5dc: 3979         	jal	0x100c27a <__get_fdentry>
 100c5de: c939         	beqz	a0, 0x100c634 <_write+0x64>
 100c5e0: 4118         	lw	a4, 0x0(a0)
 100c5e2: 87aa         	mv	a5, a0
 100c5e4: c426         	sw	s1, 0x8(sp)
 100c5e6: 4515         	li	a0, 0x5
 100c5e8: c23a         	sw	a4, 0x4(sp)
 100c5ea: c622         	sw	s0, 0xc(sp)
 100c5ec: 004c         	addi	a1, sp, 0x4
 100c5ee: 0001         	nop
 100c5f0: 01f01013     	slli	zero, zero, 0x1f
 100c5f4: 00100073     	ebreak
 100c5f8: 40705013     	srai	zero, zero, 0x7
 100c5fc: 00054c63     	bltz	a0, 0x100c614 <_write+0x44>
 100c600: 43d8         	lw	a4, 0x4(a5)
 100c602: 40a40533     	sub	a0, s0, a0
 100c606: 972a         	add	a4, a4, a0
 100c608: c3d8         	sw	a4, 0x4(a5)
 100c60a: 40f2         	lw	ra, 0x1c(sp)
 100c60c: 4462         	lw	s0, 0x18(sp)
 100c60e: 44d2         	lw	s1, 0x14(sp)
 100c610: 6105         	addi	sp, sp, 0x20
 100c612: 8082         	ret
 100c614: 454d         	li	a0, 0x13
 100c616: 4581         	li	a1, 0x0
 100c618: 00000013     	nop
 100c61c: 00000013     	nop
 100c620: 01f01013     	slli	zero, zero, 0x1f
 100c624: 00100073     	ebreak
 100c628: 40705013     	srai	zero, zero, 0x7
 100c62c: 018007b7     	lui	a5, 0x1800
 100c630: 72a7a623     	sw	a0, 0x72c(a5)
 100c634: 557d         	li	a0, -0x1
 100c636: bfd1         	j	0x100c60a <_write+0x3a>

0100c638 <__netf2>:
 100c638: 411c         	lw	a5, 0x0(a0)
 100c63a: 00452e03     	lw	t3, 0x4(a0)
 100c63e: 00852e83     	lw	t4, 0x8(a0)
 100c642: 4554         	lw	a3, 0xc(a0)
 100c644: 4198         	lw	a4, 0x0(a1)
 100c646: 0045af83     	lw	t6, 0x4(a1)
 100c64a: 0085af03     	lw	t5, 0x8(a1)
 100c64e: 00c5a883     	lw	a7, 0xc(a1)
 100c652: 1141         	addi	sp, sp, -0x10
 100c654: 00202673     	frrm	a2
 100c658: 6521         	lui	a0, 0x8
 100c65a: 0106d613     	srli	a2, a3, 0x10
 100c65e: 157d         	addi	a0, a0, -0x1
 100c660: 01069313     	slli	t1, a3, 0x10
 100c664: 01089593     	slli	a1, a7, 0x10
 100c668: 01f6d813     	srli	a6, a3, 0x1f
 100c66c: 8e69         	and	a2, a2, a0
 100c66e: 0108d693     	srli	a3, a7, 0x10
 100c672: 01035313     	srli	t1, t1, 0x10
 100c676: 81c1         	srli	a1, a1, 0x10
 100c678: 8ee9         	and	a3, a3, a0
 100c67a: 01f8d893     	srli	a7, a7, 0x1f
 100c67e: 00a61c63     	bne	a2, a0, 0x100c696 <__netf2+0x5e>
 100c682: 01c7e533     	or	a0, a5, t3
 100c686: 01d56533     	or	a0, a0, t4
 100c68a: 00656533     	or	a0, a0, t1
 100c68e: e51d         	bnez	a0, 0x100c6bc <__netf2+0x84>
 100c690: 04c69b63     	bne	a3, a2, 0x100c6e6 <__netf2+0xae>
 100c694: a019         	j	0x100c69a <__netf2+0x62>
 100c696: 04a69a63     	bne	a3, a0, 0x100c6ea <__netf2+0xb2>
 100c69a: 01f76533     	or	a0, a4, t6
 100c69e: 01e56533     	or	a0, a0, t5
 100c6a2: 8d4d         	or	a0, a0, a1
 100c6a4: c139         	beqz	a0, 0x100c6ea <__netf2+0xb2>
 100c6a6: 6521         	lui	a0, 0x8
 100c6a8: 157d         	addi	a0, a0, -0x1
 100c6aa: 02a61a63     	bne	a2, a0, 0x100c6de <__netf2+0xa6>
 100c6ae: 01c7e7b3     	or	a5, a5, t3
 100c6b2: 01d7e7b3     	or	a5, a5, t4
 100c6b6: 0067e7b3     	or	a5, a5, t1
 100c6ba: cb99         	beqz	a5, 0x100c6d0 <__netf2+0x98>
 100c6bc: 0342         	slli	t1, t1, 0x10
 100c6be: 41035313     	srai	t1, t1, 0x10
 100c6c2: 04035c63     	bgez	t1, 0x100c71a <__netf2+0xe2>
 100c6c6: 67a1         	lui	a5, 0x8
 100c6c8: 17fd         	addi	a5, a5, -0x1
 100c6ca: 4505         	li	a0, 0x1
 100c6cc: 04f69563     	bne	a3, a5, 0x100c716 <__netf2+0xde>
 100c6d0: 01f76733     	or	a4, a4, t6
 100c6d4: 01e76733     	or	a4, a4, t5
 100c6d8: 8f4d         	or	a4, a4, a1
 100c6da: 4505         	li	a0, 0x1
 100c6dc: cf0d         	beqz	a4, 0x100c716 <__netf2+0xde>
 100c6de: 05c2         	slli	a1, a1, 0x10
 100c6e0: 85c1         	srai	a1, a1, 0x10
 100c6e2: 0205dc63     	bgez	a1, 0x100c71a <__netf2+0xe2>
 100c6e6: 4505         	li	a0, 0x1
 100c6e8: a03d         	j	0x100c716 <__netf2+0xde>
 100c6ea: 4505         	li	a0, 0x1
 100c6ec: 02c69563     	bne	a3, a2, 0x100c716 <__netf2+0xde>
 100c6f0: 02e79363     	bne	a5, a4, 0x100c716 <__netf2+0xde>
 100c6f4: 03fe1163     	bne	t3, t6, 0x100c716 <__netf2+0xde>
 100c6f8: 01ee9f63     	bne	t4, t5, 0x100c716 <__netf2+0xde>
 100c6fc: 00b31d63     	bne	t1, a1, 0x100c716 <__netf2+0xde>
 100c700: 03180063     	beq	a6, a7, 0x100c720 <__netf2+0xe8>
 100c704: ea89         	bnez	a3, 0x100c716 <__netf2+0xde>
 100c706: 01c7e533     	or	a0, a5, t3
 100c70a: 01d56533     	or	a0, a0, t4
 100c70e: 00656533     	or	a0, a0, t1
 100c712: 00a03533     	snez	a0, a0
 100c716: 0141         	addi	sp, sp, 0x10
 100c718: 8082         	ret
 100c71a: 00186073     	csrsi	fflags, 0x10
 100c71e: b7e1         	j	0x100c6e6 <__netf2+0xae>
 100c720: 4501         	li	a0, 0x0
 100c722: bfd5         	j	0x100c716 <__netf2+0xde>

0100c724 <__gttf2>:
 100c724: 00052883     	lw	a7, 0x0(a0)
 100c728: 00452303     	lw	t1, 0x4(a0)
 100c72c: 00852e03     	lw	t3, 0x8(a0)
 100c730: 455c         	lw	a5, 0xc(a0)
 100c732: 0005ae83     	lw	t4, 0x0(a1)
 100c736: 0045af03     	lw	t5, 0x4(a1)
 100c73a: 0085af83     	lw	t6, 0x8(a1)
 100c73e: 45d4         	lw	a3, 0xc(a1)
 100c740: 1141         	addi	sp, sp, -0x10
 100c742: 00202773     	frrm	a4
 100c746: 6721         	lui	a4, 0x8
 100c748: 0107d613     	srli	a2, a5, 0x10
 100c74c: 177d         	addi	a4, a4, -0x1
 100c74e: 01079813     	slli	a6, a5, 0x10
 100c752: 01069293     	slli	t0, a3, 0x10
 100c756: 0106d513     	srli	a0, a3, 0x10
 100c75a: 8e79         	and	a2, a2, a4
 100c75c: 01085813     	srli	a6, a6, 0x10
 100c760: 83fd         	srli	a5, a5, 0x1f
 100c762: 0102d293     	srli	t0, t0, 0x10
 100c766: 8d79         	and	a0, a0, a4
 100c768: 82fd         	srli	a3, a3, 0x1f
 100c76a: 00e61963     	bne	a2, a4, 0x100c77c <__gttf2+0x58>
 100c76e: 01136733     	or	a4, t1, a7
 100c772: 01c76733     	or	a4, a4, t3
 100c776: 01076733     	or	a4, a4, a6
 100c77a: ef35         	bnez	a4, 0x100c7f6 <__gttf2+0xd2>
 100c77c: 6721         	lui	a4, 0x8
 100c77e: 177d         	addi	a4, a4, -0x1
 100c780: 00e51963     	bne	a0, a4, 0x100c792 <__gttf2+0x6e>
 100c784: 01eee733     	or	a4, t4, t5
 100c788: 01f76733     	or	a4, a4, t6
 100c78c: 00576733     	or	a4, a4, t0
 100c790: e33d         	bnez	a4, 0x100c7f6 <__gttf2+0xd2>
 100c792: 4701         	li	a4, 0x0
 100c794: ea09         	bnez	a2, 0x100c7a6 <__gttf2+0x82>
 100c796: 01136733     	or	a4, t1, a7
 100c79a: 01c76733     	or	a4, a4, t3
 100c79e: 01076733     	or	a4, a4, a6
 100c7a2: 00173713     	seqz	a4, a4
 100c7a6: ed21         	bnez	a0, 0x100c7fe <__gttf2+0xda>
 100c7a8: 01eee5b3     	or	a1, t4, t5
 100c7ac: 01f5e5b3     	or	a1, a1, t6
 100c7b0: 0055e5b3     	or	a1, a1, t0
 100c7b4: c711         	beqz	a4, 0x100c7c0 <__gttf2+0x9c>
 100c7b6: c981         	beqz	a1, 0x100c7c6 <__gttf2+0xa2>
 100c7b8: 4505         	li	a0, 0x1
 100c7ba: e691         	bnez	a3, 0x100c7c6 <__gttf2+0xa2>
 100c7bc: 557d         	li	a0, -0x1
 100c7be: a021         	j	0x100c7c6 <__gttf2+0xa2>
 100c7c0: e1a1         	bnez	a1, 0x100c800 <__gttf2+0xdc>
 100c7c2: 557d         	li	a0, -0x1
 100c7c4: c7a1         	beqz	a5, 0x100c80c <__gttf2+0xe8>
 100c7c6: 0141         	addi	sp, sp, 0x10
 100c7c8: 8082         	ret
 100c7ca: fea647e3     	blt	a2, a0, 0x100c7b8 <__gttf2+0x94>
 100c7ce: ff02eae3     	bltu	t0, a6, 0x100c7c2 <__gttf2+0x9e>
 100c7d2: 00581f63     	bne	a6, t0, 0x100c7f0 <__gttf2+0xcc>
 100c7d6: ffcfe6e3     	bltu	t6, t3, 0x100c7c2 <__gttf2+0x9e>
 100c7da: 01fe1b63     	bne	t3, t6, 0x100c7f0 <__gttf2+0xcc>
 100c7de: fe6f62e3     	bltu	t5, t1, 0x100c7c2 <__gttf2+0x9e>
 100c7e2: 01e31763     	bne	t1, t5, 0x100c7f0 <__gttf2+0xcc>
 100c7e6: fd1eeee3     	bltu	t4, a7, 0x100c7c2 <__gttf2+0x9e>
 100c7ea: 4501         	li	a0, 0x0
 100c7ec: fdd8fde3     	bgeu	a7, t4, 0x100c7c6 <__gttf2+0xa2>
 100c7f0: 4505         	li	a0, 0x1
 100c7f2: fbf1         	bnez	a5, 0x100c7c6 <__gttf2+0xa2>
 100c7f4: b7e1         	j	0x100c7bc <__gttf2+0x98>
 100c7f6: 00186073     	csrsi	fflags, 0x10
 100c7fa: 5579         	li	a0, -0x2
 100c7fc: b7e9         	j	0x100c7c6 <__gttf2+0xa2>
 100c7fe: ff4d         	bnez	a4, 0x100c7b8 <__gttf2+0x94>
 100c800: fcf691e3     	bne	a3, a5, 0x100c7c2 <__gttf2+0x9e>
 100c804: fcc553e3     	bge	a0, a2, 0x100c7ca <__gttf2+0xa6>
 100c808: 557d         	li	a0, -0x1
 100c80a: fed5         	bnez	a3, 0x100c7c6 <__gttf2+0xa2>
 100c80c: 4505         	li	a0, 0x1
 100c80e: bf65         	j	0x100c7c6 <__gttf2+0xa2>

0100c810 <__lttf2>:
 100c810: 00052883     	lw	a7, 0x0(a0)
 100c814: 00452303     	lw	t1, 0x4(a0)
 100c818: 00852e03     	lw	t3, 0x8(a0)
 100c81c: 455c         	lw	a5, 0xc(a0)
 100c81e: 0005ae83     	lw	t4, 0x0(a1)
 100c822: 0045af03     	lw	t5, 0x4(a1)
 100c826: 0085af83     	lw	t6, 0x8(a1)
 100c82a: 45d4         	lw	a3, 0xc(a1)
 100c82c: 1141         	addi	sp, sp, -0x10
 100c82e: 00202773     	frrm	a4
 100c832: 6721         	lui	a4, 0x8
 100c834: 0107d613     	srli	a2, a5, 0x10
 100c838: 177d         	addi	a4, a4, -0x1
 100c83a: 01079813     	slli	a6, a5, 0x10
 100c83e: 01069293     	slli	t0, a3, 0x10
 100c842: 0106d513     	srli	a0, a3, 0x10
 100c846: 8e79         	and	a2, a2, a4
 100c848: 01085813     	srli	a6, a6, 0x10
 100c84c: 83fd         	srli	a5, a5, 0x1f
 100c84e: 0102d293     	srli	t0, t0, 0x10
 100c852: 8d79         	and	a0, a0, a4
 100c854: 82fd         	srli	a3, a3, 0x1f
 100c856: 00e61963     	bne	a2, a4, 0x100c868 <__lttf2+0x58>
 100c85a: 01136733     	or	a4, t1, a7
 100c85e: 01c76733     	or	a4, a4, t3
 100c862: 01076733     	or	a4, a4, a6
 100c866: ef35         	bnez	a4, 0x100c8e2 <__lttf2+0xd2>
 100c868: 6721         	lui	a4, 0x8
 100c86a: 177d         	addi	a4, a4, -0x1
 100c86c: 00e51963     	bne	a0, a4, 0x100c87e <__lttf2+0x6e>
 100c870: 01eee733     	or	a4, t4, t5
 100c874: 01f76733     	or	a4, a4, t6
 100c878: 00576733     	or	a4, a4, t0
 100c87c: e33d         	bnez	a4, 0x100c8e2 <__lttf2+0xd2>
 100c87e: 4701         	li	a4, 0x0
 100c880: ea09         	bnez	a2, 0x100c892 <__lttf2+0x82>
 100c882: 01136733     	or	a4, t1, a7
 100c886: 01c76733     	or	a4, a4, t3
 100c88a: 01076733     	or	a4, a4, a6
 100c88e: 00173713     	seqz	a4, a4
 100c892: ed21         	bnez	a0, 0x100c8ea <__lttf2+0xda>
 100c894: 01eee5b3     	or	a1, t4, t5
 100c898: 01f5e5b3     	or	a1, a1, t6
 100c89c: 0055e5b3     	or	a1, a1, t0
 100c8a0: c711         	beqz	a4, 0x100c8ac <__lttf2+0x9c>
 100c8a2: c981         	beqz	a1, 0x100c8b2 <__lttf2+0xa2>
 100c8a4: 4505         	li	a0, 0x1
 100c8a6: e691         	bnez	a3, 0x100c8b2 <__lttf2+0xa2>
 100c8a8: 557d         	li	a0, -0x1
 100c8aa: a021         	j	0x100c8b2 <__lttf2+0xa2>
 100c8ac: e1a1         	bnez	a1, 0x100c8ec <__lttf2+0xdc>
 100c8ae: 557d         	li	a0, -0x1
 100c8b0: c7a1         	beqz	a5, 0x100c8f8 <__lttf2+0xe8>
 100c8b2: 0141         	addi	sp, sp, 0x10
 100c8b4: 8082         	ret
 100c8b6: fea647e3     	blt	a2, a0, 0x100c8a4 <__lttf2+0x94>
 100c8ba: ff02eae3     	bltu	t0, a6, 0x100c8ae <__lttf2+0x9e>
 100c8be: 00581f63     	bne	a6, t0, 0x100c8dc <__lttf2+0xcc>
 100c8c2: ffcfe6e3     	bltu	t6, t3, 0x100c8ae <__lttf2+0x9e>
 100c8c6: 01fe1b63     	bne	t3, t6, 0x100c8dc <__lttf2+0xcc>
 100c8ca: fe6f62e3     	bltu	t5, t1, 0x100c8ae <__lttf2+0x9e>
 100c8ce: 01e31763     	bne	t1, t5, 0x100c8dc <__lttf2+0xcc>
 100c8d2: fd1eeee3     	bltu	t4, a7, 0x100c8ae <__lttf2+0x9e>
 100c8d6: 4501         	li	a0, 0x0
 100c8d8: fdd8fde3     	bgeu	a7, t4, 0x100c8b2 <__lttf2+0xa2>
 100c8dc: 4505         	li	a0, 0x1
 100c8de: fbf1         	bnez	a5, 0x100c8b2 <__lttf2+0xa2>
 100c8e0: b7e1         	j	0x100c8a8 <__lttf2+0x98>
 100c8e2: 00186073     	csrsi	fflags, 0x10
 100c8e6: 4509         	li	a0, 0x2
 100c8e8: b7e9         	j	0x100c8b2 <__lttf2+0xa2>
 100c8ea: ff4d         	bnez	a4, 0x100c8a4 <__lttf2+0x94>
 100c8ec: fcf691e3     	bne	a3, a5, 0x100c8ae <__lttf2+0x9e>
 100c8f0: fcc553e3     	bge	a0, a2, 0x100c8b6 <__lttf2+0xa6>
 100c8f4: 557d         	li	a0, -0x1
 100c8f6: fed5         	bnez	a3, 0x100c8b2 <__lttf2+0xa2>
 100c8f8: 4505         	li	a0, 0x1
 100c8fa: bf65         	j	0x100c8b2 <__lttf2+0xa2>

0100c8fc <__multf3>:
 100c8fc: 7131         	addi	sp, sp, -0xc0
 100c8fe: d552         	sw	s4, 0xa8(sp)
 100c900: d356         	sw	s5, 0xa4(sp)
 100c902: d15a         	sw	s6, 0xa0(sp)
 100c904: cf5e         	sw	s7, 0x9c(sp)
 100c906: c62a         	sw	a0, 0xc(sp)
 100c908: 419c         	lw	a5, 0x0(a1)
 100c90a: 41c8         	lw	a0, 0x4(a1)
 100c90c: 4594         	lw	a3, 0x8(a1)
 100c90e: 45d8         	lw	a4, 0xc(a1)
 100c910: 00062a83     	lw	s5, 0x0(a2)
 100c914: 00462b83     	lw	s7, 0x4(a2)
 100c918: 00862b03     	lw	s6, 0x8(a2)
 100c91c: 00c62a03     	lw	s4, 0xc(a2)
 100c920: df06         	sw	ra, 0xbc(sp)
 100c922: dd22         	sw	s0, 0xb8(sp)
 100c924: db26         	sw	s1, 0xb4(sp)
 100c926: d94a         	sw	s2, 0xb0(sp)
 100c928: d74e         	sw	s3, 0xac(sp)
 100c92a: cd62         	sw	s8, 0x98(sp)
 100c92c: cb66         	sw	s9, 0x94(sp)
 100c92e: c96a         	sw	s10, 0x90(sp)
 100c930: c76e         	sw	s11, 0x8c(sp)
 100c932: 002024f3     	frrm	s1
 100c936: 6621         	lui	a2, 0x8
 100c938: 01071413     	slli	s0, a4, 0x10
 100c93c: 8041         	srli	s0, s0, 0x10
 100c93e: 01075913     	srli	s2, a4, 0x10
 100c942: 167d         	addi	a2, a2, -0x1
 100c944: d0be         	sw	a5, 0x60(sp)
 100c946: d2aa         	sw	a0, 0x64(sp)
 100c948: d4b6         	sw	a3, 0x68(sp)
 100c94a: d6ba         	sw	a4, 0x6c(sp)
 100c94c: d83e         	sw	a5, 0x30(sp)
 100c94e: da2a         	sw	a0, 0x34(sp)
 100c950: dc36         	sw	a3, 0x38(sp)
 100c952: de22         	sw	s0, 0x3c(sp)
 100c954: 00c97933     	and	s2, s2, a2
 100c958: 01f75993     	srli	s3, a4, 0x1f
 100c95c: 02090a63     	beqz	s2, 0x100c990 <__multf3+0x94>
 100c960: 10c90d63     	beq	s2, a2, 0x100ca7a <__multf3+0x17e>
 100c964: 6741         	lui	a4, 0x10
 100c966: 8c59         	or	s0, s0, a4
 100c968: de22         	sw	s0, 0x3c(sp)
 100c96a: 1818         	addi	a4, sp, 0x30
 100c96c: 104c         	addi	a1, sp, 0x24
 100c96e: 4754         	lw	a3, 0xc(a4)
 100c970: 4710         	lw	a2, 0x8(a4)
 100c972: 1771         	addi	a4, a4, -0x4
 100c974: 068e         	slli	a3, a3, 0x3
 100c976: 8275         	srli	a2, a2, 0x1d
 100c978: 8ed1         	or	a3, a3, a2
 100c97a: cb14         	sw	a3, 0x10(a4)
 100c97c: fee599e3     	bne	a1, a4, 0x100c96e <__multf3+0x72>
 100c980: 078e         	slli	a5, a5, 0x3
 100c982: d83e         	sw	a5, 0x30(sp)
 100c984: 77f1         	lui	a5, 0xffffc
 100c986: 0785         	addi	a5, a5, 0x1
 100c988: 993e         	add	s2, s2, a5
 100c98a: 4c01         	li	s8, 0x0
 100c98c: 4401         	li	s0, 0x0
 100c98e: a211         	j	0x100ca92 <__multf3+0x196>
 100c990: 00a7e733     	or	a4, a5, a0
 100c994: 8f55         	or	a4, a4, a3
 100c996: 8f41         	or	a4, a4, s0
 100c998: 70070d63     	beqz	a4, 0x100d0b2 <__multf3+0x7b6>
 100c99c: cc2d         	beqz	s0, 0x100ca16 <__multf3+0x11a>
 100c99e: 8522         	mv	a0, s0
 100c9a0: 3f1000ef     	jal	0x100d590 <__clzsi2>
 100c9a4: ff450693     	addi	a3, a0, -0xc
 100c9a8: 4056d793     	srai	a5, a3, 0x5
 100c9ac: 8afd         	andi	a3, a3, 0x1f
 100c9ae: c6d9         	beqz	a3, 0x100ca3c <__multf3+0x140>
 100c9b0: 5671         	li	a2, -0x4
 100c9b2: 02c78633     	mul	a2, a5, a2
 100c9b6: 02000813     	li	a6, 0x20
 100c9ba: 03010313     	addi	t1, sp, 0x30
 100c9be: 40d80833     	sub	a6, a6, a3
 100c9c2: 00c60713     	addi	a4, a2, 0xc
 100c9c6: 971a         	add	a4, a4, t1
 100c9c8: 40c00633     	neg	a2, a2
 100c9cc: 08e31863     	bne	t1, a4, 0x100ca5c <__multf3+0x160>
 100c9d0: fff78713     	addi	a4, a5, -0x1
 100c9d4: 078a         	slli	a5, a5, 0x2
 100c9d6: 1810         	addi	a2, sp, 0x30
 100c9d8: 05078793     	addi	a5, a5, 0x50
 100c9dc: 97b2         	add	a5, a5, a2
 100c9de: 5642         	lw	a2, 0x30(sp)
 100c9e0: 00d616b3     	sll	a3, a2, a3
 100c9e4: fad7a823     	sw	a3, -0x50(a5)
 100c9e8: 00170793     	addi	a5, a4, 0x1
 100c9ec: 078a         	slli	a5, a5, 0x2
 100c9ee: 46a1         	li	a3, 0x8
 100c9f0: 1818         	addi	a4, sp, 0x30
 100c9f2: 00d7e863     	bltu	a5, a3, 0x100ca02 <__multf3+0x106>
 100c9f6: 00072023     	sw	zero, 0x0(a4)
 100c9fa: 00072223     	sw	zero, 0x4(a4)
 100c9fe: 17e1         	addi	a5, a5, -0x8
 100ca00: 1838         	addi	a4, sp, 0x38
 100ca02: 4691         	li	a3, 0x4
 100ca04: 00d7e463     	bltu	a5, a3, 0x100ca0c <__multf3+0x110>
 100ca08: 00072023     	sw	zero, 0x0(a4)
 100ca0c: 7971         	lui	s2, 0xffffc
 100ca0e: 0945         	addi	s2, s2, 0x11
 100ca10: 40a90933     	sub	s2, s2, a0
 100ca14: bf9d         	j	0x100c98a <__multf3+0x8e>
 100ca16: c699         	beqz	a3, 0x100ca24 <__multf3+0x128>
 100ca18: 8536         	mv	a0, a3
 100ca1a: 377000ef     	jal	0x100d590 <__clzsi2>
 100ca1e: 02050513     	addi	a0, a0, 0x20
 100ca22: b749         	j	0x100c9a4 <__multf3+0xa8>
 100ca24: c511         	beqz	a0, 0x100ca30 <__multf3+0x134>
 100ca26: 36b000ef     	jal	0x100d590 <__clzsi2>
 100ca2a: 04050513     	addi	a0, a0, 0x40
 100ca2e: bf9d         	j	0x100c9a4 <__multf3+0xa8>
 100ca30: 853e         	mv	a0, a5
 100ca32: 35f000ef     	jal	0x100d590 <__clzsi2>
 100ca36: 06050513     	addi	a0, a0, 0x60
 100ca3a: b7ad         	j	0x100c9a4 <__multf3+0xa8>
 100ca3c: 5671         	li	a2, -0x4
 100ca3e: 02c78633     	mul	a2, a5, a2
 100ca42: 1878         	addi	a4, sp, 0x3c
 100ca44: 468d         	li	a3, 0x3
 100ca46: 00c705b3     	add	a1, a4, a2
 100ca4a: 418c         	lw	a1, 0x0(a1)
 100ca4c: 16fd         	addi	a3, a3, -0x1
 100ca4e: 1771         	addi	a4, a4, -0x4
 100ca50: c34c         	sw	a1, 0x4(a4)
 100ca52: fef6dae3     	bge	a3, a5, 0x100ca46 <__multf3+0x14a>
 100ca56: fff78713     	addi	a4, a5, -0x1
 100ca5a: b779         	j	0x100c9e8 <__multf3+0xec>
 100ca5c: 430c         	lw	a1, 0x0(a4)
 100ca5e: ffc72883     	lw	a7, -0x4(a4)
 100ca62: 00c70e33     	add	t3, a4, a2
 100ca66: 00d595b3     	sll	a1, a1, a3
 100ca6a: 0108d8b3     	srl	a7, a7, a6
 100ca6e: 0115e5b3     	or	a1, a1, a7
 100ca72: 00be2023     	sw	a1, 0x0(t3)
 100ca76: 1771         	addi	a4, a4, -0x4
 100ca78: bf91         	j	0x100c9cc <__multf3+0xd0>
 100ca7a: 8fc9         	or	a5, a5, a0
 100ca7c: 8fd5         	or	a5, a5, a3
 100ca7e: 8fc1         	or	a5, a5, s0
 100ca80: 62078c63     	beqz	a5, 0x100d0b8 <__multf3+0x7bc>
 100ca84: 0442         	slli	s0, s0, 0x10
 100ca86: 8441         	srai	s0, s0, 0x10
 100ca88: fff44413     	not	s0, s0
 100ca8c: 807d         	srli	s0, s0, 0x1f
 100ca8e: 0412         	slli	s0, s0, 0x4
 100ca90: 4c0d         	li	s8, 0x3
 100ca92: 010a1513     	slli	a0, s4, 0x10
 100ca96: 6721         	lui	a4, 0x8
 100ca98: 010a5793     	srli	a5, s4, 0x10
 100ca9c: 8141         	srli	a0, a0, 0x10
 100ca9e: 177d         	addi	a4, a4, -0x1
 100caa0: d6d2         	sw	s4, 0x6c(sp)
 100caa2: d0d6         	sw	s5, 0x60(sp)
 100caa4: d2de         	sw	s7, 0x64(sp)
 100caa6: d4da         	sw	s6, 0x68(sp)
 100caa8: c0d6         	sw	s5, 0x40(sp)
 100caaa: c2de         	sw	s7, 0x44(sp)
 100caac: c4da         	sw	s6, 0x48(sp)
 100caae: c6aa         	sw	a0, 0x4c(sp)
 100cab0: 8ff9         	and	a5, a5, a4
 100cab2: 01fa5a13     	srli	s4, s4, 0x1f
 100cab6: 60078363     	beqz	a5, 0x100d0bc <__multf3+0x7c0>
 100caba: 6ee78463     	beq	a5, a4, 0x100d1a2 <__multf3+0x8a6>
 100cabe: 6741         	lui	a4, 0x10
 100cac0: 8d59         	or	a0, a0, a4
 100cac2: c6aa         	sw	a0, 0x4c(sp)
 100cac4: 0098         	addi	a4, sp, 0x40
 100cac6: 184c         	addi	a1, sp, 0x34
 100cac8: 4754         	lw	a3, 0xc(a4)
 100caca: 4710         	lw	a2, 0x8(a4)
 100cacc: 1771         	addi	a4, a4, -0x4
 100cace: 068e         	slli	a3, a3, 0x3
 100cad0: 8275         	srli	a2, a2, 0x1d
 100cad2: 8ed1         	or	a3, a3, a2
 100cad4: cb14         	sw	a3, 0x10(a4)
 100cad6: fee599e3     	bne	a1, a4, 0x100cac8 <__multf3+0x1cc>
 100cada: 7771         	lui	a4, 0xffffc
 100cadc: 0a8e         	slli	s5, s5, 0x3
 100cade: 0705         	addi	a4, a4, 0x1
 100cae0: c0d6         	sw	s5, 0x40(sp)
 100cae2: 97ba         	add	a5, a5, a4
 100cae4: 4681         	li	a3, 0x0
 100cae6: 97ca         	add	a5, a5, s2
 100cae8: ca3e         	sw	a5, 0x14(sp)
 100caea: 0785         	addi	a5, a5, 0x1
 100caec: c83e         	sw	a5, 0x10(sp)
 100caee: 002c1793     	slli	a5, s8, 0x2
 100caf2: 8fd5         	or	a5, a5, a3
 100caf4: 4729         	li	a4, 0xa
 100caf6: 6ef74f63     	blt	a4, a5, 0x100d1f4 <__multf3+0x8f8>
 100cafa: 4609         	li	a2, 0x2
 100cafc: 0149c733     	xor	a4, s3, s4
 100cb00: 6cf64463     	blt	a2, a5, 0x100d1c8 <__multf3+0x8cc>
 100cb04: 17fd         	addi	a5, a5, -0x1
 100cb06: 4605         	li	a2, 0x1
 100cb08: 6ef67e63     	bgeu	a2, a5, 0x100d204 <__multf3+0x908>
 100cb0c: 5542         	lw	a0, 0x30(sp)
 100cb0e: 4306         	lw	t1, 0x40(sp)
 100cb10: 6841         	lui	a6, 0x10
 100cb12: fff80593     	addi	a1, a6, -0x1
 100cb16: 01055913     	srli	s2, a0, 0x10
 100cb1a: 01035393     	srli	t2, t1, 0x10
 100cb1e: 8d6d         	and	a0, a0, a1
 100cb20: 00b37333     	and	t1, t1, a1
 100cb24: 02a30633     	mul	a2, t1, a0
 100cb28: 026908b3     	mul	a7, s2, t1
 100cb2c: 01065793     	srli	a5, a2, 0x10
 100cb30: 02a386b3     	mul	a3, t2, a0
 100cb34: 96c6         	add	a3, a3, a7
 100cb36: 97b6         	add	a5, a5, a3
 100cb38: 02790bb3     	mul	s7, s2, t2
 100cb3c: 0117f363     	bgeu	a5, a7, 0x100cb42 <__multf3+0x246>
 100cb40: 9bc2         	add	s7, s7, a6
 100cb42: 4896         	lw	a7, 0x44(sp)
 100cb44: 0107d693     	srli	a3, a5, 0x10
 100cb48: 8fed         	and	a5, a5, a1
 100cb4a: 8e6d         	and	a2, a2, a1
 100cb4c: 07c2         	slli	a5, a5, 0x10
 100cb4e: 97b2         	add	a5, a5, a2
 100cb50: 0108df93     	srli	t6, a7, 0x10
 100cb54: 00b8f8b3     	and	a7, a7, a1
 100cb58: 031905b3     	mul	a1, s2, a7
 100cb5c: d03e         	sw	a5, 0x20(sp)
 100cb5e: d0be         	sw	a5, 0x60(sp)
 100cb60: 02af8633     	mul	a2, t6, a0
 100cb64: 02a887b3     	mul	a5, a7, a0
 100cb68: 962e         	add	a2, a2, a1
 100cb6a: 0107d813     	srli	a6, a5, 0x10
 100cb6e: 9832         	add	a6, a6, a2
 100cb70: 03f90b33     	mul	s6, s2, t6
 100cb74: 00b87463     	bgeu	a6, a1, 0x100cb7c <__multf3+0x280>
 100cb78: 6641         	lui	a2, 0x10
 100cb7a: 9b32         	add	s6, s6, a2
 100cb7c: 01085613     	srli	a2, a6, 0x10
 100cb80: 55d2         	lw	a1, 0x34(sp)
 100cb82: cc32         	sw	a2, 0x18(sp)
 100cb84: 6641         	lui	a2, 0x10
 100cb86: fff60e93     	addi	t4, a2, -0x1
 100cb8a: 01d87833     	and	a6, a6, t4
 100cb8e: 01d7f7b3     	and	a5, a5, t4
 100cb92: 0105d293     	srli	t0, a1, 0x10
 100cb96: 0842         	slli	a6, a6, 0x10
 100cb98: 01d5f5b3     	and	a1, a1, t4
 100cb9c: 983e         	add	a6, a6, a5
 100cb9e: 02628a33     	mul	s4, t0, t1
 100cba2: 96c2         	add	a3, a3, a6
 100cba4: 026587b3     	mul	a5, a1, t1
 100cba8: 02b38eb3     	mul	t4, t2, a1
 100cbac: 0107d993     	srli	s3, a5, 0x10
 100cbb0: 9ed2         	add	t4, t4, s4
 100cbb2: 99f6         	add	s3, s3, t4
 100cbb4: 02538f33     	mul	t5, t2, t0
 100cbb8: 0149f363     	bgeu	s3, s4, 0x100cbbe <__multf3+0x2c2>
 100cbbc: 9f32         	add	t5, t5, a2
 100cbbe: 6c41         	lui	s8, 0x10
 100cbc0: fffc0613     	addi	a2, s8, -0x1
 100cbc4: 8ff1         	and	a5, a5, a2
 100cbc6: 0109da13     	srli	s4, s3, 0x10
 100cbca: 00c9f9b3     	and	s3, s3, a2
 100cbce: 09c2         	slli	s3, s3, 0x10
 100cbd0: 99be         	add	s3, s3, a5
 100cbd2: 02b88eb3     	mul	t4, a7, a1
 100cbd6: 9a7a         	add	s4, s4, t5
 100cbd8: 03128633     	mul	a2, t0, a7
 100cbdc: 010ed793     	srli	a5, t4, 0x10
 100cbe0: 02bf8ab3     	mul	s5, t6, a1
 100cbe4: 9ab2         	add	s5, s5, a2
 100cbe6: 97d6         	add	a5, a5, s5
 100cbe8: 025f8f33     	mul	t5, t6, t0
 100cbec: 00c7f363     	bgeu	a5, a2, 0x100cbf2 <__multf3+0x2f6>
 100cbf0: 9f62         	add	t5, t5, s8
 100cbf2: 0107d613     	srli	a2, a5, 0x10
 100cbf6: 967a         	add	a2, a2, t5
 100cbf8: 6ac1         	lui	s5, 0x10
 100cbfa: ce32         	sw	a2, 0x1c(sp)
 100cbfc: fffa8613     	addi	a2, s5, -0x1
 100cc00: 8ff1         	and	a5, a5, a2
 100cc02: 00cefeb3     	and	t4, t4, a2
 100cc06: 07c2         	slli	a5, a5, 0x10
 100cc08: 97f6         	add	a5, a5, t4
 100cc0a: d23e         	sw	a5, 0x24(sp)
 100cc0c: 47a6         	lw	a5, 0x48(sp)
 100cc0e: 0107dd93     	srli	s11, a5, 0x10
 100cc12: 00c7fd33     	and	s10, a5, a2
 100cc16: 02ad0633     	mul	a2, s10, a0
 100cc1a: 03a90c33     	mul	s8, s2, s10
 100cc1e: 01065793     	srli	a5, a2, 0x10
 100cc22: 02ad8f33     	mul	t5, s11, a0
 100cc26: 9f62         	add	t5, t5, s8
 100cc28: 97fa         	add	a5, a5, t5
 100cc2a: 03b90eb3     	mul	t4, s2, s11
 100cc2e: 0187f363     	bgeu	a5, s8, 0x100cc34 <__multf3+0x338>
 100cc32: 9ed6         	add	t4, t4, s5
 100cc34: 0107df13     	srli	t5, a5, 0x10
 100cc38: 6cc1         	lui	s9, 0x10
 100cc3a: 01df0e33     	add	t3, t5, t4
 100cc3e: fffc8e93     	addi	t4, s9, -0x1
 100cc42: 01d7f7b3     	and	a5, a5, t4
 100cc46: 01d67633     	and	a2, a2, t4
 100cc4a: 07c2         	slli	a5, a5, 0x10
 100cc4c: 97b2         	add	a5, a5, a2
 100cc4e: 5662         	lw	a2, 0x38(sp)
 100cc50: d472         	sw	t3, 0x28(sp)
 100cc52: d63e         	sw	a5, 0x2c(sp)
 100cc54: 01065f13     	srli	t5, a2, 0x10
 100cc58: 01d67633     	and	a2, a2, t4
 100cc5c: 02660ab3     	mul	s5, a2, t1
 100cc60: 026f0e33     	mul	t3, t5, t1
 100cc64: 010ad793     	srli	a5, s5, 0x10
 100cc68: 02c38eb3     	mul	t4, t2, a2
 100cc6c: 9ef2         	add	t4, t4, t3
 100cc6e: 9ebe         	add	t4, t4, a5
 100cc70: 03e38c33     	mul	s8, t2, t5
 100cc74: 01cef363     	bgeu	t4, t3, 0x100cc7a <__multf3+0x37e>
 100cc78: 9c66         	add	s8, s8, s9
 100cc7a: 47e2         	lw	a5, 0x18(sp)
 100cc7c: 96de         	add	a3, a3, s7
 100cc7e: 0106b833     	sltu	a6, a3, a6
 100cc82: 010edc93     	srli	s9, t4, 0x10
 100cc86: 6e41         	lui	t3, 0x10
 100cc88: 9c66         	add	s8, s8, s9
 100cc8a: fffe0c93     	addi	s9, t3, -0x1
 100cc8e: 01078e33     	add	t3, a5, a6
 100cc92: 013687b3     	add	a5, a3, s3
 100cc96: 9e5a         	add	t3, t3, s6
 100cc98: 00d7b6b3     	sltu	a3, a5, a3
 100cc9c: cc3e         	sw	a5, 0x18(sp)
 100cc9e: d2be         	sw	a5, 0x64(sp)
 100cca0: 5792         	lw	a5, 0x24(sp)
 100cca2: 9a72         	add	s4, s4, t3
 100cca4: 96d2         	add	a3, a3, s4
 100cca6: 01ca39b3     	sltu	s3, s4, t3
 100ccaa: 0146ba33     	sltu	s4, a3, s4
 100ccae: 010e3e33     	sltu	t3, t3, a6
 100ccb2: 00f68833     	add	a6, a3, a5
 100ccb6: 47f2         	lw	a5, 0x1c(sp)
 100ccb8: 0149e9b3     	or	s3, s3, s4
 100ccbc: 9e4e         	add	t3, t3, s3
 100ccbe: 00fe09b3     	add	s3, t3, a5
 100ccc2: 57b2         	lw	a5, 0x2c(sp)
 100ccc4: 5a22         	lw	s4, 0x28(sp)
 100ccc6: 00d836b3     	sltu	a3, a6, a3
 100ccca: 019efeb3     	and	t4, t4, s9
 100ccce: 96ce         	add	a3, a3, s3
 100ccd0: 97c2         	add	a5, a5, a6
 100ccd2: 0ec2         	slli	t4, t4, 0x10
 100ccd4: 019afab3     	and	s5, s5, s9
 100ccd8: 9a36         	add	s4, s4, a3
 100ccda: 0107b833     	sltu	a6, a5, a6
 100ccde: 9ed6         	add	t4, t4, s5
 100cce0: 9ebe         	add	t4, t4, a5
 100cce2: 9852         	add	a6, a6, s4
 100cce4: 9c42         	add	s8, s8, a6
 100cce6: 00feb7b3     	sltu	a5, t4, a5
 100ccea: ce76         	sw	t4, 0x1c(sp)
 100ccec: d4f6         	sw	t4, 0x68(sp)
 100ccee: 4eb6         	lw	t4, 0x4c(sp)
 100ccf0: 01c9be33     	sltu	t3, s3, t3
 100ccf4: 97e2         	add	a5, a5, s8
 100ccf6: 0136b9b3     	sltu	s3, a3, s3
 100ccfa: 00da36b3     	sltu	a3, s4, a3
 100ccfe: 01483a33     	sltu	s4, a6, s4
 100cd02: 013e69b3     	or	s3, t3, s3
 100cd06: 0146e6b3     	or	a3, a3, s4
 100cd0a: 010c3833     	sltu	a6, s8, a6
 100cd0e: 0187bc33     	sltu	s8, a5, s8
 100cd12: 96ce         	add	a3, a3, s3
 100cd14: 01886833     	or	a6, a6, s8
 100cd18: 010ed993     	srli	s3, t4, 0x10
 100cd1c: 019efeb3     	and	t4, t4, s9
 100cd20: 03d90a33     	mul	s4, s2, t4
 100cd24: 00d80e33     	add	t3, a6, a3
 100cd28: 02ae86b3     	mul	a3, t4, a0
 100cd2c: 02a98533     	mul	a0, s3, a0
 100cd30: 0106d813     	srli	a6, a3, 0x10
 100cd34: 9552         	add	a0, a0, s4
 100cd36: 982a         	add	a6, a6, a0
 100cd38: 03390933     	mul	s2, s2, s3
 100cd3c: 01487463     	bgeu	a6, s4, 0x100cd44 <__multf3+0x448>
 100cd40: 6541         	lui	a0, 0x10
 100cd42: 992a         	add	s2, s2, a0
 100cd44: 01085513     	srli	a0, a6, 0x10
 100cd48: 954a         	add	a0, a0, s2
 100cd4a: 5a72         	lw	s4, 0x3c(sp)
 100cd4c: 6ac1         	lui	s5, 0x10
 100cd4e: d22a         	sw	a0, 0x24(sp)
 100cd50: fffa8513     	addi	a0, s5, -0x1
 100cd54: 00a87833     	and	a6, a6, a0
 100cd58: 010a5913     	srli	s2, s4, 0x10
 100cd5c: 0842         	slli	a6, a6, 0x10
 100cd5e: 8ee9         	and	a3, a3, a0
 100cd60: 00aa7a33     	and	s4, s4, a0
 100cd64: 96c2         	add	a3, a3, a6
 100cd66: 026a0533     	mul	a0, s4, t1
 100cd6a: d436         	sw	a3, 0x28(sp)
 100cd6c: 02690333     	mul	t1, s2, t1
 100cd70: 01055693     	srli	a3, a0, 0x10
 100cd74: 03238833     	mul	a6, t2, s2
 100cd78: 034383b3     	mul	t2, t2, s4
 100cd7c: 939a         	add	t2, t2, t1
 100cd7e: 969e         	add	a3, a3, t2
 100cd80: 0066f363     	bgeu	a3, t1, 0x100cd86 <__multf3+0x48a>
 100cd84: 9856         	add	a6, a6, s5
 100cd86: 0106da93     	srli	s5, a3, 0x10
 100cd8a: 6bc1         	lui	s7, 0x10
 100cd8c: 9ac2         	add	s5, s5, a6
 100cd8e: fffb8813     	addi	a6, s7, -0x1
 100cd92: 01057533     	and	a0, a0, a6
 100cd96: 0106f6b3     	and	a3, a3, a6
 100cd9a: 03a28333     	mul	t1, t0, s10
 100cd9e: 06c2         	slli	a3, a3, 0x10
 100cda0: 96aa         	add	a3, a3, a0
 100cda2: 03a58833     	mul	a6, a1, s10
 100cda6: 02bd83b3     	mul	t2, s11, a1
 100cdaa: 01085513     	srli	a0, a6, 0x10
 100cdae: 939a         	add	t2, t2, t1
 100cdb0: 951e         	add	a0, a0, t2
 100cdb2: 03b28b33     	mul	s6, t0, s11
 100cdb6: 00657363     	bgeu	a0, t1, 0x100cdbc <__multf3+0x4c0>
 100cdba: 9b5e         	add	s6, s6, s7
 100cdbc: 6c41         	lui	s8, 0x10
 100cdbe: fffc0313     	addi	t1, s8, -0x1
 100cdc2: 01055393     	srli	t2, a0, 0x10
 100cdc6: 00657533     	and	a0, a0, t1
 100cdca: 00687833     	and	a6, a6, t1
 100cdce: 0542         	slli	a0, a0, 0x10
 100cdd0: 93da         	add	t2, t2, s6
 100cdd2: 02cf8333     	mul	t1, t6, a2
 100cdd6: 9542         	add	a0, a0, a6
 100cdd8: 031f0b33     	mul	s6, t5, a7
 100cddc: 02c88833     	mul	a6, a7, a2
 100cde0: 935a         	add	t1, t1, s6
 100cde2: 01085c93     	srli	s9, a6, 0x10
 100cde6: 9366         	add	t1, t1, s9
 100cde8: 03ef8bb3     	mul	s7, t6, t5
 100cdec: 01637363     	bgeu	t1, s6, 0x100cdf2 <__multf3+0x4f6>
 100cdf0: 9be2         	add	s7, s7, s8
 100cdf2: 01035b13     	srli	s6, t1, 0x10
 100cdf6: 9b5e         	add	s6, s6, s7
 100cdf8: 6bc1         	lui	s7, 0x10
 100cdfa: fffb8c13     	addi	s8, s7, -0x1
 100cdfe: 01837333     	and	t1, t1, s8
 100ce02: 0342         	slli	t1, t1, 0x10
 100ce04: 01887833     	and	a6, a6, s8
 100ce08: 981a         	add	a6, a6, t1
 100ce0a: 5322         	lw	t1, 0x28(sp)
 100ce0c: 5c12         	lw	s8, 0x24(sp)
 100ce0e: 933e         	add	t1, t1, a5
 100ce10: 9c72         	add	s8, s8, t3
 100ce12: 00f337b3     	sltu	a5, t1, a5
 100ce16: 97e2         	add	a5, a5, s8
 100ce18: 969a         	add	a3, a3, t1
 100ce1a: 9abe         	add	s5, s5, a5
 100ce1c: 0066b333     	sltu	t1, a3, t1
 100ce20: 9356         	add	t1, t1, s5
 100ce22: 9536         	add	a0, a0, a3
 100ce24: 939a         	add	t2, t2, t1
 100ce26: 00d536b3     	sltu	a3, a0, a3
 100ce2a: 969e         	add	a3, a3, t2
 100ce2c: 982a         	add	a6, a6, a0
 100ce2e: 01cc3e33     	sltu	t3, s8, t3
 100ce32: 9b36         	add	s6, s6, a3
 100ce34: 0187bc33     	sltu	s8, a5, s8
 100ce38: 00a83533     	sltu	a0, a6, a0
 100ce3c: 00fab7b3     	sltu	a5, s5, a5
 100ce40: 01533ab3     	sltu	s5, t1, s5
 100ce44: 018e6c33     	or	s8, t3, s8
 100ce48: 0157e7b3     	or	a5, a5, s5
 100ce4c: 0063b333     	sltu	t1, t2, t1
 100ce50: 955a         	add	a0, a0, s6
 100ce52: 0076b3b3     	sltu	t2, a3, t2
 100ce56: 97e2         	add	a5, a5, s8
 100ce58: 00736333     	or	t1, t1, t2
 100ce5c: 00db36b3     	sltu	a3, s6, a3
 100ce60: 01653b33     	sltu	s6, a0, s6
 100ce64: 00f303b3     	add	t2, t1, a5
 100ce68: 0166e6b3     	or	a3, a3, s6
 100ce6c: 00768333     	add	t1, a3, t2
 100ce70: 03af0e33     	mul	t3, t5, s10
 100ce74: d6c2         	sw	a6, 0x6c(sp)
 100ce76: 03a606b3     	mul	a3, a2, s10
 100ce7a: 02cd8ab3     	mul	s5, s11, a2
 100ce7e: 0106d793     	srli	a5, a3, 0x10
 100ce82: 9af2         	add	s5, s5, t3
 100ce84: 97d6         	add	a5, a5, s5
 100ce86: 03ed83b3     	mul	t2, s11, t5
 100ce8a: 01c7f363     	bgeu	a5, t3, 0x100ce90 <__multf3+0x594>
 100ce8e: 93de         	add	t2, t2, s7
 100ce90: 0107de13     	srli	t3, a5, 0x10
 100ce94: 6ac1         	lui	s5, 0x10
 100ce96: 9e1e         	add	t3, t3, t2
 100ce98: fffa8393     	addi	t2, s5, -0x1
 100ce9c: 0077f7b3     	and	a5, a5, t2
 100cea0: 0076f6b3     	and	a3, a3, t2
 100cea4: 07c2         	slli	a5, a5, 0x10
 100cea6: 03d28b33     	mul	s6, t0, t4
 100ceaa: 97b6         	add	a5, a5, a3
 100ceac: 02be86b3     	mul	a3, t4, a1
 100ceb0: 02b985b3     	mul	a1, s3, a1
 100ceb4: 0106d393     	srli	t2, a3, 0x10
 100ceb8: 95da         	add	a1, a1, s6
 100ceba: 93ae         	add	t2, t2, a1
 100cebc: 033282b3     	mul	t0, t0, s3
 100cec0: 0163f363     	bgeu	t2, s6, 0x100cec6 <__multf3+0x5ca>
 100cec4: 92d6         	add	t0, t0, s5
 100cec6: 0103d593     	srli	a1, t2, 0x10
 100ceca: 6b41         	lui	s6, 0x10
 100cecc: 92ae         	add	t0, t0, a1
 100cece: fffb0593     	addi	a1, s6, -0x1
 100ced2: 8eed         	and	a3, a3, a1
 100ced4: 00b3f3b3     	and	t2, t2, a1
 100ced8: 03c2         	slli	t2, t2, 0x10
 100ceda: 031a05b3     	mul	a1, s4, a7
 100cede: 93b6         	add	t2, t2, a3
 100cee0: 031908b3     	mul	a7, s2, a7
 100cee4: 0105d693     	srli	a3, a1, 0x10
 100cee8: 032f8ab3     	mul	s5, t6, s2
 100ceec: 034f8fb3     	mul	t6, t6, s4
 100cef0: 9fc6         	add	t6, t6, a7
 100cef2: 96fe         	add	a3, a3, t6
 100cef4: 0116f363     	bgeu	a3, a7, 0x100cefa <__multf3+0x5fe>
 100cef8: 9ada         	add	s5, s5, s6
 100cefa: 0106df93     	srli	t6, a3, 0x10
 100cefe: 68c1         	lui	a7, 0x10
 100cf00: 9fd6         	add	t6, t6, s5
 100cf02: fff88a93     	addi	s5, a7, -0x1
 100cf06: 0156f6b3     	and	a3, a3, s5
 100cf0a: 0155f5b3     	and	a1, a1, s5
 100cf0e: 06c2         	slli	a3, a3, 0x10
 100cf10: 03df0ab3     	mul	s5, t5, t4
 100cf14: 96ae         	add	a3, a3, a1
 100cf16: 03d605b3     	mul	a1, a2, t4
 100cf1a: 02c98633     	mul	a2, s3, a2
 100cf1e: 01560b33     	add	s6, a2, s5
 100cf22: 0105d613     	srli	a2, a1, 0x10
 100cf26: 965a         	add	a2, a2, s6
 100cf28: 033f0f33     	mul	t5, t5, s3
 100cf2c: 01567363     	bgeu	a2, s5, 0x100cf32 <__multf3+0x636>
 100cf30: 9f46         	add	t5, t5, a7
 100cf32: 6ac1         	lui	s5, 0x10
 100cf34: 01065893     	srli	a7, a2, 0x10
 100cf38: fffa8b13     	addi	s6, s5, -0x1
 100cf3c: 9f46         	add	t5, t5, a7
 100cf3e: 016678b3     	and	a7, a2, s6
 100cf42: 0165f5b3     	and	a1, a1, s6
 100cf46: 08c2         	slli	a7, a7, 0x10
 100cf48: 03aa0633     	mul	a2, s4, s10
 100cf4c: 98ae         	add	a7, a7, a1
 100cf4e: 03a90bb3     	mul	s7, s2, s10
 100cf52: 01065c13     	srli	s8, a2, 0x10
 100cf56: 034d85b3     	mul	a1, s11, s4
 100cf5a: 95de         	add	a1, a1, s7
 100cf5c: 95e2         	add	a1, a1, s8
 100cf5e: 032d8b33     	mul	s6, s11, s2
 100cf62: 0175f363     	bgeu	a1, s7, 0x100cf68 <__multf3+0x66c>
 100cf66: 9b56         	add	s6, s6, s5
 100cf68: 97aa         	add	a5, a5, a0
 100cf6a: 9e1a         	add	t3, t3, t1
 100cf6c: 00a7b533     	sltu	a0, a5, a0
 100cf70: 9572         	add	a0, a0, t3
 100cf72: 93be         	add	t2, t2, a5
 100cf74: 92aa         	add	t0, t0, a0
 100cf76: 00f3b7b3     	sltu	a5, t2, a5
 100cf7a: 9796         	add	a5, a5, t0
 100cf7c: 006e3333     	sltu	t1, t3, t1
 100cf80: 01c53e33     	sltu	t3, a0, t3
 100cf84: 00a2b533     	sltu	a0, t0, a0
 100cf88: 0057b2b3     	sltu	t0, a5, t0
 100cf8c: 00556533     	or	a0, a0, t0
 100cf90: 01c36333     	or	t1, t1, t3
 100cf94: 932a         	add	t1, t1, a0
 100cf96: 03da0533     	mul	a0, s4, t4
 100cf9a: 969e         	add	a3, a3, t2
 100cf9c: 9fbe         	add	t6, t6, a5
 100cf9e: 0105da93     	srli	s5, a1, 0x10
 100cfa2: d8b6         	sw	a3, 0x70(sp)
 100cfa4: 0076b6b3     	sltu	a3, a3, t2
 100cfa8: 96fe         	add	a3, a3, t6
 100cfaa: 9ada         	add	s5, s5, s6
 100cfac: 6b41         	lui	s6, 0x10
 100cfae: fffb0b93     	addi	s7, s6, -0x1
 100cfb2: 03d90eb3     	mul	t4, s2, t4
 100cfb6: 00ffb7b3     	sltu	a5, t6, a5
 100cfba: 01f6bfb3     	sltu	t6, a3, t6
 100cfbe: 0175f5b3     	and	a1, a1, s7
 100cfc2: 01f7e7b3     	or	a5, a5, t6
 100cfc6: 98b6         	add	a7, a7, a3
 100cfc8: 05c2         	slli	a1, a1, 0x10
 100cfca: 979a         	add	a5, a5, t1
 100cfcc: 01767633     	and	a2, a2, s7
 100cfd0: 9f3e         	add	t5, t5, a5
 100cfd2: 03298933     	mul	s2, s3, s2
 100cfd6: 962e         	add	a2, a2, a1
 100cfd8: 00d8b6b3     	sltu	a3, a7, a3
 100cfdc: 96fa         	add	a3, a3, t5
 100cfde: 9646         	add	a2, a2, a7
 100cfe0: 00ff37b3     	sltu	a5, t5, a5
 100cfe4: 9ab6         	add	s5, s5, a3
 100cfe6: 01e6bf33     	sltu	t5, a3, t5
 100cfea: dab2         	sw	a2, 0x74(sp)
 100cfec: 01163633     	sltu	a2, a2, a7
 100cff0: 034989b3     	mul	s3, s3, s4
 100cff4: 01e7e5b3     	or	a1, a5, t5
 100cff8: 9656         	add	a2, a2, s5
 100cffa: 01055793     	srli	a5, a0, 0x10
 100cffe: 00dab6b3     	sltu	a3, s5, a3
 100d002: 01563ab3     	sltu	s5, a2, s5
 100d006: 0156e6b3     	or	a3, a3, s5
 100d00a: 99f6         	add	s3, s3, t4
 100d00c: 97ce         	add	a5, a5, s3
 100d00e: 01d7f363     	bgeu	a5, t4, 0x100d014 <__multf3+0x718>
 100d012: 995a         	add	s2, s2, s6
 100d014: 0107d893     	srli	a7, a5, 0x10
 100d018: 95c6         	add	a1, a1, a7
 100d01a: 68c1         	lui	a7, 0x10
 100d01c: 18fd         	addi	a7, a7, -0x1
 100d01e: 0117f7b3     	and	a5, a5, a7
 100d022: 07c2         	slli	a5, a5, 0x10
 100d024: 01157533     	and	a0, a0, a7
 100d028: 97aa         	add	a5, a5, a0
 100d02a: 97b2         	add	a5, a5, a2
 100d02c: 96ae         	add	a3, a3, a1
 100d02e: 00c7b633     	sltu	a2, a5, a2
 100d032: 9636         	add	a2, a2, a3
 100d034: dcbe         	sw	a5, 0x78(sp)
 100d036: 46e2         	lw	a3, 0x18(sp)
 100d038: 5782         	lw	a5, 0x20(sp)
 100d03a: 964a         	add	a2, a2, s2
 100d03c: 0836         	slli	a6, a6, 0xd
 100d03e: 8fd5         	or	a5, a5, a3
 100d040: 46f2         	lw	a3, 0x1c(sp)
 100d042: deb2         	sw	a2, 0x7c(sp)
 100d044: 188c         	addi	a1, sp, 0x70
 100d046: 8fd5         	or	a5, a5, a3
 100d048: 00f86833     	or	a6, a6, a5
 100d04c: 109c         	addi	a5, sp, 0x60
 100d04e: 47d4         	lw	a3, 0xc(a5)
 100d050: 4b90         	lw	a2, 0x10(a5)
 100d052: 82cd         	srli	a3, a3, 0x13
 100d054: 0636         	slli	a2, a2, 0xd
 100d056: 8ed1         	or	a3, a3, a2
 100d058: c394         	sw	a3, 0x0(a5)
 100d05a: 0791         	addi	a5, a5, 0x4
 100d05c: fef599e3     	bne	a1, a5, 0x100d04e <__multf3+0x752>
 100d060: 5786         	lw	a5, 0x60(sp)
 100d062: 01003833     	snez	a6, a6
 100d066: 56b6         	lw	a3, 0x6c(sp)
 100d068: 00f86833     	or	a6, a6, a5
 100d06c: 57a6         	lw	a5, 0x68(sp)
 100d06e: ceb6         	sw	a3, 0x5c(sp)
 100d070: c8c2         	sw	a6, 0x50(sp)
 100d072: ccbe         	sw	a5, 0x58(sp)
 100d074: 5796         	lw	a5, 0x64(sp)
 100d076: cabe         	sw	a5, 0x54(sp)
 100d078: 00b69793     	slli	a5, a3, 0xb
 100d07c: 0207d863     	bgez	a5, 0x100d0ac <__multf3+0x7b0>
 100d080: 087e         	slli	a6, a6, 0x1f
 100d082: 089c         	addi	a5, sp, 0x50
 100d084: 08e8         	addi	a0, sp, 0x5c
 100d086: 4390         	lw	a2, 0x0(a5)
 100d088: 43cc         	lw	a1, 0x4(a5)
 100d08a: 8205         	srli	a2, a2, 0x1
 100d08c: 05fe         	slli	a1, a1, 0x1f
 100d08e: 8e4d         	or	a2, a2, a1
 100d090: c390         	sw	a2, 0x0(a5)
 100d092: 0791         	addi	a5, a5, 0x4
 100d094: fef519e3     	bne	a0, a5, 0x100d086 <__multf3+0x78a>
 100d098: 47c6         	lw	a5, 0x50(sp)
 100d09a: 01003833     	snez	a6, a6
 100d09e: 8285         	srli	a3, a3, 0x1
 100d0a0: 0107e7b3     	or	a5, a5, a6
 100d0a4: c8be         	sw	a5, 0x50(sp)
 100d0a6: 47c2         	lw	a5, 0x10(sp)
 100d0a8: ceb6         	sw	a3, 0x5c(sp)
 100d0aa: ca3e         	sw	a5, 0x14(sp)
 100d0ac: 47d2         	lw	a5, 0x14(sp)
 100d0ae: c83e         	sw	a5, 0x10(sp)
 100d0b0: a261         	j	0x100d238 <__multf3+0x93c>
 100d0b2: 4901         	li	s2, 0x0
 100d0b4: 4c05         	li	s8, 0x1
 100d0b6: b8d9         	j	0x100c98c <__multf3+0x90>
 100d0b8: 4c09         	li	s8, 0x2
 100d0ba: b8c9         	j	0x100c98c <__multf3+0x90>
 100d0bc: 017ae7b3     	or	a5, s5, s7
 100d0c0: 0167e7b3     	or	a5, a5, s6
 100d0c4: 8fc9         	or	a5, a5, a0
 100d0c6: 0e078e63     	beqz	a5, 0x100d1c2 <__multf3+0x8c6>
 100d0ca: c935         	beqz	a0, 0x100d13e <__multf3+0x842>
 100d0cc: 21d1         	jal	0x100d590 <__clzsi2>
 100d0ce: ff450693     	addi	a3, a0, -0xc
 100d0d2: 4056d793     	srai	a5, a3, 0x5
 100d0d6: 8afd         	andi	a3, a3, 0x1f
 100d0d8: c6d1         	beqz	a3, 0x100d164 <__multf3+0x868>
 100d0da: 5671         	li	a2, -0x4
 100d0dc: 02c78633     	mul	a2, a5, a2
 100d0e0: 02000813     	li	a6, 0x20
 100d0e4: 04010313     	addi	t1, sp, 0x40
 100d0e8: 40d80833     	sub	a6, a6, a3
 100d0ec: 00c60713     	addi	a4, a2, 0xc
 100d0f0: 971a         	add	a4, a4, t1
 100d0f2: 40c00633     	neg	a2, a2
 100d0f6: 08e31763     	bne	t1, a4, 0x100d184 <__multf3+0x888>
 100d0fa: fff78713     	addi	a4, a5, -0x1
 100d0fe: 078a         	slli	a5, a5, 0x2
 100d100: 1810         	addi	a2, sp, 0x30
 100d102: 05078793     	addi	a5, a5, 0x50
 100d106: 97b2         	add	a5, a5, a2
 100d108: 4606         	lw	a2, 0x40(sp)
 100d10a: 00d616b3     	sll	a3, a2, a3
 100d10e: fcd7a023     	sw	a3, -0x40(a5)
 100d112: 00170793     	addi	a5, a4, 0x1
 100d116: 078a         	slli	a5, a5, 0x2
 100d118: 46a1         	li	a3, 0x8
 100d11a: 0098         	addi	a4, sp, 0x40
 100d11c: 00d7e863     	bltu	a5, a3, 0x100d12c <__multf3+0x830>
 100d120: 00072023     	sw	zero, 0x0(a4)
 100d124: 00072223     	sw	zero, 0x4(a4)
 100d128: 17e1         	addi	a5, a5, -0x8
 100d12a: 00b8         	addi	a4, sp, 0x48
 100d12c: 4691         	li	a3, 0x4
 100d12e: 00d7e463     	bltu	a5, a3, 0x100d136 <__multf3+0x83a>
 100d132: 00072023     	sw	zero, 0x0(a4)
 100d136: 77f1         	lui	a5, 0xffffc
 100d138: 07c5         	addi	a5, a5, 0x11
 100d13a: 8f89         	sub	a5, a5, a0
 100d13c: b265         	j	0x100cae4 <__multf3+0x1e8>
 100d13e: 000b0763     	beqz	s6, 0x100d14c <__multf3+0x850>
 100d142: 855a         	mv	a0, s6
 100d144: 21b1         	jal	0x100d590 <__clzsi2>
 100d146: 02050513     	addi	a0, a0, 0x20
 100d14a: b751         	j	0x100d0ce <__multf3+0x7d2>
 100d14c: 000b8763     	beqz	s7, 0x100d15a <__multf3+0x85e>
 100d150: 855e         	mv	a0, s7
 100d152: 293d         	jal	0x100d590 <__clzsi2>
 100d154: 04050513     	addi	a0, a0, 0x40
 100d158: bf9d         	j	0x100d0ce <__multf3+0x7d2>
 100d15a: 8556         	mv	a0, s5
 100d15c: 2915         	jal	0x100d590 <__clzsi2>
 100d15e: 06050513     	addi	a0, a0, 0x60
 100d162: b7b5         	j	0x100d0ce <__multf3+0x7d2>
 100d164: 5671         	li	a2, -0x4
 100d166: 02c78633     	mul	a2, a5, a2
 100d16a: 00f8         	addi	a4, sp, 0x4c
 100d16c: 468d         	li	a3, 0x3
 100d16e: 00c705b3     	add	a1, a4, a2
 100d172: 418c         	lw	a1, 0x0(a1)
 100d174: 16fd         	addi	a3, a3, -0x1
 100d176: 1771         	addi	a4, a4, -0x4
 100d178: c34c         	sw	a1, 0x4(a4)
 100d17a: fef6dae3     	bge	a3, a5, 0x100d16e <__multf3+0x872>
 100d17e: fff78713     	addi	a4, a5, -0x1
 100d182: bf41         	j	0x100d112 <__multf3+0x816>
 100d184: 430c         	lw	a1, 0x0(a4)
 100d186: ffc72883     	lw	a7, -0x4(a4)
 100d18a: 00c70e33     	add	t3, a4, a2
 100d18e: 00d595b3     	sll	a1, a1, a3
 100d192: 0108d8b3     	srl	a7, a7, a6
 100d196: 0115e5b3     	or	a1, a1, a7
 100d19a: 00be2023     	sw	a1, 0x0(t3)
 100d19e: 1771         	addi	a4, a4, -0x4
 100d1a0: bf99         	j	0x100d0f6 <__multf3+0x7fa>
 100d1a2: 017aeab3     	or	s5, s5, s7
 100d1a6: 016aeab3     	or	s5, s5, s6
 100d1aa: 00aaeab3     	or	s5, s5, a0
 100d1ae: 4689         	li	a3, 0x2
 100d1b0: 920a8be3     	beqz	s5, 0x100cae6 <__multf3+0x1ea>
 100d1b4: 0542         	slli	a0, a0, 0x10
 100d1b6: 8541         	srai	a0, a0, 0x10
 100d1b8: 468d         	li	a3, 0x3
 100d1ba: 920546e3     	bltz	a0, 0x100cae6 <__multf3+0x1ea>
 100d1be: 4441         	li	s0, 0x10
 100d1c0: b21d         	j	0x100cae6 <__multf3+0x1ea>
 100d1c2: 4781         	li	a5, 0x0
 100d1c4: 4685         	li	a3, 0x1
 100d1c6: b205         	j	0x100cae6 <__multf3+0x1ea>
 100d1c8: 4605         	li	a2, 0x1
 100d1ca: 00f617b3     	sll	a5, a2, a5
 100d1ce: 5307f613     	andi	a2, a5, 0x530
 100d1d2: e231         	bnez	a2, 0x100d216 <__multf3+0x91a>
 100d1d4: 0887f613     	andi	a2, a5, 0x88
 100d1d8: e60d         	bnez	a2, 0x100d202 <__multf3+0x906>
 100d1da: 2407f793     	andi	a5, a5, 0x240
 100d1de: 920787e3     	beqz	a5, 0x100cb0c <__multf3+0x210>
 100d1e2: 4441         	li	s0, 0x10
 100d1e4: 67a1         	lui	a5, 0x8
 100d1e6: cebe         	sw	a5, 0x5c(sp)
 100d1e8: cc82         	sw	zero, 0x58(sp)
 100d1ea: ca82         	sw	zero, 0x54(sp)
 100d1ec: c882         	sw	zero, 0x50(sp)
 100d1ee: 17fd         	addi	a5, a5, -0x1
 100d1f0: 4701         	li	a4, 0x0
 100d1f2: a8e1         	j	0x100d2ca <__multf3+0x9ce>
 100d1f4: 473d         	li	a4, 0xf
 100d1f6: fee787e3     	beq	a5, a4, 0x100d1e4 <__multf3+0x8e8>
 100d1fa: 462d         	li	a2, 0xb
 100d1fc: 874e         	mv	a4, s3
 100d1fe: 00c79c63     	bne	a5, a2, 0x100d216 <__multf3+0x91a>
 100d202: 8752         	mv	a4, s4
 100d204: 4786         	lw	a5, 0x40(sp)
 100d206: 8c36         	mv	s8, a3
 100d208: c8be         	sw	a5, 0x50(sp)
 100d20a: 4796         	lw	a5, 0x44(sp)
 100d20c: cabe         	sw	a5, 0x54(sp)
 100d20e: 47a6         	lw	a5, 0x48(sp)
 100d210: ccbe         	sw	a5, 0x58(sp)
 100d212: 47b6         	lw	a5, 0x4c(sp)
 100d214: a801         	j	0x100d224 <__multf3+0x928>
 100d216: 57c2         	lw	a5, 0x30(sp)
 100d218: c8be         	sw	a5, 0x50(sp)
 100d21a: 57d2         	lw	a5, 0x34(sp)
 100d21c: cabe         	sw	a5, 0x54(sp)
 100d21e: 57e2         	lw	a5, 0x38(sp)
 100d220: ccbe         	sw	a5, 0x58(sp)
 100d222: 57f2         	lw	a5, 0x3c(sp)
 100d224: cebe         	sw	a5, 0x5c(sp)
 100d226: 4789         	li	a5, 0x2
 100d228: 34fc0d63     	beq	s8, a5, 0x100d582 <__multf3+0xc86>
 100d22c: 478d         	li	a5, 0x3
 100d22e: fafc0be3     	beq	s8, a5, 0x100d1e4 <__multf3+0x8e8>
 100d232: 4785         	li	a5, 0x1
 100d234: 34fc0263     	beq	s8, a5, 0x100d578 <__multf3+0xc7c>
 100d238: 46c2         	lw	a3, 0x10(sp)
 100d23a: 6791         	lui	a5, 0x4
 100d23c: 17fd         	addi	a5, a5, -0x1
 100d23e: 97b6         	add	a5, a5, a3
 100d240: 10f05763     	blez	a5, 0x100d34e <__multf3+0xa52>
 100d244: 4646         	lw	a2, 0x50(sp)
 100d246: 00767693     	andi	a3, a2, 0x7
 100d24a: c2a1         	beqz	a3, 0x100d28a <__multf3+0x98e>
 100d24c: 4509         	li	a0, 0x2
 100d24e: 46d6         	lw	a3, 0x54(sp)
 100d250: 45f6         	lw	a1, 0x5c(sp)
 100d252: 0ca48563     	beq	s1, a0, 0x100d31c <__multf3+0xa20>
 100d256: 450d         	li	a0, 0x3
 100d258: 0aa48c63     	beq	s1, a0, 0x100d310 <__multf3+0xa14>
 100d25c: e48d         	bnez	s1, 0x100d286 <__multf3+0x98a>
 100d25e: 00f67513     	andi	a0, a2, 0xf
 100d262: 4811         	li	a6, 0x4
 100d264: 03050163     	beq	a0, a6, 0x100d286 <__multf3+0x98a>
 100d268: 0611         	addi	a2, a2, 0x4
 100d26a: c8b2         	sw	a2, 0x50(sp)
 100d26c: 00463613     	sltiu	a2, a2, 0x4
 100d270: 96b2         	add	a3, a3, a2
 100d272: cab6         	sw	a3, 0x54(sp)
 100d274: 00c6b6b3     	sltu	a3, a3, a2
 100d278: 4666         	lw	a2, 0x58(sp)
 100d27a: 96b2         	add	a3, a3, a2
 100d27c: ccb6         	sw	a3, 0x58(sp)
 100d27e: 00c6b6b3     	sltu	a3, a3, a2
 100d282: 96ae         	add	a3, a3, a1
 100d284: ceb6         	sw	a3, 0x5c(sp)
 100d286: 00146413     	ori	s0, s0, 0x1
 100d28a: 46f6         	lw	a3, 0x5c(sp)
 100d28c: 00b69613     	slli	a2, a3, 0xb
 100d290: 00065a63     	bgez	a2, 0x100d2a4 <__multf3+0x9a8>
 100d294: fff007b7     	lui	a5, 0xfff00
 100d298: 17fd         	addi	a5, a5, -0x1
 100d29a: 8efd         	and	a3, a3, a5
 100d29c: ceb6         	sw	a3, 0x5c(sp)
 100d29e: 46c2         	lw	a3, 0x10(sp)
 100d2a0: 6791         	lui	a5, 0x4
 100d2a2: 97b6         	add	a5, a5, a3
 100d2a4: 0894         	addi	a3, sp, 0x50
 100d2a6: 08e8         	addi	a0, sp, 0x5c
 100d2a8: 4290         	lw	a2, 0x0(a3)
 100d2aa: 42cc         	lw	a1, 0x4(a3)
 100d2ac: 820d         	srli	a2, a2, 0x3
 100d2ae: 05f6         	slli	a1, a1, 0x1d
 100d2b0: 8e4d         	or	a2, a2, a1
 100d2b2: c290         	sw	a2, 0x0(a3)
 100d2b4: 0691         	addi	a3, a3, 0x4
 100d2b6: fed519e3     	bne	a0, a3, 0x100d2a8 <__multf3+0x9ac>
 100d2ba: 6621         	lui	a2, 0x8
 100d2bc: 1679         	addi	a2, a2, -0x2
 100d2be: 46f6         	lw	a3, 0x5c(sp)
 100d2c0: 65a1         	lui	a1, 0x8
 100d2c2: 04f64f63     	blt	a2, a5, 0x100d320 <__multf3+0xa24>
 100d2c6: 828d         	srli	a3, a3, 0x3
 100d2c8: ceb6         	sw	a3, 0x5c(sp)
 100d2ca: 4576         	lw	a0, 0x5c(sp)
 100d2cc: 073e         	slli	a4, a4, 0xf
 100d2ce: 8f5d         	or	a4, a4, a5
 100d2d0: 06a11623     	sh	a0, 0x6c(sp)
 100d2d4: 06e11723     	sh	a4, 0x6e(sp)
 100d2d8: 45c6         	lw	a1, 0x50(sp)
 100d2da: 4656         	lw	a2, 0x54(sp)
 100d2dc: 46e6         	lw	a3, 0x58(sp)
 100d2de: 57b6         	lw	a5, 0x6c(sp)
 100d2e0: c019         	beqz	s0, 0x100d2e6 <__multf3+0x9ea>
 100d2e2: 00142073     	csrs	fflags, s0
 100d2e6: 4732         	lw	a4, 0xc(sp)
 100d2e8: 50fa         	lw	ra, 0xbc(sp)
 100d2ea: 546a         	lw	s0, 0xb8(sp)
 100d2ec: c30c         	sw	a1, 0x0(a4)
 100d2ee: c350         	sw	a2, 0x4(a4)
 100d2f0: c714         	sw	a3, 0x8(a4)
 100d2f2: c75c         	sw	a5, 0xc(a4)
 100d2f4: 54da         	lw	s1, 0xb4(sp)
 100d2f6: 594a         	lw	s2, 0xb0(sp)
 100d2f8: 59ba         	lw	s3, 0xac(sp)
 100d2fa: 5a2a         	lw	s4, 0xa8(sp)
 100d2fc: 5a9a         	lw	s5, 0xa4(sp)
 100d2fe: 5b0a         	lw	s6, 0xa0(sp)
 100d300: 4bfa         	lw	s7, 0x9c(sp)
 100d302: 4c6a         	lw	s8, 0x98(sp)
 100d304: 4cda         	lw	s9, 0x94(sp)
 100d306: 4d4a         	lw	s10, 0x90(sp)
 100d308: 4dba         	lw	s11, 0x8c(sp)
 100d30a: 853a         	mv	a0, a4
 100d30c: 6129         	addi	sp, sp, 0xc0
 100d30e: 8082         	ret
 100d310: fb3d         	bnez	a4, 0x100d286 <__multf3+0x98a>
 100d312: 0621         	addi	a2, a2, 0x8
 100d314: c8b2         	sw	a2, 0x50(sp)
 100d316: 00863613     	sltiu	a2, a2, 0x8
 100d31a: bf99         	j	0x100d270 <__multf3+0x974>
 100d31c: d72d         	beqz	a4, 0x100d286 <__multf3+0x98a>
 100d31e: bfd5         	j	0x100d312 <__multf3+0xa16>
 100d320: 4789         	li	a5, 0x2
 100d322: 02f48463     	beq	s1, a5, 0x100d34a <__multf3+0xa4e>
 100d326: 478d         	li	a5, 0x3
 100d328: 00f48763     	beq	s1, a5, 0x100d336 <__multf3+0xa3a>
 100d32c: e491         	bnez	s1, 0x100d338 <__multf3+0xa3c>
 100d32e: 4681         	li	a3, 0x0
 100d330: fff58793     	addi	a5, a1, -0x1
 100d334: a021         	j	0x100d33c <__multf3+0xa40>
 100d336: df65         	beqz	a4, 0x100d32e <__multf3+0xa32>
 100d338: 56fd         	li	a3, -0x1
 100d33a: 87b2         	mv	a5, a2
 100d33c: ceb6         	sw	a3, 0x5c(sp)
 100d33e: ccb6         	sw	a3, 0x58(sp)
 100d340: cab6         	sw	a3, 0x54(sp)
 100d342: c8b6         	sw	a3, 0x50(sp)
 100d344: 00546413     	ori	s0, s0, 0x5
 100d348: b749         	j	0x100d2ca <__multf3+0x9ce>
 100d34a: f375         	bnez	a4, 0x100d32e <__multf3+0xa32>
 100d34c: b7f5         	j	0x100d338 <__multf3+0xa3c>
 100d34e: 4685         	li	a3, 0x1
 100d350: ebb9         	bnez	a5, 0x100d3a6 <__multf3+0xaaa>
 100d352: 4646         	lw	a2, 0x50(sp)
 100d354: 46f6         	lw	a3, 0x5c(sp)
 100d356: 00767593     	andi	a1, a2, 0x7
 100d35a: c1b1         	beqz	a1, 0x100d39e <__multf3+0xaa2>
 100d35c: 4809         	li	a6, 0x2
 100d35e: 45d6         	lw	a1, 0x54(sp)
 100d360: 4566         	lw	a0, 0x58(sp)
 100d362: 00146413     	ori	s0, s0, 0x1
 100d366: 03048b63     	beq	s1, a6, 0x100d39c <__multf3+0xaa0>
 100d36a: 480d         	li	a6, 0x3
 100d36c: 03048363     	beq	s1, a6, 0x100d392 <__multf3+0xa96>
 100d370: e49d         	bnez	s1, 0x100d39e <__multf3+0xaa2>
 100d372: 00f67813     	andi	a6, a2, 0xf
 100d376: 4891         	li	a7, 0x4
 100d378: 03180363     	beq	a6, a7, 0x100d39e <__multf3+0xaa2>
 100d37c: 0611         	addi	a2, a2, 0x4
 100d37e: 00463613     	sltiu	a2, a2, 0x4
 100d382: 95b2         	add	a1, a1, a2
 100d384: 00c5b5b3     	sltu	a1, a1, a2
 100d388: 952e         	add	a0, a0, a1
 100d38a: 00b53533     	sltu	a0, a0, a1
 100d38e: 96aa         	add	a3, a3, a0
 100d390: a039         	j	0x100d39e <__multf3+0xaa2>
 100d392: e711         	bnez	a4, 0x100d39e <__multf3+0xaa2>
 100d394: 0621         	addi	a2, a2, 0x8
 100d396: 00863613     	sltiu	a2, a2, 0x8
 100d39a: b7e5         	j	0x100d382 <__multf3+0xa86>
 100d39c: ff65         	bnez	a4, 0x100d394 <__multf3+0xa98>
 100d39e: 82d1         	srli	a3, a3, 0x14
 100d3a0: 0016c693     	xori	a3, a3, 0x1
 100d3a4: 8a85         	andi	a3, a3, 0x1
 100d3a6: 4605         	li	a2, 0x1
 100d3a8: 40f607b3     	sub	a5, a2, a5
 100d3ac: 07400593     	li	a1, 0x74
 100d3b0: 18f5c163     	blt	a1, a5, 0x100d532 <__multf3+0xc36>
 100d3b4: 0890         	addi	a2, sp, 0x50
 100d3b6: 4057d593     	srai	a1, a5, 0x5
 100d3ba: 01f7f513     	andi	a0, a5, 0x1f
 100d3be: 88b2         	mv	a7, a2
 100d3c0: 4781         	li	a5, 0x0
 100d3c2: 4801         	li	a6, 0x0
 100d3c4: 02b81763     	bne	a6, a1, 0x100d3f2 <__multf3+0xaf6>
 100d3c8: 480d         	li	a6, 0x3
 100d3ca: 40b80833     	sub	a6, a6, a1
 100d3ce: 00259893     	slli	a7, a1, 0x2
 100d3d2: e51d         	bnez	a0, 0x100d400 <__multf3+0xb04>
 100d3d4: 8332         	mv	t1, a2
 100d3d6: 01130e33     	add	t3, t1, a7
 100d3da: 000e2e03     	lw	t3, 0x0(t3)
 100d3de: 0505         	addi	a0, a0, 0x1
 100d3e0: 0311         	addi	t1, t1, 0x4
 100d3e2: ffc32e23     	sw	t3, -0x4(t1)
 100d3e6: fea858e3     	bge	a6, a0, 0x100d3d6 <__multf3+0xada>
 100d3ea: 4511         	li	a0, 0x4
 100d3ec: 40b505b3     	sub	a1, a0, a1
 100d3f0: a8a1         	j	0x100d448 <__multf3+0xb4c>
 100d3f2: 0008a303     	lw	t1, 0x0(a7)
 100d3f6: 0805         	addi	a6, a6, 0x1
 100d3f8: 0891         	addi	a7, a7, 0x4
 100d3fa: 0067e7b3     	or	a5, a5, t1
 100d3fe: b7d9         	j	0x100d3c4 <__multf3+0xac8>
 100d400: 05088313     	addi	t1, a7, 0x50
 100d404: 03010e13     	addi	t3, sp, 0x30
 100d408: 9372         	add	t1, t1, t3
 100d40a: fd032303     	lw	t1, -0x30(t1)
 100d40e: 02000e93     	li	t4, 0x20
 100d412: 40ae8eb3     	sub	t4, t4, a0
 100d416: 01d31333     	sll	t1, t1, t4
 100d41a: 0067e7b3     	or	a5, a5, t1
 100d41e: 4f01         	li	t5, 0x0
 100d420: 01160333     	add	t1, a2, a7
 100d424: 411008b3     	neg	a7, a7
 100d428: 0b0f4d63     	blt	t5, a6, 0x100d4e2 <__multf3+0xbe6>
 100d42c: 4891         	li	a7, 0x4
 100d42e: 080a         	slli	a6, a6, 0x2
 100d430: 40b885b3     	sub	a1, a7, a1
 100d434: 05080813     	addi	a6, a6, 0x50
 100d438: 03010893     	addi	a7, sp, 0x30
 100d43c: 9846         	add	a6, a6, a7
 100d43e: 48f6         	lw	a7, 0x5c(sp)
 100d440: 00a8d533     	srl	a0, a7, a0
 100d444: fca82823     	sw	a0, -0x30(a6)
 100d448: 4511         	li	a0, 0x4
 100d44a: 8d0d         	sub	a0, a0, a1
 100d44c: 050a         	slli	a0, a0, 0x2
 100d44e: 058a         	slli	a1, a1, 0x2
 100d450: 4821         	li	a6, 0x8
 100d452: 95b2         	add	a1, a1, a2
 100d454: 01056863     	bltu	a0, a6, 0x100d464 <__multf3+0xb68>
 100d458: 0005a023     	sw	zero, 0x0(a1)
 100d45c: 0005a223     	sw	zero, 0x4(a1)
 100d460: 1561         	addi	a0, a0, -0x8
 100d462: 05a1         	addi	a1, a1, 0x8
 100d464: 4811         	li	a6, 0x4
 100d466: 01056463     	bltu	a0, a6, 0x100d46e <__multf3+0xb72>
 100d46a: 0005a023     	sw	zero, 0x0(a1)
 100d46e: 45c6         	lw	a1, 0x50(sp)
 100d470: 00f037b3     	snez	a5, a5
 100d474: 8fcd         	or	a5, a5, a1
 100d476: c8be         	sw	a5, 0x50(sp)
 100d478: 0077f593     	andi	a1, a5, 0x7
 100d47c: c1a1         	beqz	a1, 0x100d4bc <__multf3+0xbc0>
 100d47e: 4509         	li	a0, 0x2
 100d480: 45f6         	lw	a1, 0x5c(sp)
 100d482: 08a48763     	beq	s1, a0, 0x100d510 <__multf3+0xc14>
 100d486: 450d         	li	a0, 0x3
 100d488: 06a48e63     	beq	s1, a0, 0x100d504 <__multf3+0xc08>
 100d48c: e495         	bnez	s1, 0x100d4b8 <__multf3+0xbbc>
 100d48e: 00f7f513     	andi	a0, a5, 0xf
 100d492: 4811         	li	a6, 0x4
 100d494: 03050263     	beq	a0, a6, 0x100d4b8 <__multf3+0xbbc>
 100d498: 0791         	addi	a5, a5, 0x4
 100d49a: c8be         	sw	a5, 0x50(sp)
 100d49c: 0047b793     	sltiu	a5, a5, 0x4
 100d4a0: 4556         	lw	a0, 0x54(sp)
 100d4a2: 97aa         	add	a5, a5, a0
 100d4a4: cabe         	sw	a5, 0x54(sp)
 100d4a6: 00a7b7b3     	sltu	a5, a5, a0
 100d4aa: 4566         	lw	a0, 0x58(sp)
 100d4ac: 97aa         	add	a5, a5, a0
 100d4ae: ccbe         	sw	a5, 0x58(sp)
 100d4b0: 00a7b7b3     	sltu	a5, a5, a0
 100d4b4: 97ae         	add	a5, a5, a1
 100d4b6: cebe         	sw	a5, 0x5c(sp)
 100d4b8: 00146413     	ori	s0, s0, 0x1
 100d4bc: 45f6         	lw	a1, 0x5c(sp)
 100d4be: 00c59793     	slli	a5, a1, 0xc
 100d4c2: 0407d963     	bgez	a5, 0x100d514 <__multf3+0xc18>
 100d4c6: ce82         	sw	zero, 0x5c(sp)
 100d4c8: cc82         	sw	zero, 0x58(sp)
 100d4ca: ca82         	sw	zero, 0x54(sp)
 100d4cc: c882         	sw	zero, 0x50(sp)
 100d4ce: 00146413     	ori	s0, s0, 0x1
 100d4d2: 4785         	li	a5, 0x1
 100d4d4: de068be3     	beqz	a3, 0x100d2ca <__multf3+0x9ce>
 100d4d8: 00147693     	andi	a3, s0, 0x1
 100d4dc: 0686         	slli	a3, a3, 0x1
 100d4de: 8c55         	or	s0, s0, a3
 100d4e0: b3ed         	j	0x100d2ca <__multf3+0x9ce>
 100d4e2: 00032e03     	lw	t3, 0x0(t1)
 100d4e6: 00432f83     	lw	t6, 0x4(t1)
 100d4ea: 011302b3     	add	t0, t1, a7
 100d4ee: 00ae5e33     	srl	t3, t3, a0
 100d4f2: 01df9fb3     	sll	t6, t6, t4
 100d4f6: 01fe6e33     	or	t3, t3, t6
 100d4fa: 01c2a023     	sw	t3, 0x0(t0)
 100d4fe: 0f05         	addi	t5, t5, 0x1
 100d500: 0311         	addi	t1, t1, 0x4
 100d502: b71d         	j	0x100d428 <__multf3+0xb2c>
 100d504: fb55         	bnez	a4, 0x100d4b8 <__multf3+0xbbc>
 100d506: 07a1         	addi	a5, a5, 0x8
 100d508: c8be         	sw	a5, 0x50(sp)
 100d50a: 0087b793     	sltiu	a5, a5, 0x8
 100d50e: bf49         	j	0x100d4a0 <__multf3+0xba4>
 100d510: d745         	beqz	a4, 0x100d4b8 <__multf3+0xbbc>
 100d512: bfd5         	j	0x100d506 <__multf3+0xc0a>
 100d514: 00c60813     	addi	a6, a2, 0xc
 100d518: 421c         	lw	a5, 0x0(a2)
 100d51a: 4248         	lw	a0, 0x4(a2)
 100d51c: 838d         	srli	a5, a5, 0x3
 100d51e: 0576         	slli	a0, a0, 0x1d
 100d520: 8fc9         	or	a5, a5, a0
 100d522: c21c         	sw	a5, 0x0(a2)
 100d524: 0611         	addi	a2, a2, 0x4
 100d526: fec819e3     	bne	a6, a2, 0x100d518 <__multf3+0xc1c>
 100d52a: 818d         	srli	a1, a1, 0x3
 100d52c: ceae         	sw	a1, 0x5c(sp)
 100d52e: 4781         	li	a5, 0x0
 100d530: b755         	j	0x100d4d4 <__multf3+0xbd8>
 100d532: 46d6         	lw	a3, 0x54(sp)
 100d534: 47c6         	lw	a5, 0x50(sp)
 100d536: 8fd5         	or	a5, a5, a3
 100d538: 46e6         	lw	a3, 0x58(sp)
 100d53a: 8fd5         	or	a5, a5, a3
 100d53c: 46f6         	lw	a3, 0x5c(sp)
 100d53e: 8fd5         	or	a5, a5, a3
 100d540: c395         	beqz	a5, 0x100d564 <__multf3+0xc68>
 100d542: ce82         	sw	zero, 0x5c(sp)
 100d544: cc82         	sw	zero, 0x58(sp)
 100d546: ca82         	sw	zero, 0x54(sp)
 100d548: c8b2         	sw	a2, 0x50(sp)
 100d54a: 4789         	li	a5, 0x2
 100d54c: 00146413     	ori	s0, s0, 0x1
 100d550: 02f48263     	beq	s1, a5, 0x100d574 <__multf3+0xc78>
 100d554: 478d         	li	a5, 0x3
 100d556: 00f48b63     	beq	s1, a5, 0x100d56c <__multf3+0xc70>
 100d55a: 4795         	li	a5, 0x5
 100d55c: c891         	beqz	s1, 0x100d570 <__multf3+0xc74>
 100d55e: 47c6         	lw	a5, 0x50(sp)
 100d560: 838d         	srli	a5, a5, 0x3
 100d562: c8be         	sw	a5, 0x50(sp)
 100d564: 00246413     	ori	s0, s0, 0x2
 100d568: 4781         	li	a5, 0x0
 100d56a: b385         	j	0x100d2ca <__multf3+0x9ce>
 100d56c: fb6d         	bnez	a4, 0x100d55e <__multf3+0xc62>
 100d56e: 47a5         	li	a5, 0x9
 100d570: c8be         	sw	a5, 0x50(sp)
 100d572: b7f5         	j	0x100d55e <__multf3+0xc62>
 100d574: ff6d         	bnez	a4, 0x100d56e <__multf3+0xc72>
 100d576: b7e5         	j	0x100d55e <__multf3+0xc62>
 100d578: ce82         	sw	zero, 0x5c(sp)
 100d57a: cc82         	sw	zero, 0x58(sp)
 100d57c: ca82         	sw	zero, 0x54(sp)
 100d57e: c882         	sw	zero, 0x50(sp)
 100d580: b7e5         	j	0x100d568 <__multf3+0xc6c>
 100d582: 67a1         	lui	a5, 0x8
 100d584: ce82         	sw	zero, 0x5c(sp)
 100d586: cc82         	sw	zero, 0x58(sp)
 100d588: ca82         	sw	zero, 0x54(sp)
 100d58a: c882         	sw	zero, 0x50(sp)
 100d58c: 17fd         	addi	a5, a5, -0x1
 100d58e: bb35         	j	0x100d2ca <__multf3+0x9ce>

0100d590 <__clzsi2>:
 100d590: 67c1         	lui	a5, 0x10
 100d592: 02f57663     	bgeu	a0, a5, 0x100d5be <__clzsi2+0x2e>
 100d596: 10053793     	sltiu	a5, a0, 0x100
 100d59a: 0017b793     	seqz	a5, a5
 100d59e: 078e         	slli	a5, a5, 0x3
 100d5a0: 01010737     	lui	a4, 0x1010
 100d5a4: 02000693     	li	a3, 0x20
 100d5a8: 8e9d         	sub	a3, a3, a5
 100d5aa: 00f55533     	srl	a0, a0, a5
 100d5ae: f0c70793     	addi	a5, a4, -0xf4
 100d5b2: 97aa         	add	a5, a5, a0
 100d5b4: 0007c503     	lbu	a0, 0x0(a5)
 100d5b8: 40a68533     	sub	a0, a3, a0
 100d5bc: 8082         	ret
 100d5be: 01000737     	lui	a4, 0x1000
 100d5c2: 47e1         	li	a5, 0x18
 100d5c4: fce57ee3     	bgeu	a0, a4, 0x100d5a0 <__clzsi2+0x10>
 100d5c8: 47c1         	li	a5, 0x10
 100d5ca: bfd9         	j	0x100d5a0 <__clzsi2+0x10>

0100d5cc <__subtf3>:
 100d5cc: 7159         	addi	sp, sp, -0x70
 100d5ce: d2a6         	sw	s1, 0x64(sp)
 100d5d0: d0ca         	sw	s2, 0x60(sp)
 100d5d2: cece         	sw	s3, 0x5c(sp)
 100d5d4: c2e6         	sw	s9, 0x44(sp)
 100d5d6: d686         	sw	ra, 0x6c(sp)
 100d5d8: d4a2         	sw	s0, 0x68(sp)
 100d5da: ccd2         	sw	s4, 0x58(sp)
 100d5dc: cad6         	sw	s5, 0x54(sp)
 100d5de: c8da         	sw	s6, 0x50(sp)
 100d5e0: c6de         	sw	s7, 0x4c(sp)
 100d5e2: c4e2         	sw	s8, 0x48(sp)
 100d5e4: 892a         	mv	s2, a0
 100d5e6: 4198         	lw	a4, 0x0(a1)
 100d5e8: 41d4         	lw	a3, 0x4(a1)
 100d5ea: 459c         	lw	a5, 0x8(a1)
 100d5ec: 00c5a983     	lw	s3, 0xc(a1)
 100d5f0: 4204         	lw	s1, 0x0(a2)
 100d5f2: 00462883     	lw	a7, 0x4(a2)
 100d5f6: 00862803     	lw	a6, 0x8(a2)
 100d5fa: 00c62c83     	lw	s9, 0xc(a2)
 100d5fe: 00202a73     	frrm	s4
 100d602: dc3e         	sw	a5, 0x38(sp)
 100d604: c43e         	sw	a5, 0x8(sp)
 100d606: 01099793     	slli	a5, s3, 0x10
 100d60a: 83c1         	srli	a5, a5, 0x10
 100d60c: 00199413     	slli	s0, s3, 0x1
 100d610: 858a         	mv	a1, sp
 100d612: de4e         	sw	s3, 0x3c(sp)
 100d614: c63e         	sw	a5, 0xc(sp)
 100d616: d83a         	sw	a4, 0x30(sp)
 100d618: da36         	sw	a3, 0x34(sp)
 100d61a: c03a         	sw	a4, 0x0(sp)
 100d61c: c236         	sw	a3, 0x4(sp)
 100d61e: 8045         	srli	s0, s0, 0x11
 100d620: 01f9d993     	srli	s3, s3, 0x1f
 100d624: ff410313     	addi	t1, sp, -0xc
 100d628: 87ae         	mv	a5, a1
 100d62a: 852e         	mv	a0, a1
 100d62c: 47d4         	lw	a3, 0xc(a5)
 100d62e: 4790         	lw	a2, 0x8(a5)
 100d630: 17f1         	addi	a5, a5, -0x4
 100d632: 068e         	slli	a3, a3, 0x3
 100d634: 8275         	srli	a2, a2, 0x1d
 100d636: 8ed1         	or	a3, a3, a2
 100d638: cb94         	sw	a3, 0x10(a5)
 100d63a: fef319e3     	bne	t1, a5, 0x100d62c <__subtf3+0x60>
 100d63e: 010c9793     	slli	a5, s9, 0x10
 100d642: 83c1         	srli	a5, a5, 0x10
 100d644: 001c9a93     	slli	s5, s9, 0x1
 100d648: 070e         	slli	a4, a4, 0x3
 100d64a: dc42         	sw	a6, 0x38(sp)
 100d64c: cc42         	sw	a6, 0x18(sp)
 100d64e: 01010813     	addi	a6, sp, 0x10
 100d652: da46         	sw	a7, 0x34(sp)
 100d654: de66         	sw	s9, 0x3c(sp)
 100d656: ca46         	sw	a7, 0x14(sp)
 100d658: ce3e         	sw	a5, 0x1c(sp)
 100d65a: c03a         	sw	a4, 0x0(sp)
 100d65c: d826         	sw	s1, 0x30(sp)
 100d65e: c826         	sw	s1, 0x10(sp)
 100d660: 011ada93     	srli	s5, s5, 0x11
 100d664: 01fcdc93     	srli	s9, s9, 0x1f
 100d668: 00410893     	addi	a7, sp, 0x4
 100d66c: 87c2         	mv	a5, a6
 100d66e: 8e42         	mv	t3, a6
 100d670: 47d4         	lw	a3, 0xc(a5)
 100d672: 4790         	lw	a2, 0x8(a5)
 100d674: 17f1         	addi	a5, a5, -0x4
 100d676: 068e         	slli	a3, a3, 0x3
 100d678: 8275         	srli	a2, a2, 0x1d
 100d67a: 8ed1         	or	a3, a3, a2
 100d67c: cb94         	sw	a3, 0x10(a5)
 100d67e: fef899e3     	bne	a7, a5, 0x100d670 <__subtf3+0xa4>
 100d682: 048e         	slli	s1, s1, 0x3
 100d684: 67a1         	lui	a5, 0x8
 100d686: c826         	sw	s1, 0x10(sp)
 100d688: 17fd         	addi	a5, a5, -0x1
 100d68a: 00fa9963     	bne	s5, a5, 0x100d69c <__subtf3+0xd0>
 100d68e: 46e2         	lw	a3, 0x18(sp)
 100d690: 47d2         	lw	a5, 0x14(sp)
 100d692: 8fd5         	or	a5, a5, a3
 100d694: 46f2         	lw	a3, 0x1c(sp)
 100d696: 8fd5         	or	a5, a5, a3
 100d698: 8fc5         	or	a5, a5, s1
 100d69a: e399         	bnez	a5, 0x100d6a0 <__subtf3+0xd4>
 100d69c: 001ccc93     	xori	s9, s9, 0x1
 100d6a0: 415407b3     	sub	a5, s0, s5
 100d6a4: 5d3c9c63     	bne	s9, s3, 0x100dc7c <__subtf3+0x6b0>
 100d6a8: 24f05963     	blez	a5, 0x100d8fa <__subtf3+0x32e>
 100d6ac: 4312         	lw	t1, 0x4(sp)
 100d6ae: 48a2         	lw	a7, 0x8(sp)
 100d6b0: 45b2         	lw	a1, 0xc(sp)
 100d6b2: 080a9963     	bnez	s5, 0x100d744 <__subtf3+0x178>
 100d6b6: 4552         	lw	a0, 0x14(sp)
 100d6b8: 46e2         	lw	a3, 0x18(sp)
 100d6ba: 4ef2         	lw	t4, 0x1c(sp)
 100d6bc: 00d56633     	or	a2, a0, a3
 100d6c0: 01d66633     	or	a2, a2, t4
 100d6c4: 8e45         	or	a2, a2, s1
 100d6c6: e61d         	bnez	a2, 0x100d6f4 <__subtf3+0x128>
 100d6c8: 66a1         	lui	a3, 0x8
 100d6ca: 16fd         	addi	a3, a3, -0x1
 100d6cc: 00d79e63     	bne	a5, a3, 0x100d6e8 <__subtf3+0x11c>
 100d6d0: 011366b3     	or	a3, t1, a7
 100d6d4: 8ecd         	or	a3, a3, a1
 100d6d6: 8ed9         	or	a3, a3, a4
 100d6d8: ca81         	beqz	a3, 0x100d6e8 <__subtf3+0x11c>
 100d6da: 0125da93     	srli	s5, a1, 0x12
 100d6de: 001aca93     	xori	s5, s5, 0x1
 100d6e2: 001afa93     	andi	s5, s5, 0x1
 100d6e6: 0a92         	slli	s5, s5, 0x4
 100d6e8: d03a         	sw	a4, 0x20(sp)
 100d6ea: d21a         	sw	t1, 0x24(sp)
 100d6ec: d446         	sw	a7, 0x28(sp)
 100d6ee: d62e         	sw	a1, 0x2c(sp)
 100d6f0: 8456         	mv	s0, s5
 100d6f2: ac99         	j	0x100d948 <__subtf3+0x37c>
 100d6f4: fff78613     	addi	a2, a5, -0x1
 100d6f8: ea0d         	bnez	a2, 0x100d72a <__subtf3+0x15e>
 100d6fa: 94ba         	add	s1, s1, a4
 100d6fc: 932a         	add	t1, t1, a0
 100d6fe: d026         	sw	s1, 0x20(sp)
 100d700: 00e4b4b3     	sltu	s1, s1, a4
 100d704: 949a         	add	s1, s1, t1
 100d706: d226         	sw	s1, 0x24(sp)
 100d708: 00a33533     	sltu	a0, t1, a0
 100d70c: 0064b4b3     	sltu	s1, s1, t1
 100d710: 98b6         	add	a7, a7, a3
 100d712: 8d45         	or	a0, a0, s1
 100d714: 9546         	add	a0, a0, a7
 100d716: d42a         	sw	a0, 0x28(sp)
 100d718: 00d8b733     	sltu	a4, a7, a3
 100d71c: 01153533     	sltu	a0, a0, a7
 100d720: 8f49         	or	a4, a4, a0
 100d722: 9eae         	add	t4, t4, a1
 100d724: 9776         	add	a4, a4, t4
 100d726: 4785         	li	a5, 0x1
 100d728: a299         	j	0x100d86e <__subtf3+0x2a2>
 100d72a: 66a1         	lui	a3, 0x8
 100d72c: 16fd         	addi	a3, a3, -0x1
 100d72e: fad781e3     	beq	a5, a3, 0x100d6d0 <__subtf3+0x104>
 100d732: 07400793     	li	a5, 0x74
 100d736: 04c7d863     	bge	a5, a2, 0x100d786 <__subtf3+0x1ba>
 100d73a: ce02         	sw	zero, 0x1c(sp)
 100d73c: cc02         	sw	zero, 0x18(sp)
 100d73e: ca02         	sw	zero, 0x14(sp)
 100d740: 4785         	li	a5, 0x1
 100d742: a8dd         	j	0x100d838 <__subtf3+0x26c>
 100d744: 66a1         	lui	a3, 0x8
 100d746: 16fd         	addi	a3, a3, -0x1
 100d748: 02d41563     	bne	s0, a3, 0x100d772 <__subtf3+0x1a6>
 100d74c: 011367b3     	or	a5, t1, a7
 100d750: 8fcd         	or	a5, a5, a1
 100d752: 8fd9         	or	a5, a5, a4
 100d754: 4681         	li	a3, 0x0
 100d756: c799         	beqz	a5, 0x100d764 <__subtf3+0x198>
 100d758: 0125d693     	srli	a3, a1, 0x12
 100d75c: 0016c693     	xori	a3, a3, 0x1
 100d760: 8a85         	andi	a3, a3, 0x1
 100d762: 0692         	slli	a3, a3, 0x4
 100d764: d03a         	sw	a4, 0x20(sp)
 100d766: d21a         	sw	t1, 0x24(sp)
 100d768: d446         	sw	a7, 0x28(sp)
 100d76a: d62e         	sw	a1, 0x2c(sp)
 100d76c: 87a2         	mv	a5, s0
 100d76e: 8436         	mv	s0, a3
 100d770: aae1         	j	0x100d948 <__subtf3+0x37c>
 100d772: 46f2         	lw	a3, 0x1c(sp)
 100d774: 00080637     	lui	a2, 0x80
 100d778: 8ed1         	or	a3, a3, a2
 100d77a: ce36         	sw	a3, 0x1c(sp)
 100d77c: 07400693     	li	a3, 0x74
 100d780: faf6cde3     	blt	a3, a5, 0x100d73a <__subtf3+0x16e>
 100d784: 863e         	mv	a2, a5
 100d786: 40565693     	srai	a3, a2, 0x5
 100d78a: 8ec2         	mv	t4, a6
 100d78c: 8a7d         	andi	a2, a2, 0x1f
 100d78e: 4781         	li	a5, 0x0
 100d790: 4501         	li	a0, 0x0
 100d792: 02d51563     	bne	a0, a3, 0x100d7bc <__subtf3+0x1f0>
 100d796: 450d         	li	a0, 0x3
 100d798: 8d15         	sub	a0, a0, a3
 100d79a: 00269e93     	slli	t4, a3, 0x2
 100d79e: e615         	bnez	a2, 0x100d7ca <__subtf3+0x1fe>
 100d7a0: 01d80f33     	add	t5, a6, t4
 100d7a4: 000f2f03     	lw	t5, 0x0(t5)
 100d7a8: 0605         	addi	a2, a2, 0x1
 100d7aa: 0811         	addi	a6, a6, 0x4
 100d7ac: ffe82e23     	sw	t5, -0x4(a6)
 100d7b0: fec558e3     	bge	a0, a2, 0x100d7a0 <__subtf3+0x1d4>
 100d7b4: 4611         	li	a2, 0x4
 100d7b6: 40d606b3     	sub	a3, a2, a3
 100d7ba: a881         	j	0x100d80a <__subtf3+0x23e>
 100d7bc: 000eaf03     	lw	t5, 0x0(t4)
 100d7c0: 0505         	addi	a0, a0, 0x1
 100d7c2: 0e91         	addi	t4, t4, 0x4
 100d7c4: 01e7e7b3     	or	a5, a5, t5
 100d7c8: b7e9         	j	0x100d792 <__subtf3+0x1c6>
 100d7ca: 040e8493     	addi	s1, t4, 0x40
 100d7ce: 00248f33     	add	t5, s1, sp
 100d7d2: fd0f2f03     	lw	t5, -0x30(t5)
 100d7d6: 02000393     	li	t2, 0x20
 100d7da: 40c383b3     	sub	t2, t2, a2
 100d7de: 007f1f33     	sll	t5, t5, t2
 100d7e2: 9876         	add	a6, a6, t4
 100d7e4: 01e7e7b3     	or	a5, a5, t5
 100d7e8: 41d00eb3     	neg	t4, t4
 100d7ec: 4f81         	li	t6, 0x0
 100d7ee: 0eafc563     	blt	t6, a0, 0x100d8d8 <__subtf3+0x30c>
 100d7f2: 4811         	li	a6, 0x4
 100d7f4: 40d806b3     	sub	a3, a6, a3
 100d7f8: 4872         	lw	a6, 0x1c(sp)
 100d7fa: 050a         	slli	a0, a0, 0x2
 100d7fc: 04050513     	addi	a0, a0, 0x40
 100d800: 950a         	add	a0, a0, sp
 100d802: 00c85633     	srl	a2, a6, a2
 100d806: fcc52823     	sw	a2, -0x30(a0)
 100d80a: 4611         	li	a2, 0x4
 100d80c: 8e15         	sub	a2, a2, a3
 100d80e: 060a         	slli	a2, a2, 0x2
 100d810: 068a         	slli	a3, a3, 0x2
 100d812: 4521         	li	a0, 0x8
 100d814: 96f2         	add	a3, a3, t3
 100d816: 00a66863     	bltu	a2, a0, 0x100d826 <__subtf3+0x25a>
 100d81a: 0006a023     	sw	zero, 0x0(a3)
 100d81e: 0006a223     	sw	zero, 0x4(a3)
 100d822: 1661         	addi	a2, a2, -0x8
 100d824: 06a1         	addi	a3, a3, 0x8
 100d826: 4511         	li	a0, 0x4
 100d828: 00a66463     	bltu	a2, a0, 0x100d830 <__subtf3+0x264>
 100d82c: 0006a023     	sw	zero, 0x0(a3)
 100d830: 46c2         	lw	a3, 0x10(sp)
 100d832: 00f037b3     	snez	a5, a5
 100d836: 8fd5         	or	a5, a5, a3
 100d838: 46d2         	lw	a3, 0x14(sp)
 100d83a: c83e         	sw	a5, 0x10(sp)
 100d83c: 97ba         	add	a5, a5, a4
 100d83e: 9336         	add	t1, t1, a3
 100d840: d03e         	sw	a5, 0x20(sp)
 100d842: 00e7b7b3     	sltu	a5, a5, a4
 100d846: 4762         	lw	a4, 0x18(sp)
 100d848: 979a         	add	a5, a5, t1
 100d84a: d23e         	sw	a5, 0x24(sp)
 100d84c: 00d336b3     	sltu	a3, t1, a3
 100d850: 0067b7b3     	sltu	a5, a5, t1
 100d854: 98ba         	add	a7, a7, a4
 100d856: 8fd5         	or	a5, a5, a3
 100d858: 97c6         	add	a5, a5, a7
 100d85a: d43e         	sw	a5, 0x28(sp)
 100d85c: 00e8b733     	sltu	a4, a7, a4
 100d860: 0117b7b3     	sltu	a5, a5, a7
 100d864: 8f5d         	or	a4, a4, a5
 100d866: 47f2         	lw	a5, 0x1c(sp)
 100d868: 97ae         	add	a5, a5, a1
 100d86a: 973e         	add	a4, a4, a5
 100d86c: 87a2         	mv	a5, s0
 100d86e: d63a         	sw	a4, 0x2c(sp)
 100d870: 00c71693     	slli	a3, a4, 0xc
 100d874: 4401         	li	s0, 0x0
 100d876: 0c06d963     	bgez	a3, 0x100d948 <__subtf3+0x37c>
 100d87a: 5602         	lw	a2, 0x20(sp)
 100d87c: fff806b7     	lui	a3, 0xfff80
 100d880: 16fd         	addi	a3, a3, -0x1
 100d882: 8f75         	and	a4, a4, a3
 100d884: d63a         	sw	a4, 0x2c(sp)
 100d886: 0785         	addi	a5, a5, 0x1
 100d888: 067e         	slli	a2, a2, 0x1f
 100d88a: 1014         	addi	a3, sp, 0x20
 100d88c: 02c10813     	addi	a6, sp, 0x2c
 100d890: 428c         	lw	a1, 0x0(a3)
 100d892: 42c8         	lw	a0, 0x4(a3)
 100d894: 8185         	srli	a1, a1, 0x1
 100d896: 057e         	slli	a0, a0, 0x1f
 100d898: 8dc9         	or	a1, a1, a0
 100d89a: c28c         	sw	a1, 0x0(a3)
 100d89c: 0691         	addi	a3, a3, 0x4
 100d89e: fed819e3     	bne	a6, a3, 0x100d890 <__subtf3+0x2c4>
 100d8a2: 5682         	lw	a3, 0x20(sp)
 100d8a4: 8305         	srli	a4, a4, 0x1
 100d8a6: d63a         	sw	a4, 0x2c(sp)
 100d8a8: 00c03733     	snez	a4, a2
 100d8ac: 8f55         	or	a4, a4, a3
 100d8ae: d03a         	sw	a4, 0x20(sp)
 100d8b0: 6721         	lui	a4, 0x8
 100d8b2: 177d         	addi	a4, a4, -0x1
 100d8b4: 4401         	li	s0, 0x0
 100d8b6: 08e79963     	bne	a5, a4, 0x100d948 <__subtf3+0x37c>
 100d8ba: 3a0a0963     	beqz	s4, 0x100dc6c <__subtf3+0x6a0>
 100d8be: 478d         	li	a5, 0x3
 100d8c0: 3afa1163     	bne	s4, a5, 0x100dc62 <__subtf3+0x696>
 100d8c4: 3a098463     	beqz	s3, 0x100dc6c <__subtf3+0x6a0>
 100d8c8: 57fd         	li	a5, -0x1
 100d8ca: d63e         	sw	a5, 0x2c(sp)
 100d8cc: d43e         	sw	a5, 0x28(sp)
 100d8ce: d23e         	sw	a5, 0x24(sp)
 100d8d0: d03e         	sw	a5, 0x20(sp)
 100d8d2: 67a1         	lui	a5, 0x8
 100d8d4: 17f9         	addi	a5, a5, -0x2
 100d8d6: a64d         	j	0x100dc78 <__subtf3+0x6ac>
 100d8d8: 00082f03     	lw	t5, 0x0(a6)
 100d8dc: 00482283     	lw	t0, 0x4(a6)
 100d8e0: 01d804b3     	add	s1, a6, t4
 100d8e4: 00cf5f33     	srl	t5, t5, a2
 100d8e8: 007292b3     	sll	t0, t0, t2
 100d8ec: 005f6f33     	or	t5, t5, t0
 100d8f0: 01e4a023     	sw	t5, 0x0(s1)
 100d8f4: 0f85         	addi	t6, t6, 0x1
 100d8f6: 0811         	addi	a6, a6, 0x4
 100d8f8: bddd         	j	0x100d7ee <__subtf3+0x222>
 100d8fa: 4bd2         	lw	s7, 0x14(sp)
 100d8fc: 4c62         	lw	s8, 0x18(sp)
 100d8fe: 4b72         	lw	s6, 0x1c(sp)
 100d900: 1e078363     	beqz	a5, 0x100dae6 <__subtf3+0x51a>
 100d904: 408a87b3     	sub	a5, s5, s0
 100d908: e859         	bnez	s0, 0x100d99e <__subtf3+0x3d2>
 100d90a: 4612         	lw	a2, 0x4(sp)
 100d90c: 46a2         	lw	a3, 0x8(sp)
 100d90e: 48b2         	lw	a7, 0xc(sp)
 100d910: 00d66833     	or	a6, a2, a3
 100d914: 01186833     	or	a6, a6, a7
 100d918: 00e86833     	or	a6, a6, a4
 100d91c: 02081963     	bnez	a6, 0x100d94e <__subtf3+0x382>
 100d920: 6721         	lui	a4, 0x8
 100d922: 177d         	addi	a4, a4, -0x1
 100d924: 00e79e63     	bne	a5, a4, 0x100d940 <__subtf3+0x374>
 100d928: 018be733     	or	a4, s7, s8
 100d92c: 01676733     	or	a4, a4, s6
 100d930: 8f45         	or	a4, a4, s1
 100d932: c719         	beqz	a4, 0x100d940 <__subtf3+0x374>
 100d934: 012b5413     	srli	s0, s6, 0x12
 100d938: 00144413     	xori	s0, s0, 0x1
 100d93c: 8805         	andi	s0, s0, 0x1
 100d93e: 0412         	slli	s0, s0, 0x4
 100d940: d026         	sw	s1, 0x20(sp)
 100d942: d25e         	sw	s7, 0x24(sp)
 100d944: d462         	sw	s8, 0x28(sp)
 100d946: d65a         	sw	s6, 0x2c(sp)
 100d948: 4681         	li	a3, 0x0
 100d94a: 4010006f     	j	0x100e54a <__subtf3+0xf7e>
 100d94e: fff78813     	addi	a6, a5, -0x1
 100d952: 02081963     	bnez	a6, 0x100d984 <__subtf3+0x3b8>
 100d956: 94ba         	add	s1, s1, a4
 100d958: 9bb2         	add	s7, s7, a2
 100d95a: d026         	sw	s1, 0x20(sp)
 100d95c: 00e4b4b3     	sltu	s1, s1, a4
 100d960: 94de         	add	s1, s1, s7
 100d962: d226         	sw	s1, 0x24(sp)
 100d964: 00cbb633     	sltu	a2, s7, a2
 100d968: 0174b4b3     	sltu	s1, s1, s7
 100d96c: 9c36         	add	s8, s8, a3
 100d96e: 8e45         	or	a2, a2, s1
 100d970: 9662         	add	a2, a2, s8
 100d972: d432         	sw	a2, 0x28(sp)
 100d974: 00dc3733     	sltu	a4, s8, a3
 100d978: 01863633     	sltu	a2, a2, s8
 100d97c: 8f51         	or	a4, a4, a2
 100d97e: 98da         	add	a7, a7, s6
 100d980: 9746         	add	a4, a4, a7
 100d982: b355         	j	0x100d726 <__subtf3+0x15a>
 100d984: 6721         	lui	a4, 0x8
 100d986: 177d         	addi	a4, a4, -0x1
 100d988: fae780e3     	beq	a5, a4, 0x100d928 <__subtf3+0x35c>
 100d98c: 07400793     	li	a5, 0x74
 100d990: 0507d863     	bge	a5, a6, 0x100d9e0 <__subtf3+0x414>
 100d994: c602         	sw	zero, 0xc(sp)
 100d996: c402         	sw	zero, 0x8(sp)
 100d998: c202         	sw	zero, 0x4(sp)
 100d99a: 4785         	li	a5, 0x1
 100d99c: a8cd         	j	0x100da8e <__subtf3+0x4c2>
 100d99e: 6721         	lui	a4, 0x8
 100d9a0: 177d         	addi	a4, a4, -0x1
 100d9a2: 02ea9563     	bne	s5, a4, 0x100d9cc <__subtf3+0x400>
 100d9a6: 018be7b3     	or	a5, s7, s8
 100d9aa: 0167e7b3     	or	a5, a5, s6
 100d9ae: 8fc5         	or	a5, a5, s1
 100d9b0: 4401         	li	s0, 0x0
 100d9b2: c799         	beqz	a5, 0x100d9c0 <__subtf3+0x3f4>
 100d9b4: 012b5413     	srli	s0, s6, 0x12
 100d9b8: 00144413     	xori	s0, s0, 0x1
 100d9bc: 8805         	andi	s0, s0, 0x1
 100d9be: 0412         	slli	s0, s0, 0x4
 100d9c0: d026         	sw	s1, 0x20(sp)
 100d9c2: d25e         	sw	s7, 0x24(sp)
 100d9c4: d462         	sw	s8, 0x28(sp)
 100d9c6: d65a         	sw	s6, 0x2c(sp)
 100d9c8: 87d6         	mv	a5, s5
 100d9ca: bfbd         	j	0x100d948 <__subtf3+0x37c>
 100d9cc: 4732         	lw	a4, 0xc(sp)
 100d9ce: 000806b7     	lui	a3, 0x80
 100d9d2: 8f55         	or	a4, a4, a3
 100d9d4: c63a         	sw	a4, 0xc(sp)
 100d9d6: 07400713     	li	a4, 0x74
 100d9da: faf74de3     	blt	a4, a5, 0x100d994 <__subtf3+0x3c8>
 100d9de: 883e         	mv	a6, a5
 100d9e0: 02000713     	li	a4, 0x20
 100d9e4: 02e84733     	div	a4, a6, a4
 100d9e8: 86ae         	mv	a3, a1
 100d9ea: 4401         	li	s0, 0x0
 100d9ec: 4781         	li	a5, 0x0
 100d9ee: 02e7c663     	blt	a5, a4, 0x100da1a <__subtf3+0x44e>
 100d9f2: 478d         	li	a5, 0x3
 100d9f4: 01f87893     	andi	a7, a6, 0x1f
 100d9f8: 8f99         	sub	a5, a5, a4
 100d9fa: 00271613     	slli	a2, a4, 0x2
 100d9fe: 02089363     	bnez	a7, 0x100da24 <__subtf3+0x458>
 100da02: 00c586b3     	add	a3, a1, a2
 100da06: 4294         	lw	a3, 0x0(a3)
 100da08: 0885         	addi	a7, a7, 0x1
 100da0a: c194         	sw	a3, 0x0(a1)
 100da0c: 0591         	addi	a1, a1, 0x4
 100da0e: ff17dae3     	bge	a5, a7, 0x100da02 <__subtf3+0x436>
 100da12: 4791         	li	a5, 0x4
 100da14: 40e78733     	sub	a4, a5, a4
 100da18: a899         	j	0x100da6e <__subtf3+0x4a2>
 100da1a: 4290         	lw	a2, 0x0(a3)
 100da1c: 0785         	addi	a5, a5, 0x1
 100da1e: 0691         	addi	a3, a3, 0x4
 100da20: 8c51         	or	s0, s0, a2
 100da22: b7f1         	j	0x100d9ee <__subtf3+0x422>
 100da24: 02000693     	li	a3, 0x20
 100da28: 02d86833     	rem	a6, a6, a3
 100da2c: 41068833     	sub	a6, a3, a6
 100da30: 86ba         	mv	a3, a4
 100da32: 00075363     	bgez	a4, 0x100da38 <__subtf3+0x46c>
 100da36: 4681         	li	a3, 0x0
 100da38: 068a         	slli	a3, a3, 0x2
 100da3a: 04068693     	addi	a3, a3, 0x40
 100da3e: 968a         	add	a3, a3, sp
 100da40: fc06a683     	lw	a3, -0x40(a3)
 100da44: 95b2         	add	a1, a1, a2
 100da46: 4301         	li	t1, 0x0
 100da48: 010696b3     	sll	a3, a3, a6
 100da4c: 8c55         	or	s0, s0, a3
 100da4e: 40c00633     	neg	a2, a2
 100da52: 06f34a63     	blt	t1, a5, 0x100dac6 <__subtf3+0x4fa>
 100da56: 4691         	li	a3, 0x4
 100da58: 40e68733     	sub	a4, a3, a4
 100da5c: 46b2         	lw	a3, 0xc(sp)
 100da5e: 078a         	slli	a5, a5, 0x2
 100da60: 04078793     	addi	a5, a5, 0x40
 100da64: 978a         	add	a5, a5, sp
 100da66: 0116d6b3     	srl	a3, a3, a7
 100da6a: fcd7a023     	sw	a3, -0x40(a5)
 100da6e: 00572793     	slti	a5, a4, 0x5
 100da72: 4601         	li	a2, 0x0
 100da74: c781         	beqz	a5, 0x100da7c <__subtf3+0x4b0>
 100da76: 4611         	li	a2, 0x4
 100da78: 8e19         	sub	a2, a2, a4
 100da7a: 060a         	slli	a2, a2, 0x2
 100da7c: 070a         	slli	a4, a4, 0x2
 100da7e: 953a         	add	a0, a0, a4
 100da80: 4581         	li	a1, 0x0
 100da82: c20fe0ef     	jal	0x100bea2 <memset>
 100da86: 4702         	lw	a4, 0x0(sp)
 100da88: 008037b3     	snez	a5, s0
 100da8c: 8fd9         	or	a5, a5, a4
 100da8e: 4692         	lw	a3, 0x4(sp)
 100da90: c03e         	sw	a5, 0x0(sp)
 100da92: 97a6         	add	a5, a5, s1
 100da94: 9bb6         	add	s7, s7, a3
 100da96: 4722         	lw	a4, 0x8(sp)
 100da98: d03e         	sw	a5, 0x20(sp)
 100da9a: 0097b7b3     	sltu	a5, a5, s1
 100da9e: 97de         	add	a5, a5, s7
 100daa0: d23e         	sw	a5, 0x24(sp)
 100daa2: 00dbb6b3     	sltu	a3, s7, a3
 100daa6: 0177b7b3     	sltu	a5, a5, s7
 100daaa: 9c3a         	add	s8, s8, a4
 100daac: 8fd5         	or	a5, a5, a3
 100daae: 97e2         	add	a5, a5, s8
 100dab0: d43e         	sw	a5, 0x28(sp)
 100dab2: 00ec3733     	sltu	a4, s8, a4
 100dab6: 0187b7b3     	sltu	a5, a5, s8
 100daba: 8f5d         	or	a4, a4, a5
 100dabc: 47b2         	lw	a5, 0xc(sp)
 100dabe: 97da         	add	a5, a5, s6
 100dac0: 973e         	add	a4, a4, a5
 100dac2: 87d6         	mv	a5, s5
 100dac4: b36d         	j	0x100d86e <__subtf3+0x2a2>
 100dac6: 4194         	lw	a3, 0x0(a1)
 100dac8: 0045ae03     	lw	t3, 0x4(a1)
 100dacc: 00c58eb3     	add	t4, a1, a2
 100dad0: 0116d6b3     	srl	a3, a3, a7
 100dad4: 010e1e33     	sll	t3, t3, a6
 100dad8: 01c6e6b3     	or	a3, a3, t3
 100dadc: 00dea023     	sw	a3, 0x0(t4)
 100dae0: 0305         	addi	t1, t1, 0x1
 100dae2: 0591         	addi	a1, a1, 0x4
 100dae4: b7bd         	j	0x100da52 <__subtf3+0x486>
 100dae6: 00140793     	addi	a5, s0, 0x1
 100daea: 01179513     	slli	a0, a5, 0x11
 100daee: 8149         	srli	a0, a0, 0x12
 100daf0: 4612         	lw	a2, 0x4(sp)
 100daf2: 46a2         	lw	a3, 0x8(sp)
 100daf4: 45b2         	lw	a1, 0xc(sp)
 100daf6: 10051c63     	bnez	a0, 0x100dc0e <__subtf3+0x642>
 100dafa: 00d667b3     	or	a5, a2, a3
 100dafe: 8fcd         	or	a5, a5, a1
 100db00: 8fd9         	or	a5, a5, a4
 100db02: e049         	bnez	s0, 0x100db84 <__subtf3+0x5b8>
 100db04: e785         	bnez	a5, 0x100db2c <__subtf3+0x560>
 100db06: d026         	sw	s1, 0x20(sp)
 100db08: d25e         	sw	s7, 0x24(sp)
 100db0a: d462         	sw	s8, 0x28(sp)
 100db0c: d65a         	sw	s6, 0x2c(sp)
 100db0e: 5782         	lw	a5, 0x20(sp)
 100db10: 5592         	lw	a1, 0x24(sp)
 100db12: 5622         	lw	a2, 0x28(sp)
 100db14: 56b2         	lw	a3, 0x2c(sp)
 100db16: 00b7e733     	or	a4, a5, a1
 100db1a: 8f51         	or	a4, a4, a2
 100db1c: 8f55         	or	a4, a4, a3
 100db1e: 1c0710e3     	bnez	a4, 0x100e4de <__subtf3+0xf12>
 100db22: 4781         	li	a5, 0x0
 100db24: 4681         	li	a3, 0x0
 100db26: 4401         	li	s0, 0x0
 100db28: 2230006f     	j	0x100e54a <__subtf3+0xf7e>
 100db2c: 018be7b3     	or	a5, s7, s8
 100db30: 0167e7b3     	or	a5, a5, s6
 100db34: 8fc5         	or	a5, a5, s1
 100db36: e791         	bnez	a5, 0x100db42 <__subtf3+0x576>
 100db38: d03a         	sw	a4, 0x20(sp)
 100db3a: d232         	sw	a2, 0x24(sp)
 100db3c: d436         	sw	a3, 0x28(sp)
 100db3e: d62e         	sw	a1, 0x2c(sp)
 100db40: b7f9         	j	0x100db0e <__subtf3+0x542>
 100db42: 94ba         	add	s1, s1, a4
 100db44: 9bb2         	add	s7, s7, a2
 100db46: d026         	sw	s1, 0x20(sp)
 100db48: 00e4b4b3     	sltu	s1, s1, a4
 100db4c: 94de         	add	s1, s1, s7
 100db4e: d226         	sw	s1, 0x24(sp)
 100db50: 00cbb633     	sltu	a2, s7, a2
 100db54: 0174b4b3     	sltu	s1, s1, s7
 100db58: 9c36         	add	s8, s8, a3
 100db5a: 8e45         	or	a2, a2, s1
 100db5c: 9662         	add	a2, a2, s8
 100db5e: d432         	sw	a2, 0x28(sp)
 100db60: 00dc36b3     	sltu	a3, s8, a3
 100db64: 01863633     	sltu	a2, a2, s8
 100db68: 8ed1         	or	a3, a3, a2
 100db6a: 95da         	add	a1, a1, s6
 100db6c: 96ae         	add	a3, a3, a1
 100db6e: 00c69793     	slli	a5, a3, 0xc
 100db72: 3207d5e3     	bgez	a5, 0x100e69c <__subtf3+0x10d0>
 100db76: fff807b7     	lui	a5, 0xfff80
 100db7a: 17fd         	addi	a5, a5, -0x1
 100db7c: 8efd         	and	a3, a3, a5
 100db7e: d636         	sw	a3, 0x2c(sp)
 100db80: 4785         	li	a5, 0x1
 100db82: b3d9         	j	0x100d948 <__subtf3+0x37c>
 100db84: 6521         	lui	a0, 0x8
 100db86: 157d         	addi	a0, a0, -0x1
 100db88: 04a41363     	bne	s0, a0, 0x100dbce <__subtf3+0x602>
 100db8c: 30078be3     	beqz	a5, 0x100e6a2 <__subtf3+0x10d6>
 100db90: 0125d413     	srli	s0, a1, 0x12
 100db94: 00144413     	xori	s0, s0, 0x1
 100db98: 8805         	andi	s0, s0, 0x1
 100db9a: 0412         	slli	s0, s0, 0x4
 100db9c: 02aa9d63     	bne	s5, a0, 0x100dbd6 <__subtf3+0x60a>
 100dba0: 018be533     	or	a0, s7, s8
 100dba4: 01656533     	or	a0, a0, s6
 100dba8: 8d45         	or	a0, a0, s1
 100dbaa: c50d         	beqz	a0, 0x100dbd4 <__subtf3+0x608>
 100dbac: 00db1513     	slli	a0, s6, 0xd
 100dbb0: 02054263     	bltz	a0, 0x100dbd4 <__subtf3+0x608>
 100dbb4: 4441         	li	s0, 0x10
 100dbb6: eb85         	bnez	a5, 0x100dbe6 <__subtf3+0x61a>
 100dbb8: 8726         	mv	a4, s1
 100dbba: 865e         	mv	a2, s7
 100dbbc: 86e2         	mv	a3, s8
 100dbbe: 85da         	mv	a1, s6
 100dbc0: d03a         	sw	a4, 0x20(sp)
 100dbc2: d232         	sw	a2, 0x24(sp)
 100dbc4: d436         	sw	a3, 0x28(sp)
 100dbc6: d62e         	sw	a1, 0x2c(sp)
 100dbc8: 67a1         	lui	a5, 0x8
 100dbca: 17fd         	addi	a5, a5, -0x1
 100dbcc: bbb5         	j	0x100d948 <__subtf3+0x37c>
 100dbce: 4401         	li	s0, 0x0
 100dbd0: fcaa88e3     	beq	s5, a0, 0x100dba0 <__subtf3+0x5d4>
 100dbd4: d3f5         	beqz	a5, 0x100dbb8 <__subtf3+0x5ec>
 100dbd6: 018bebb3     	or	s7, s7, s8
 100dbda: 016bebb3     	or	s7, s7, s6
 100dbde: 009bebb3     	or	s7, s7, s1
 100dbe2: fc0b8fe3     	beqz	s7, 0x100dbc0 <__subtf3+0x5f4>
 100dbe6: 67a1         	lui	a5, 0x8
 100dbe8: d63e         	sw	a5, 0x2c(sp)
 100dbea: d402         	sw	zero, 0x28(sp)
 100dbec: d202         	sw	zero, 0x24(sp)
 100dbee: d002         	sw	zero, 0x20(sp)
 100dbf0: 101c         	addi	a5, sp, 0x20
 100dbf2: 0850         	addi	a2, sp, 0x14
 100dbf4: 47d8         	lw	a4, 0xc(a5)
 100dbf6: 4794         	lw	a3, 0x8(a5)
 100dbf8: 17f1         	addi	a5, a5, -0x4
 100dbfa: 070e         	slli	a4, a4, 0x3
 100dbfc: 82f5         	srli	a3, a3, 0x1d
 100dbfe: 8f55         	or	a4, a4, a3
 100dc00: cb98         	sw	a4, 0x10(a5)
 100dc02: fef619e3     	bne	a2, a5, 0x100dbf4 <__subtf3+0x628>
 100dc06: 4981         	li	s3, 0x0
 100dc08: b7c1         	j	0x100dbc8 <__subtf3+0x5fc>
 100dc0a: 4401         	li	s0, 0x0
 100dc0c: bf51         	j	0x100dba0 <__subtf3+0x5d4>
 100dc0e: 94ba         	add	s1, s1, a4
 100dc10: 9bb2         	add	s7, s7, a2
 100dc12: d026         	sw	s1, 0x20(sp)
 100dc14: 00e4b4b3     	sltu	s1, s1, a4
 100dc18: 94de         	add	s1, s1, s7
 100dc1a: d226         	sw	s1, 0x24(sp)
 100dc1c: 00cbb633     	sltu	a2, s7, a2
 100dc20: 0174b4b3     	sltu	s1, s1, s7
 100dc24: 9c36         	add	s8, s8, a3
 100dc26: 8e45         	or	a2, a2, s1
 100dc28: 9662         	add	a2, a2, s8
 100dc2a: d432         	sw	a2, 0x28(sp)
 100dc2c: 00dc36b3     	sltu	a3, s8, a3
 100dc30: 01863633     	sltu	a2, a2, s8
 100dc34: 8ed1         	or	a3, a3, a2
 100dc36: 95da         	add	a1, a1, s6
 100dc38: 96ae         	add	a3, a3, a1
 100dc3a: d636         	sw	a3, 0x2c(sp)
 100dc3c: 1018         	addi	a4, sp, 0x20
 100dc3e: 1068         	addi	a0, sp, 0x2c
 100dc40: 4310         	lw	a2, 0x0(a4)
 100dc42: 434c         	lw	a1, 0x4(a4)
 100dc44: 8205         	srli	a2, a2, 0x1
 100dc46: 05fe         	slli	a1, a1, 0x1f
 100dc48: 8e4d         	or	a2, a2, a1
 100dc4a: c310         	sw	a2, 0x0(a4)
 100dc4c: 0711         	addi	a4, a4, 0x4
 100dc4e: fee519e3     	bne	a0, a4, 0x100dc40 <__subtf3+0x674>
 100dc52: 6721         	lui	a4, 0x8
 100dc54: 177d         	addi	a4, a4, -0x1
 100dc56: c6e782e3     	beq	a5, a4, 0x100d8ba <__subtf3+0x2ee>
 100dc5a: 8285         	srli	a3, a3, 0x1
 100dc5c: d636         	sw	a3, 0x2c(sp)
 100dc5e: 4401         	li	s0, 0x0
 100dc60: b1e5         	j	0x100d948 <__subtf3+0x37c>
 100dc62: 4789         	li	a5, 0x2
 100dc64: c6fa12e3     	bne	s4, a5, 0x100d8c8 <__subtf3+0x2fc>
 100dc68: c60980e3     	beqz	s3, 0x100d8c8 <__subtf3+0x2fc>
 100dc6c: 67a1         	lui	a5, 0x8
 100dc6e: d602         	sw	zero, 0x2c(sp)
 100dc70: d402         	sw	zero, 0x28(sp)
 100dc72: d202         	sw	zero, 0x24(sp)
 100dc74: d002         	sw	zero, 0x20(sp)
 100dc76: 17fd         	addi	a5, a5, -0x1
 100dc78: 4415         	li	s0, 0x5
 100dc7a: b1f9         	j	0x100d948 <__subtf3+0x37c>
 100dc7c: 22f05b63     	blez	a5, 0x100deb2 <__subtf3+0x8e6>
 100dc80: 4592         	lw	a1, 0x4(sp)
 100dc82: 4522         	lw	a0, 0x8(sp)
 100dc84: 48b2         	lw	a7, 0xc(sp)
 100dc86: 0a0a9563     	bnez	s5, 0x100dd30 <__subtf3+0x764>
 100dc8a: 4ed2         	lw	t4, 0x14(sp)
 100dc8c: 4fe2         	lw	t6, 0x18(sp)
 100dc8e: 4672         	lw	a2, 0x1c(sp)
 100dc90: 01fee6b3     	or	a3, t4, t6
 100dc94: 8ed1         	or	a3, a3, a2
 100dc96: 8ec5         	or	a3, a3, s1
 100dc98: e69d         	bnez	a3, 0x100dcc6 <__subtf3+0x6fa>
 100dc9a: 66a1         	lui	a3, 0x8
 100dc9c: 16fd         	addi	a3, a3, -0x1
 100dc9e: 00d79f63     	bne	a5, a3, 0x100dcbc <__subtf3+0x6f0>
 100dca2: 00a5e6b3     	or	a3, a1, a0
 100dca6: 0116e6b3     	or	a3, a3, a7
 100dcaa: 8ed9         	or	a3, a3, a4
 100dcac: ca81         	beqz	a3, 0x100dcbc <__subtf3+0x6f0>
 100dcae: 0128da93     	srli	s5, a7, 0x12
 100dcb2: 001aca93     	xori	s5, s5, 0x1
 100dcb6: 001afa93     	andi	s5, s5, 0x1
 100dcba: 0a92         	slli	s5, s5, 0x4
 100dcbc: d03a         	sw	a4, 0x20(sp)
 100dcbe: d22e         	sw	a1, 0x24(sp)
 100dcc0: d42a         	sw	a0, 0x28(sp)
 100dcc2: d646         	sw	a7, 0x2c(sp)
 100dcc4: b435         	j	0x100d6f0 <__subtf3+0x124>
 100dcc6: fff78f13     	addi	t5, a5, -0x1
 100dcca: 040f1663     	bnez	t5, 0x100dd16 <__subtf3+0x74a>
 100dcce: 409706b3     	sub	a3, a4, s1
 100dcd2: 41d58833     	sub	a6, a1, t4
 100dcd6: 00d73333     	sltu	t1, a4, a3
 100dcda: 0105b7b3     	sltu	a5, a1, a6
 100dcde: 40680833     	sub	a6, a6, t1
 100dce2: 4301         	li	t1, 0x0
 100dce4: 00d77663     	bgeu	a4, a3, 0x100dcf0 <__subtf3+0x724>
 100dce8: 40be8eb3     	sub	t4, t4, a1
 100dcec: 001eb313     	seqz	t1, t4
 100dcf0: 00f36733     	or	a4, t1, a5
 100dcf4: 41f505b3     	sub	a1, a0, t6
 100dcf8: 00b53333     	sltu	t1, a0, a1
 100dcfc: 8d99         	sub	a1, a1, a4
 100dcfe: c709         	beqz	a4, 0x100dd08 <__subtf3+0x73c>
 100dd00: 40af87b3     	sub	a5, t6, a0
 100dd04: 0017bf13     	seqz	t5, a5
 100dd08: 40c88733     	sub	a4, a7, a2
 100dd0c: 006f67b3     	or	a5, t5, t1
 100dd10: 8f1d         	sub	a4, a4, a5
 100dd12: 4785         	li	a5, 0x1
 100dd14: aab9         	j	0x100de72 <__subtf3+0x8a6>
 100dd16: 66a1         	lui	a3, 0x8
 100dd18: 16fd         	addi	a3, a3, -0x1
 100dd1a: f8d784e3     	beq	a5, a3, 0x100dca2 <__subtf3+0x6d6>
 100dd1e: 07400793     	li	a5, 0x74
 100dd22: 05e7d763     	bge	a5, t5, 0x100dd70 <__subtf3+0x7a4>
 100dd26: ce02         	sw	zero, 0x1c(sp)
 100dd28: cc02         	sw	zero, 0x18(sp)
 100dd2a: ca02         	sw	zero, 0x14(sp)
 100dd2c: 4685         	li	a3, 0x1
 100dd2e: a8e5         	j	0x100de26 <__subtf3+0x85a>
 100dd30: 66a1         	lui	a3, 0x8
 100dd32: 16fd         	addi	a3, a3, -0x1
 100dd34: 02d41463     	bne	s0, a3, 0x100dd5c <__subtf3+0x790>
 100dd38: 00a5e7b3     	or	a5, a1, a0
 100dd3c: 0117e7b3     	or	a5, a5, a7
 100dd40: 8fd9         	or	a5, a5, a4
 100dd42: 4681         	li	a3, 0x0
 100dd44: c799         	beqz	a5, 0x100dd52 <__subtf3+0x786>
 100dd46: 0128d693     	srli	a3, a7, 0x12
 100dd4a: 0016c693     	xori	a3, a3, 0x1
 100dd4e: 8a85         	andi	a3, a3, 0x1
 100dd50: 0692         	slli	a3, a3, 0x4
 100dd52: d03a         	sw	a4, 0x20(sp)
 100dd54: d22e         	sw	a1, 0x24(sp)
 100dd56: d42a         	sw	a0, 0x28(sp)
 100dd58: d646         	sw	a7, 0x2c(sp)
 100dd5a: bc09         	j	0x100d76c <__subtf3+0x1a0>
 100dd5c: 46f2         	lw	a3, 0x1c(sp)
 100dd5e: 00080637     	lui	a2, 0x80
 100dd62: 8ed1         	or	a3, a3, a2
 100dd64: ce36         	sw	a3, 0x1c(sp)
 100dd66: 07400693     	li	a3, 0x74
 100dd6a: faf6cee3     	blt	a3, a5, 0x100dd26 <__subtf3+0x75a>
 100dd6e: 8f3e         	mv	t5, a5
 100dd70: 405f5793     	srai	a5, t5, 0x5
 100dd74: 8342         	mv	t1, a6
 100dd76: 01ff7f13     	andi	t5, t5, 0x1f
 100dd7a: 4681         	li	a3, 0x0
 100dd7c: 4601         	li	a2, 0x0
 100dd7e: 02f61663     	bne	a2, a5, 0x100ddaa <__subtf3+0x7de>
 100dd82: 460d         	li	a2, 0x3
 100dd84: 8e1d         	sub	a2, a2, a5
 100dd86: 00279313     	slli	t1, a5, 0x2
 100dd8a: 020f1763     	bnez	t5, 0x100ddb8 <__subtf3+0x7ec>
 100dd8e: 00680eb3     	add	t4, a6, t1
 100dd92: 000eae83     	lw	t4, 0x0(t4)
 100dd96: 0f05         	addi	t5, t5, 0x1
 100dd98: 0811         	addi	a6, a6, 0x4
 100dd9a: ffd82e23     	sw	t4, -0x4(a6)
 100dd9e: ffe658e3     	bge	a2, t5, 0x100dd8e <__subtf3+0x7c2>
 100dda2: 4611         	li	a2, 0x4
 100dda4: 40f607b3     	sub	a5, a2, a5
 100dda8: a881         	j	0x100ddf8 <__subtf3+0x82c>
 100ddaa: 00032e83     	lw	t4, 0x0(t1)
 100ddae: 0605         	addi	a2, a2, 0x1
 100ddb0: 0311         	addi	t1, t1, 0x4
 100ddb2: 01d6e6b3     	or	a3, a3, t4
 100ddb6: b7e1         	j	0x100dd7e <__subtf3+0x7b2>
 100ddb8: 04030493     	addi	s1, t1, 0x40
 100ddbc: 00248eb3     	add	t4, s1, sp
 100ddc0: fd0eae83     	lw	t4, -0x30(t4)
 100ddc4: 02000393     	li	t2, 0x20
 100ddc8: 41e383b3     	sub	t2, t2, t5
 100ddcc: 007e9eb3     	sll	t4, t4, t2
 100ddd0: 981a         	add	a6, a6, t1
 100ddd2: 01d6e6b3     	or	a3, a3, t4
 100ddd6: 40600333     	neg	t1, t1
 100ddda: 4f81         	li	t6, 0x0
 100dddc: 0acfca63     	blt	t6, a2, 0x100de90 <__subtf3+0x8c4>
 100dde0: 4811         	li	a6, 0x4
 100dde2: 40f807b3     	sub	a5, a6, a5
 100dde6: 4872         	lw	a6, 0x1c(sp)
 100dde8: 060a         	slli	a2, a2, 0x2
 100ddea: 04060613     	addi	a2, a2, 0x40
 100ddee: 960a         	add	a2, a2, sp
 100ddf0: 01e85833     	srl	a6, a6, t5
 100ddf4: fd062823     	sw	a6, -0x30(a2)
 100ddf8: 4611         	li	a2, 0x4
 100ddfa: 8e1d         	sub	a2, a2, a5
 100ddfc: 060a         	slli	a2, a2, 0x2
 100ddfe: 078a         	slli	a5, a5, 0x2
 100de00: 4821         	li	a6, 0x8
 100de02: 97f2         	add	a5, a5, t3
 100de04: 01066863     	bltu	a2, a6, 0x100de14 <__subtf3+0x848>
 100de08: 0007a023     	sw	zero, 0x0(a5)
 100de0c: 0007a223     	sw	zero, 0x4(a5)
 100de10: 1661         	addi	a2, a2, -0x8
 100de12: 07a1         	addi	a5, a5, 0x8
 100de14: 4811         	li	a6, 0x4
 100de16: 01066463     	bltu	a2, a6, 0x100de1e <__subtf3+0x852>
 100de1a: 0007a023     	sw	zero, 0x0(a5)
 100de1e: 47c2         	lw	a5, 0x10(sp)
 100de20: 00d036b3     	snez	a3, a3
 100de24: 8edd         	or	a3, a3, a5
 100de26: 4652         	lw	a2, 0x14(sp)
 100de28: c836         	sw	a3, 0x10(sp)
 100de2a: 40d706b3     	sub	a3, a4, a3
 100de2e: 40c58833     	sub	a6, a1, a2
 100de32: 00d737b3     	sltu	a5, a4, a3
 100de36: 0105b333     	sltu	t1, a1, a6
 100de3a: 40f80833     	sub	a6, a6, a5
 100de3e: 4781         	li	a5, 0x0
 100de40: 00d77563     	bgeu	a4, a3, 0x100de4a <__subtf3+0x87e>
 100de44: 8e0d         	sub	a2, a2, a1
 100de46: 00163793     	seqz	a5, a2
 100de4a: 4762         	lw	a4, 0x18(sp)
 100de4c: 0067e7b3     	or	a5, a5, t1
 100de50: 4601         	li	a2, 0x0
 100de52: 40e505b3     	sub	a1, a0, a4
 100de56: 00b53333     	sltu	t1, a0, a1
 100de5a: 8d9d         	sub	a1, a1, a5
 100de5c: c781         	beqz	a5, 0x100de64 <__subtf3+0x898>
 100de5e: 8f09         	sub	a4, a4, a0
 100de60: 00173613     	seqz	a2, a4
 100de64: 4772         	lw	a4, 0x1c(sp)
 100de66: 00666633     	or	a2, a2, t1
 100de6a: 87a2         	mv	a5, s0
 100de6c: 40e88733     	sub	a4, a7, a4
 100de70: 8f11         	sub	a4, a4, a2
 100de72: d036         	sw	a3, 0x20(sp)
 100de74: d63a         	sw	a4, 0x2c(sp)
 100de76: d42e         	sw	a1, 0x28(sp)
 100de78: d242         	sw	a6, 0x24(sp)
 100de7a: 00c71693     	slli	a3, a4, 0xc
 100de7e: de06d0e3     	bgez	a3, 0x100dc5e <__subtf3+0x692>
 100de82: 000806b7     	lui	a3, 0x80
 100de86: 16fd         	addi	a3, a3, -0x1
 100de88: 8f75         	and	a4, a4, a3
 100de8a: d63a         	sw	a4, 0x2c(sp)
 100de8c: 843e         	mv	s0, a5
 100de8e: a1bd         	j	0x100e2fc <__subtf3+0xd30>
 100de90: 00082e83     	lw	t4, 0x0(a6)
 100de94: 00482283     	lw	t0, 0x4(a6)
 100de98: 006804b3     	add	s1, a6, t1
 100de9c: 01eedeb3     	srl	t4, t4, t5
 100dea0: 007292b3     	sll	t0, t0, t2
 100dea4: 005eeeb3     	or	t4, t4, t0
 100dea8: 01d4a023     	sw	t4, 0x0(s1)
 100deac: 0f85         	addi	t6, t6, 0x1
 100deae: 0811         	addi	a6, a6, 0x4
 100deb0: b735         	j	0x100dddc <__subtf3+0x810>
 100deb2: 4bd2         	lw	s7, 0x14(sp)
 100deb4: 4b62         	lw	s6, 0x18(sp)
 100deb6: 4c72         	lw	s8, 0x1c(sp)
 100deb8: 20078763     	beqz	a5, 0x100e0c6 <__subtf3+0xafa>
 100debc: 408a87b3     	sub	a5, s5, s0
 100dec0: e05d         	bnez	s0, 0x100df66 <__subtf3+0x99a>
 100dec2: 4892         	lw	a7, 0x4(sp)
 100dec4: 4e22         	lw	t3, 0x8(sp)
 100dec6: 4632         	lw	a2, 0xc(sp)
 100dec8: 01c8e6b3     	or	a3, a7, t3
 100decc: 8ed1         	or	a3, a3, a2
 100dece: 8ed9         	or	a3, a3, a4
 100ded0: e69d         	bnez	a3, 0x100defe <__subtf3+0x932>
 100ded2: 6721         	lui	a4, 0x8
 100ded4: 177d         	addi	a4, a4, -0x1
 100ded6: 00e79e63     	bne	a5, a4, 0x100def2 <__subtf3+0x926>
 100deda: 016be733     	or	a4, s7, s6
 100dede: 01876733     	or	a4, a4, s8
 100dee2: 8f45         	or	a4, a4, s1
 100dee4: c719         	beqz	a4, 0x100def2 <__subtf3+0x926>
 100dee6: 012c5413     	srli	s0, s8, 0x12
 100deea: 00144413     	xori	s0, s0, 0x1
 100deee: 8805         	andi	s0, s0, 0x1
 100def0: 0412         	slli	s0, s0, 0x4
 100def2: d026         	sw	s1, 0x20(sp)
 100def4: d25e         	sw	s7, 0x24(sp)
 100def6: d45a         	sw	s6, 0x28(sp)
 100def8: d662         	sw	s8, 0x2c(sp)
 100defa: 89e6         	mv	s3, s9
 100defc: b4b1         	j	0x100d948 <__subtf3+0x37c>
 100defe: fff78313     	addi	t1, a5, -0x1
 100df02: 04031563     	bnez	t1, 0x100df4c <__subtf3+0x980>
 100df06: 40e486b3     	sub	a3, s1, a4
 100df0a: 411b8833     	sub	a6, s7, a7
 100df0e: 00d4b733     	sltu	a4, s1, a3
 100df12: 010bb7b3     	sltu	a5, s7, a6
 100df16: 40e80833     	sub	a6, a6, a4
 100df1a: 4701         	li	a4, 0x0
 100df1c: 00d4f663     	bgeu	s1, a3, 0x100df28 <__subtf3+0x95c>
 100df20: 417888b3     	sub	a7, a7, s7
 100df24: 0018b713     	seqz	a4, a7
 100df28: 41cb05b3     	sub	a1, s6, t3
 100df2c: 8f5d         	or	a4, a4, a5
 100df2e: 00bb3533     	sltu	a0, s6, a1
 100df32: 8d99         	sub	a1, a1, a4
 100df34: c709         	beqz	a4, 0x100df3e <__subtf3+0x972>
 100df36: 416e07b3     	sub	a5, t3, s6
 100df3a: 0017b313     	seqz	t1, a5
 100df3e: 40cc0733     	sub	a4, s8, a2
 100df42: 00a367b3     	or	a5, t1, a0
 100df46: 8f1d         	sub	a4, a4, a5
 100df48: 89e6         	mv	s3, s9
 100df4a: b3e1         	j	0x100dd12 <__subtf3+0x746>
 100df4c: 6721         	lui	a4, 0x8
 100df4e: 177d         	addi	a4, a4, -0x1
 100df50: f8e785e3     	beq	a5, a4, 0x100deda <__subtf3+0x90e>
 100df54: 07400793     	li	a5, 0x74
 100df58: 0467d863     	bge	a5, t1, 0x100dfa8 <__subtf3+0x9dc>
 100df5c: c602         	sw	zero, 0xc(sp)
 100df5e: c402         	sw	zero, 0x8(sp)
 100df60: c202         	sw	zero, 0x4(sp)
 100df62: 4685         	li	a3, 0x1
 100df64: a8cd         	j	0x100e056 <__subtf3+0xa8a>
 100df66: 6721         	lui	a4, 0x8
 100df68: 177d         	addi	a4, a4, -0x1
 100df6a: 02ea9563     	bne	s5, a4, 0x100df94 <__subtf3+0x9c8>
 100df6e: 016be7b3     	or	a5, s7, s6
 100df72: 0187e7b3     	or	a5, a5, s8
 100df76: 8fc5         	or	a5, a5, s1
 100df78: 4401         	li	s0, 0x0
 100df7a: c799         	beqz	a5, 0x100df88 <__subtf3+0x9bc>
 100df7c: 012c5413     	srli	s0, s8, 0x12
 100df80: 00144413     	xori	s0, s0, 0x1
 100df84: 8805         	andi	s0, s0, 0x1
 100df86: 0412         	slli	s0, s0, 0x4
 100df88: d026         	sw	s1, 0x20(sp)
 100df8a: d25e         	sw	s7, 0x24(sp)
 100df8c: d45a         	sw	s6, 0x28(sp)
 100df8e: d662         	sw	s8, 0x2c(sp)
 100df90: 87d6         	mv	a5, s5
 100df92: b7a5         	j	0x100defa <__subtf3+0x92e>
 100df94: 4732         	lw	a4, 0xc(sp)
 100df96: 000806b7     	lui	a3, 0x80
 100df9a: 8f55         	or	a4, a4, a3
 100df9c: c63a         	sw	a4, 0xc(sp)
 100df9e: 07400713     	li	a4, 0x74
 100dfa2: faf74de3     	blt	a4, a5, 0x100df5c <__subtf3+0x990>
 100dfa6: 833e         	mv	t1, a5
 100dfa8: 02000793     	li	a5, 0x20
 100dfac: 02f347b3     	div	a5, t1, a5
 100dfb0: 86ae         	mv	a3, a1
 100dfb2: 4401         	li	s0, 0x0
 100dfb4: 4701         	li	a4, 0x0
 100dfb6: 02f74663     	blt	a4, a5, 0x100dfe2 <__subtf3+0xa16>
 100dfba: 470d         	li	a4, 0x3
 100dfbc: 01f37813     	andi	a6, t1, 0x1f
 100dfc0: 8f1d         	sub	a4, a4, a5
 100dfc2: 00279613     	slli	a2, a5, 0x2
 100dfc6: 02081363     	bnez	a6, 0x100dfec <__subtf3+0xa20>
 100dfca: 00c586b3     	add	a3, a1, a2
 100dfce: 4294         	lw	a3, 0x0(a3)
 100dfd0: 0805         	addi	a6, a6, 0x1
 100dfd2: c194         	sw	a3, 0x0(a1)
 100dfd4: 0591         	addi	a1, a1, 0x4
 100dfd6: ff075ae3     	bge	a4, a6, 0x100dfca <__subtf3+0x9fe>
 100dfda: 4711         	li	a4, 0x4
 100dfdc: 40f707b3     	sub	a5, a4, a5
 100dfe0: a899         	j	0x100e036 <__subtf3+0xa6a>
 100dfe2: 4290         	lw	a2, 0x0(a3)
 100dfe4: 0705         	addi	a4, a4, 0x1
 100dfe6: 0691         	addi	a3, a3, 0x4
 100dfe8: 8c51         	or	s0, s0, a2
 100dfea: b7f1         	j	0x100dfb6 <__subtf3+0x9ea>
 100dfec: 02000693     	li	a3, 0x20
 100dff0: 02d36333     	rem	t1, t1, a3
 100dff4: 40668333     	sub	t1, a3, t1
 100dff8: 86be         	mv	a3, a5
 100dffa: 0007d363     	bgez	a5, 0x100e000 <__subtf3+0xa34>
 100dffe: 4681         	li	a3, 0x0
 100e000: 068a         	slli	a3, a3, 0x2
 100e002: 04068693     	addi	a3, a3, 0x40
 100e006: 968a         	add	a3, a3, sp
 100e008: fc06a683     	lw	a3, -0x40(a3)
 100e00c: 95b2         	add	a1, a1, a2
 100e00e: 4881         	li	a7, 0x0
 100e010: 006696b3     	sll	a3, a3, t1
 100e014: 8c55         	or	s0, s0, a3
 100e016: 40c00633     	neg	a2, a2
 100e01a: 08e8c663     	blt	a7, a4, 0x100e0a6 <__subtf3+0xada>
 100e01e: 4691         	li	a3, 0x4
 100e020: 40f687b3     	sub	a5, a3, a5
 100e024: 46b2         	lw	a3, 0xc(sp)
 100e026: 070a         	slli	a4, a4, 0x2
 100e028: 04070713     	addi	a4, a4, 0x40
 100e02c: 970a         	add	a4, a4, sp
 100e02e: 0106d6b3     	srl	a3, a3, a6
 100e032: fcd72023     	sw	a3, -0x40(a4)
 100e036: 0057a713     	slti	a4, a5, 0x5
 100e03a: 4601         	li	a2, 0x0
 100e03c: c701         	beqz	a4, 0x100e044 <__subtf3+0xa78>
 100e03e: 4611         	li	a2, 0x4
 100e040: 8e1d         	sub	a2, a2, a5
 100e042: 060a         	slli	a2, a2, 0x2
 100e044: 078a         	slli	a5, a5, 0x2
 100e046: 953e         	add	a0, a0, a5
 100e048: 4581         	li	a1, 0x0
 100e04a: e59fd0ef     	jal	0x100bea2 <memset>
 100e04e: 4782         	lw	a5, 0x0(sp)
 100e050: 008036b3     	snez	a3, s0
 100e054: 8edd         	or	a3, a3, a5
 100e056: 4712         	lw	a4, 0x4(sp)
 100e058: c036         	sw	a3, 0x0(sp)
 100e05a: 40d486b3     	sub	a3, s1, a3
 100e05e: 40eb8833     	sub	a6, s7, a4
 100e062: 00d4b7b3     	sltu	a5, s1, a3
 100e066: 010bb633     	sltu	a2, s7, a6
 100e06a: 40f80833     	sub	a6, a6, a5
 100e06e: 4781         	li	a5, 0x0
 100e070: 00d4f663     	bgeu	s1, a3, 0x100e07c <__subtf3+0xab0>
 100e074: 41770733     	sub	a4, a4, s7
 100e078: 00173793     	seqz	a5, a4
 100e07c: 4722         	lw	a4, 0x8(sp)
 100e07e: 8fd1         	or	a5, a5, a2
 100e080: 4601         	li	a2, 0x0
 100e082: 40eb05b3     	sub	a1, s6, a4
 100e086: 00bb3533     	sltu	a0, s6, a1
 100e08a: 8d9d         	sub	a1, a1, a5
 100e08c: c789         	beqz	a5, 0x100e096 <__subtf3+0xaca>
 100e08e: 41670733     	sub	a4, a4, s6
 100e092: 00173613     	seqz	a2, a4
 100e096: 4732         	lw	a4, 0xc(sp)
 100e098: 8e49         	or	a2, a2, a0
 100e09a: 87d6         	mv	a5, s5
 100e09c: 40ec0733     	sub	a4, s8, a4
 100e0a0: 8f11         	sub	a4, a4, a2
 100e0a2: 89e6         	mv	s3, s9
 100e0a4: b3f9         	j	0x100de72 <__subtf3+0x8a6>
 100e0a6: 4194         	lw	a3, 0x0(a1)
 100e0a8: 0045ae03     	lw	t3, 0x4(a1)
 100e0ac: 00c58eb3     	add	t4, a1, a2
 100e0b0: 0106d6b3     	srl	a3, a3, a6
 100e0b4: 006e1e33     	sll	t3, t3, t1
 100e0b8: 01c6e6b3     	or	a3, a3, t3
 100e0bc: 00dea023     	sw	a3, 0x0(t4)
 100e0c0: 0885         	addi	a7, a7, 0x1
 100e0c2: 0591         	addi	a1, a1, 0x4
 100e0c4: bf99         	j	0x100e01a <__subtf3+0xa4e>
 100e0c6: 00140693     	addi	a3, s0, 0x1
 100e0ca: 01169813     	slli	a6, a3, 0x11
 100e0ce: 01285813     	srli	a6, a6, 0x12
 100e0d2: 4612         	lw	a2, 0x4(sp)
 100e0d4: 45a2         	lw	a1, 0x8(sp)
 100e0d6: 4532         	lw	a0, 0xc(sp)
 100e0d8: 18081363     	bnez	a6, 0x100e25e <__subtf3+0xc92>
 100e0dc: 016be7b3     	or	a5, s7, s6
 100e0e0: 00b666b3     	or	a3, a2, a1
 100e0e4: 0187e7b3     	or	a5, a5, s8
 100e0e8: 8ec9         	or	a3, a3, a0
 100e0ea: 8fc5         	or	a5, a5, s1
 100e0ec: 8ed9         	or	a3, a3, a4
 100e0ee: e869         	bnez	s0, 0x100e1c0 <__subtf3+0xbf4>
 100e0f0: ea99         	bnez	a3, 0x100e106 <__subtf3+0xb3a>
 100e0f2: d026         	sw	s1, 0x20(sp)
 100e0f4: d25e         	sw	s7, 0x24(sp)
 100e0f6: d45a         	sw	s6, 0x28(sp)
 100e0f8: d662         	sw	s8, 0x2c(sp)
 100e0fa: ebcd         	bnez	a5, 0x100e1ac <__subtf3+0xbe0>
 100e0fc: ffea0993     	addi	s3, s4, -0x2
 100e100: 0019b993     	seqz	s3, s3
 100e104: b429         	j	0x100db0e <__subtf3+0x542>
 100e106: e791         	bnez	a5, 0x100e112 <__subtf3+0xb46>
 100e108: d03a         	sw	a4, 0x20(sp)
 100e10a: d232         	sw	a2, 0x24(sp)
 100e10c: d42e         	sw	a1, 0x28(sp)
 100e10e: d62a         	sw	a0, 0x2c(sp)
 100e110: bafd         	j	0x100db0e <__subtf3+0x542>
 100e112: 409707b3     	sub	a5, a4, s1
 100e116: 41760e33     	sub	t3, a2, s7
 100e11a: 00f73833     	sltu	a6, a4, a5
 100e11e: 01c638b3     	sltu	a7, a2, t3
 100e122: 410e0833     	sub	a6, t3, a6
 100e126: 4681         	li	a3, 0x0
 100e128: 00f77463     	bgeu	a4, a5, 0x100e130 <__subtf3+0xb64>
 100e12c: 001e3693     	seqz	a3, t3
 100e130: 0116e6b3     	or	a3, a3, a7
 100e134: 416588b3     	sub	a7, a1, s6
 100e138: 0115bf33     	sltu	t5, a1, a7
 100e13c: 40d88eb3     	sub	t4, a7, a3
 100e140: 4301         	li	t1, 0x0
 100e142: c299         	beqz	a3, 0x100e148 <__subtf3+0xb7c>
 100e144: 0018b313     	seqz	t1, a7
 100e148: 01e36333     	or	t1, t1, t5
 100e14c: 418506b3     	sub	a3, a0, s8
 100e150: 406686b3     	sub	a3, a3, t1
 100e154: d636         	sw	a3, 0x2c(sp)
 100e156: d476         	sw	t4, 0x28(sp)
 100e158: d242         	sw	a6, 0x24(sp)
 100e15a: d03e         	sw	a5, 0x20(sp)
 100e15c: 00c69313     	slli	t1, a3, 0xc
 100e160: 04035863     	bgez	t1, 0x100e1b0 <__subtf3+0xbe4>
 100e164: 40e48733     	sub	a4, s1, a4
 100e168: 40cb8633     	sub	a2, s7, a2
 100e16c: 00e4b7b3     	sltu	a5, s1, a4
 100e170: 00cbbbb3     	sltu	s7, s7, a2
 100e174: 8e1d         	sub	a2, a2, a5
 100e176: 4781         	li	a5, 0x0
 100e178: 00e4f463     	bgeu	s1, a4, 0x100e180 <__subtf3+0xbb4>
 100e17c: 001e3793     	seqz	a5, t3
 100e180: 40bb05b3     	sub	a1, s6, a1
 100e184: 0177ebb3     	or	s7, a5, s7
 100e188: 00bb3b33     	sltu	s6, s6, a1
 100e18c: 417585b3     	sub	a1, a1, s7
 100e190: 000b8463     	beqz	s7, 0x100e198 <__subtf3+0xbcc>
 100e194: 0018b413     	seqz	s0, a7
 100e198: 40ac0533     	sub	a0, s8, a0
 100e19c: 01646b33     	or	s6, s0, s6
 100e1a0: 41650533     	sub	a0, a0, s6
 100e1a4: d62a         	sw	a0, 0x2c(sp)
 100e1a6: d42e         	sw	a1, 0x28(sp)
 100e1a8: d232         	sw	a2, 0x24(sp)
 100e1aa: d03a         	sw	a4, 0x20(sp)
 100e1ac: 89e6         	mv	s3, s9
 100e1ae: b285         	j	0x100db0e <__subtf3+0x542>
 100e1b0: 0107e7b3     	or	a5, a5, a6
 100e1b4: 01d7e7b3     	or	a5, a5, t4
 100e1b8: 8fd5         	or	a5, a5, a3
 100e1ba: 94079ae3     	bnez	a5, 0x100db0e <__subtf3+0x542>
 100e1be: bf3d         	j	0x100e0fc <__subtf3+0xb30>
 100e1c0: 6821         	lui	a6, 0x8
 100e1c2: 187d         	addi	a6, a6, -0x1
 100e1c4: 03041263     	bne	s0, a6, 0x100e1e8 <__subtf3+0xc1c>
 100e1c8: 4e068263     	beqz	a3, 0x100e6ac <__subtf3+0x10e0>
 100e1cc: 01255413     	srli	s0, a0, 0x12
 100e1d0: 00144413     	xori	s0, s0, 0x1
 100e1d4: 8805         	andi	s0, s0, 0x1
 100e1d6: 0412         	slli	s0, s0, 0x4
 100e1d8: 010a8b63     	beq	s5, a6, 0x100e1ee <__subtf3+0xc22>
 100e1dc: ebb1         	bnez	a5, 0x100e230 <__subtf3+0xc64>
 100e1de: d03a         	sw	a4, 0x20(sp)
 100e1e0: d232         	sw	a2, 0x24(sp)
 100e1e2: d42e         	sw	a1, 0x28(sp)
 100e1e4: d62a         	sw	a0, 0x2c(sp)
 100e1e6: b2cd         	j	0x100dbc8 <__subtf3+0x5fc>
 100e1e8: 4401         	li	s0, 0x0
 100e1ea: 010a9363     	bne	s5, a6, 0x100e1f0 <__subtf3+0xc24>
 100e1ee: eb9d         	bnez	a5, 0x100e224 <__subtf3+0xc58>
 100e1f0: f6f5         	bnez	a3, 0x100e1dc <__subtf3+0xc10>
 100e1f2: e3a5         	bnez	a5, 0x100e252 <__subtf3+0xc86>
 100e1f4: 67a1         	lui	a5, 0x8
 100e1f6: d63e         	sw	a5, 0x2c(sp)
 100e1f8: d402         	sw	zero, 0x28(sp)
 100e1fa: d202         	sw	zero, 0x24(sp)
 100e1fc: d002         	sw	zero, 0x20(sp)
 100e1fe: 101c         	addi	a5, sp, 0x20
 100e200: 0850         	addi	a2, sp, 0x14
 100e202: 47d8         	lw	a4, 0xc(a5)
 100e204: 4794         	lw	a3, 0x8(a5)
 100e206: 17f1         	addi	a5, a5, -0x4
 100e208: 070e         	slli	a4, a4, 0x3
 100e20a: 82f5         	srli	a3, a3, 0x1d
 100e20c: 8f55         	or	a4, a4, a3
 100e20e: cb98         	sw	a4, 0x10(a5)
 100e210: fef619e3     	bne	a2, a5, 0x100e202 <__subtf3+0xc36>
 100e214: 67a1         	lui	a5, 0x8
 100e216: 4981         	li	s3, 0x0
 100e218: 17fd         	addi	a5, a5, -0x1
 100e21a: 4441         	li	s0, 0x10
 100e21c: f2cff06f     	j	0x100d948 <__subtf3+0x37c>
 100e220: 4401         	li	s0, 0x0
 100e222: b7f1         	j	0x100e1ee <__subtf3+0xc22>
 100e224: 00dc1813     	slli	a6, s8, 0xd
 100e228: fc0844e3     	bltz	a6, 0x100e1f0 <__subtf3+0xc24>
 100e22c: 4441         	li	s0, 0x10
 100e22e: c295         	beqz	a3, 0x100e252 <__subtf3+0xc86>
 100e230: 67a1         	lui	a5, 0x8
 100e232: d63e         	sw	a5, 0x2c(sp)
 100e234: d402         	sw	zero, 0x28(sp)
 100e236: d202         	sw	zero, 0x24(sp)
 100e238: d002         	sw	zero, 0x20(sp)
 100e23a: 101c         	addi	a5, sp, 0x20
 100e23c: 0850         	addi	a2, sp, 0x14
 100e23e: 47d8         	lw	a4, 0xc(a5)
 100e240: 4794         	lw	a3, 0x8(a5)
 100e242: 17f1         	addi	a5, a5, -0x4
 100e244: 070e         	slli	a4, a4, 0x3
 100e246: 82f5         	srli	a3, a3, 0x1d
 100e248: 8f55         	or	a4, a4, a3
 100e24a: cb98         	sw	a4, 0x10(a5)
 100e24c: fef619e3     	bne	a2, a5, 0x100e23e <__subtf3+0xc72>
 100e250: ba5d         	j	0x100dc06 <__subtf3+0x63a>
 100e252: d026         	sw	s1, 0x20(sp)
 100e254: d25e         	sw	s7, 0x24(sp)
 100e256: d45a         	sw	s6, 0x28(sp)
 100e258: d662         	sw	s8, 0x2c(sp)
 100e25a: 89e6         	mv	s3, s9
 100e25c: b2b5         	j	0x100dbc8 <__subtf3+0x5fc>
 100e25e: 409706b3     	sub	a3, a4, s1
 100e262: 41760e33     	sub	t3, a2, s7
 100e266: 00d73eb3     	sltu	t4, a4, a3
 100e26a: 01c638b3     	sltu	a7, a2, t3
 100e26e: 41de0eb3     	sub	t4, t3, t4
 100e272: 4801         	li	a6, 0x0
 100e274: 00d77463     	bgeu	a4, a3, 0x100e27c <__subtf3+0xcb0>
 100e278: 001e3813     	seqz	a6, t3
 100e27c: 01186833     	or	a6, a6, a7
 100e280: 416588b3     	sub	a7, a1, s6
 100e284: 0115bf33     	sltu	t5, a1, a7
 100e288: 41088fb3     	sub	t6, a7, a6
 100e28c: 4301         	li	t1, 0x0
 100e28e: 00080463     	beqz	a6, 0x100e296 <__subtf3+0xcca>
 100e292: 0018b313     	seqz	t1, a7
 100e296: 01e36333     	or	t1, t1, t5
 100e29a: 41850833     	sub	a6, a0, s8
 100e29e: 40680833     	sub	a6, a6, t1
 100e2a2: d642         	sw	a6, 0x2c(sp)
 100e2a4: d47e         	sw	t6, 0x28(sp)
 100e2a6: d276         	sw	t4, 0x24(sp)
 100e2a8: d036         	sw	a3, 0x20(sp)
 100e2aa: 00c81313     	slli	t1, a6, 0xc
 100e2ae: 10035163     	bgez	t1, 0x100e3b0 <__subtf3+0xde4>
 100e2b2: 40e48733     	sub	a4, s1, a4
 100e2b6: 40cb8633     	sub	a2, s7, a2
 100e2ba: 00e4b6b3     	sltu	a3, s1, a4
 100e2be: 00cbbbb3     	sltu	s7, s7, a2
 100e2c2: 8e15         	sub	a2, a2, a3
 100e2c4: 4681         	li	a3, 0x0
 100e2c6: 00e4f463     	bgeu	s1, a4, 0x100e2ce <__subtf3+0xd02>
 100e2ca: 001e3693     	seqz	a3, t3
 100e2ce: 40bb05b3     	sub	a1, s6, a1
 100e2d2: 0176ebb3     	or	s7, a3, s7
 100e2d6: 00bb3b33     	sltu	s6, s6, a1
 100e2da: 417585b3     	sub	a1, a1, s7
 100e2de: 000b8463     	beqz	s7, 0x100e2e6 <__subtf3+0xd1a>
 100e2e2: 0018b793     	seqz	a5, a7
 100e2e6: 40ac0533     	sub	a0, s8, a0
 100e2ea: 0167eb33     	or	s6, a5, s6
 100e2ee: 41650533     	sub	a0, a0, s6
 100e2f2: d62a         	sw	a0, 0x2c(sp)
 100e2f4: d42e         	sw	a1, 0x28(sp)
 100e2f6: d232         	sw	a2, 0x24(sp)
 100e2f8: d03a         	sw	a4, 0x20(sp)
 100e2fa: 89e6         	mv	s3, s9
 100e2fc: 5532         	lw	a0, 0x2c(sp)
 100e2fe: c169         	beqz	a0, 0x100e3c0 <__subtf3+0xdf4>
 100e300: a90ff0ef     	jal	0x100d590 <__clzsi2>
 100e304: ff450793     	addi	a5, a0, -0xc
 100e308: 02000693     	li	a3, 0x20
 100e30c: 01f7f813     	andi	a6, a5, 0x1f
 100e310: 02d7c733     	div	a4, a5, a3
 100e314: 0c080a63     	beqz	a6, 0x100e3e8 <__subtf3+0xe1c>
 100e318: 02010313     	addi	t1, sp, 0x20
 100e31c: 02d7e633     	rem	a2, a5, a3
 100e320: 40c685b3     	sub	a1, a3, a2
 100e324: 5671         	li	a2, -0x4
 100e326: 02c70633     	mul	a2, a4, a2
 100e32a: 00c60693     	addi	a3, a2, 0xc
 100e32e: 969a         	add	a3, a3, t1
 100e330: 40c00633     	neg	a2, a2
 100e334: 0cd31a63     	bne	t1, a3, 0x100e408 <__subtf3+0xe3c>
 100e338: 5602         	lw	a2, 0x20(sp)
 100e33a: fff70693     	addi	a3, a4, -0x1
 100e33e: 070a         	slli	a4, a4, 0x2
 100e340: 04070713     	addi	a4, a4, 0x40
 100e344: 970a         	add	a4, a4, sp
 100e346: 01061633     	sll	a2, a2, a6
 100e34a: fec72023     	sw	a2, -0x20(a4)
 100e34e: 00168713     	addi	a4, a3, 0x1
 100e352: 070a         	slli	a4, a4, 0x2
 100e354: 1014         	addi	a3, sp, 0x20
 100e356: 4621         	li	a2, 0x8
 100e358: 88b6         	mv	a7, a3
 100e35a: 00c76863     	bltu	a4, a2, 0x100e36a <__subtf3+0xd9e>
 100e35e: 0006a023     	sw	zero, 0x0(a3)
 100e362: 0006a223     	sw	zero, 0x4(a3)
 100e366: 1761         	addi	a4, a4, -0x8
 100e368: 1034         	addi	a3, sp, 0x28
 100e36a: 4611         	li	a2, 0x4
 100e36c: 00c76463     	bltu	a4, a2, 0x100e374 <__subtf3+0xda8>
 100e370: 0006a023     	sw	zero, 0x0(a3)
 100e374: 1487cb63     	blt	a5, s0, 0x100e4ca <__subtf3+0xefe>
 100e378: 8f81         	sub	a5, a5, s0
 100e37a: 0785         	addi	a5, a5, 0x1
 100e37c: 4057d713     	srai	a4, a5, 0x5
 100e380: 85c6         	mv	a1, a7
 100e382: 8bfd         	andi	a5, a5, 0x1f
 100e384: 8646         	mv	a2, a7
 100e386: 4301         	li	t1, 0x0
 100e388: 4681         	li	a3, 0x0
 100e38a: 08e69e63     	bne	a3, a4, 0x100e426 <__subtf3+0xe5a>
 100e38e: 468d         	li	a3, 0x3
 100e390: 8e99         	sub	a3, a3, a4
 100e392: 00271613     	slli	a2, a4, 0x2
 100e396: efd1         	bnez	a5, 0x100e432 <__subtf3+0xe66>
 100e398: 00c58533     	add	a0, a1, a2
 100e39c: 4108         	lw	a0, 0x0(a0)
 100e39e: 0785         	addi	a5, a5, 0x1
 100e3a0: c188         	sw	a0, 0x0(a1)
 100e3a2: 0591         	addi	a1, a1, 0x4
 100e3a4: fef6dae3     	bge	a3, a5, 0x100e398 <__subtf3+0xdcc>
 100e3a8: 4791         	li	a5, 0x4
 100e3aa: 40e78733     	sub	a4, a5, a4
 100e3ae: a0d1         	j	0x100e472 <__subtf3+0xea6>
 100e3b0: 01d6e6b3     	or	a3, a3, t4
 100e3b4: 01f6e6b3     	or	a3, a3, t6
 100e3b8: 0106e6b3     	or	a3, a3, a6
 100e3bc: f2a1         	bnez	a3, 0x100e2fc <__subtf3+0xd30>
 100e3be: bb3d         	j	0x100e0fc <__subtf3+0xb30>
 100e3c0: 5522         	lw	a0, 0x28(sp)
 100e3c2: c511         	beqz	a0, 0x100e3ce <__subtf3+0xe02>
 100e3c4: 9ccff0ef     	jal	0x100d590 <__clzsi2>
 100e3c8: 02050513     	addi	a0, a0, 0x20
 100e3cc: bf25         	j	0x100e304 <__subtf3+0xd38>
 100e3ce: 5512         	lw	a0, 0x24(sp)
 100e3d0: c511         	beqz	a0, 0x100e3dc <__subtf3+0xe10>
 100e3d2: 9beff0ef     	jal	0x100d590 <__clzsi2>
 100e3d6: 04050513     	addi	a0, a0, 0x40
 100e3da: b72d         	j	0x100e304 <__subtf3+0xd38>
 100e3dc: 5502         	lw	a0, 0x20(sp)
 100e3de: 9b2ff0ef     	jal	0x100d590 <__clzsi2>
 100e3e2: 06050513     	addi	a0, a0, 0x60
 100e3e6: bf39         	j	0x100e304 <__subtf3+0xd38>
 100e3e8: 55f1         	li	a1, -0x4
 100e3ea: 02b705b3     	mul	a1, a4, a1
 100e3ee: 1074         	addi	a3, sp, 0x2c
 100e3f0: 460d         	li	a2, 0x3
 100e3f2: 00b68533     	add	a0, a3, a1
 100e3f6: 4108         	lw	a0, 0x0(a0)
 100e3f8: 167d         	addi	a2, a2, -0x1
 100e3fa: 16f1         	addi	a3, a3, -0x4
 100e3fc: c2c8         	sw	a0, 0x4(a3)
 100e3fe: fee65ae3     	bge	a2, a4, 0x100e3f2 <__subtf3+0xe26>
 100e402: fff70693     	addi	a3, a4, -0x1
 100e406: b7a1         	j	0x100e34e <__subtf3+0xd82>
 100e408: 4288         	lw	a0, 0x0(a3)
 100e40a: ffc6a883     	lw	a7, -0x4(a3)
 100e40e: 00c68e33     	add	t3, a3, a2
 100e412: 01051533     	sll	a0, a0, a6
 100e416: 00b8d8b3     	srl	a7, a7, a1
 100e41a: 01156533     	or	a0, a0, a7
 100e41e: 00ae2023     	sw	a0, 0x0(t3)
 100e422: 16f1         	addi	a3, a3, -0x4
 100e424: bf01         	j	0x100e334 <__subtf3+0xd68>
 100e426: 4208         	lw	a0, 0x0(a2)
 100e428: 0685         	addi	a3, a3, 0x1
 100e42a: 0611         	addi	a2, a2, 0x4
 100e42c: 00a36333     	or	t1, t1, a0
 100e430: bfa9         	j	0x100e38a <__subtf3+0xdbe>
 100e432: 04060593     	addi	a1, a2, 0x40
 100e436: 958a         	add	a1, a1, sp
 100e438: fe05a583     	lw	a1, -0x20(a1)
 100e43c: 02000813     	li	a6, 0x20
 100e440: 40f80833     	sub	a6, a6, a5
 100e444: 010595b3     	sll	a1, a1, a6
 100e448: 00b36333     	or	t1, t1, a1
 100e44c: 4e01         	li	t3, 0x0
 100e44e: 00c885b3     	add	a1, a7, a2
 100e452: 40c00633     	neg	a2, a2
 100e456: 04de4a63     	blt	t3, a3, 0x100e4aa <__subtf3+0xede>
 100e45a: 4611         	li	a2, 0x4
 100e45c: 40e60733     	sub	a4, a2, a4
 100e460: 5632         	lw	a2, 0x2c(sp)
 100e462: 068a         	slli	a3, a3, 0x2
 100e464: 04068693     	addi	a3, a3, 0x40
 100e468: 968a         	add	a3, a3, sp
 100e46a: 00f657b3     	srl	a5, a2, a5
 100e46e: fef6a023     	sw	a5, -0x20(a3)
 100e472: 4691         	li	a3, 0x4
 100e474: 8e99         	sub	a3, a3, a4
 100e476: 070a         	slli	a4, a4, 0x2
 100e478: 00e887b3     	add	a5, a7, a4
 100e47c: 00269713     	slli	a4, a3, 0x2
 100e480: 46a1         	li	a3, 0x8
 100e482: 00d76863     	bltu	a4, a3, 0x100e492 <__subtf3+0xec6>
 100e486: 0007a023     	sw	zero, 0x0(a5)
 100e48a: 0007a223     	sw	zero, 0x4(a5)
 100e48e: 1761         	addi	a4, a4, -0x8
 100e490: 07a1         	addi	a5, a5, 0x8
 100e492: 4691         	li	a3, 0x4
 100e494: 00d76463     	bltu	a4, a3, 0x100e49c <__subtf3+0xed0>
 100e498: 0007a023     	sw	zero, 0x0(a5)
 100e49c: 5702         	lw	a4, 0x20(sp)
 100e49e: 006037b3     	snez	a5, t1
 100e4a2: 8fd9         	or	a5, a5, a4
 100e4a4: d03e         	sw	a5, 0x20(sp)
 100e4a6: e68ff06f     	j	0x100db0e <__subtf3+0x542>
 100e4aa: 4188         	lw	a0, 0x0(a1)
 100e4ac: 0045ae83     	lw	t4, 0x4(a1)
 100e4b0: 00c58f33     	add	t5, a1, a2
 100e4b4: 00f55533     	srl	a0, a0, a5
 100e4b8: 010e9eb3     	sll	t4, t4, a6
 100e4bc: 01d56533     	or	a0, a0, t4
 100e4c0: 00af2023     	sw	a0, 0x0(t5)
 100e4c4: 0e05         	addi	t3, t3, 0x1
 100e4c6: 0591         	addi	a1, a1, 0x4
 100e4c8: b779         	j	0x100e456 <__subtf3+0xe8a>
 100e4ca: 5732         	lw	a4, 0x2c(sp)
 100e4cc: fff806b7     	lui	a3, 0xfff80
 100e4d0: 16fd         	addi	a3, a3, -0x1
 100e4d2: 8f75         	and	a4, a4, a3
 100e4d4: 40f407b3     	sub	a5, s0, a5
 100e4d8: d63a         	sw	a4, 0x2c(sp)
 100e4da: f84ff06f     	j	0x100dc5e <__subtf3+0x692>
 100e4de: da2e         	sw	a1, 0x34(sp)
 100e4e0: d83e         	sw	a5, 0x30(sp)
 100e4e2: dc32         	sw	a2, 0x38(sp)
 100e4e4: de36         	sw	a3, 0x3c(sp)
 100e4e6: 1818         	addi	a4, sp, 0x30
 100e4e8: 104c         	addi	a1, sp, 0x24
 100e4ea: 4754         	lw	a3, 0xc(a4)
 100e4ec: 4710         	lw	a2, 0x8(a4)
 100e4ee: 1771         	addi	a4, a4, -0x4
 100e4f0: 0686         	slli	a3, a3, 0x1
 100e4f2: 827d         	srli	a2, a2, 0x1f
 100e4f4: 8ed1         	or	a3, a3, a2
 100e4f6: cb14         	sw	a3, 0x10(a4)
 100e4f8: fee599e3     	bne	a1, a4, 0x100e4ea <__subtf3+0xf1e>
 100e4fc: 0786         	slli	a5, a5, 0x1
 100e4fe: 0077f713     	andi	a4, a5, 0x7
 100e502: 4401         	li	s0, 0x0
 100e504: cf0d         	beqz	a4, 0x100e53e <__subtf3+0xf72>
 100e506: 4709         	li	a4, 0x2
 100e508: 56f2         	lw	a3, 0x3c(sp)
 100e50a: 14ea0463     	beq	s4, a4, 0x100e652 <__subtf3+0x1086>
 100e50e: 470d         	li	a4, 0x3
 100e510: 12ea0b63     	beq	s4, a4, 0x100e646 <__subtf3+0x107a>
 100e514: 020a1463     	bnez	s4, 0x100e53c <__subtf3+0xf70>
 100e518: 00f7f713     	andi	a4, a5, 0xf
 100e51c: 4611         	li	a2, 0x4
 100e51e: 00c70f63     	beq	a4, a2, 0x100e53c <__subtf3+0xf70>
 100e522: 0791         	addi	a5, a5, 0x4
 100e524: 0047b793     	sltiu	a5, a5, 0x4
 100e528: 5752         	lw	a4, 0x34(sp)
 100e52a: 973e         	add	a4, a4, a5
 100e52c: 00f73733     	sltu	a4, a4, a5
 100e530: 57e2         	lw	a5, 0x38(sp)
 100e532: 97ba         	add	a5, a5, a4
 100e534: 00e7b7b3     	sltu	a5, a5, a4
 100e538: 97b6         	add	a5, a5, a3
 100e53a: de3e         	sw	a5, 0x3c(sp)
 100e53c: 4405         	li	s0, 0x1
 100e53e: 56f2         	lw	a3, 0x3c(sp)
 100e540: 4781         	li	a5, 0x0
 100e542: 82d1         	srli	a3, a3, 0x14
 100e544: 0016c693     	xori	a3, a3, 0x1
 100e548: 8a85         	andi	a3, a3, 0x1
 100e54a: 5702         	lw	a4, 0x20(sp)
 100e54c: 00777613     	andi	a2, a4, 0x7
 100e550: c229         	beqz	a2, 0x100e592 <__subtf3+0xfc6>
 100e552: 4589         	li	a1, 0x2
 100e554: 5632         	lw	a2, 0x2c(sp)
 100e556: 10ba0863     	beq	s4, a1, 0x100e666 <__subtf3+0x109a>
 100e55a: 458d         	li	a1, 0x3
 100e55c: 0eba0e63     	beq	s4, a1, 0x100e658 <__subtf3+0x108c>
 100e560: 020a1763     	bnez	s4, 0x100e58e <__subtf3+0xfc2>
 100e564: 00f77593     	andi	a1, a4, 0xf
 100e568: 4511         	li	a0, 0x4
 100e56a: 02a58263     	beq	a1, a0, 0x100e58e <__subtf3+0xfc2>
 100e56e: 0711         	addi	a4, a4, 0x4
 100e570: d03a         	sw	a4, 0x20(sp)
 100e572: 00473713     	sltiu	a4, a4, 0x4
 100e576: 5592         	lw	a1, 0x24(sp)
 100e578: 972e         	add	a4, a4, a1
 100e57a: d23a         	sw	a4, 0x24(sp)
 100e57c: 00b73733     	sltu	a4, a4, a1
 100e580: 55a2         	lw	a1, 0x28(sp)
 100e582: 972e         	add	a4, a4, a1
 100e584: d43a         	sw	a4, 0x28(sp)
 100e586: 00b73733     	sltu	a4, a4, a1
 100e58a: 9732         	add	a4, a4, a2
 100e58c: d63a         	sw	a4, 0x2c(sp)
 100e58e: 00146413     	ori	s0, s0, 0x1
 100e592: c689         	beqz	a3, 0x100e59c <__subtf3+0xfd0>
 100e594: 00147713     	andi	a4, s0, 0x1
 100e598: 0706         	slli	a4, a4, 0x1
 100e59a: 8c59         	or	s0, s0, a4
 100e59c: 5732         	lw	a4, 0x2c(sp)
 100e59e: 00c71693     	slli	a3, a4, 0xc
 100e5a2: 0006dc63     	bgez	a3, 0x100e5ba <__subtf3+0xfee>
 100e5a6: 66a1         	lui	a3, 0x8
 100e5a8: 0785         	addi	a5, a5, 0x1
 100e5aa: 16fd         	addi	a3, a3, -0x1
 100e5ac: 0cd78063     	beq	a5, a3, 0x100e66c <__subtf3+0x10a0>
 100e5b0: fff806b7     	lui	a3, 0xfff80
 100e5b4: 16fd         	addi	a3, a3, -0x1
 100e5b6: 8f75         	and	a4, a4, a3
 100e5b8: d63a         	sw	a4, 0x2c(sp)
 100e5ba: 1018         	addi	a4, sp, 0x20
 100e5bc: 106c         	addi	a1, sp, 0x2c
 100e5be: 4314         	lw	a3, 0x0(a4)
 100e5c0: 4350         	lw	a2, 0x4(a4)
 100e5c2: 828d         	srli	a3, a3, 0x3
 100e5c4: 0676         	slli	a2, a2, 0x1d
 100e5c6: 8ed1         	or	a3, a3, a2
 100e5c8: c314         	sw	a3, 0x0(a4)
 100e5ca: 0711         	addi	a4, a4, 0x4
 100e5cc: feb719e3     	bne	a4, a1, 0x100e5be <__subtf3+0xff2>
 100e5d0: 56b2         	lw	a3, 0x2c(sp)
 100e5d2: 6621         	lui	a2, 0x8
 100e5d4: fff60713     	addi	a4, a2, -0x1
 100e5d8: 828d         	srli	a3, a3, 0x3
 100e5da: d636         	sw	a3, 0x2c(sp)
 100e5dc: 00e79e63     	bne	a5, a4, 0x100e5f8 <__subtf3+0x102c>
 100e5e0: 5592         	lw	a1, 0x24(sp)
 100e5e2: 5702         	lw	a4, 0x20(sp)
 100e5e4: 8f4d         	or	a4, a4, a1
 100e5e6: 55a2         	lw	a1, 0x28(sp)
 100e5e8: 8f4d         	or	a4, a4, a1
 100e5ea: 8f55         	or	a4, a4, a3
 100e5ec: c711         	beqz	a4, 0x100e5f8 <__subtf3+0x102c>
 100e5ee: d632         	sw	a2, 0x2c(sp)
 100e5f0: d402         	sw	zero, 0x28(sp)
 100e5f2: d202         	sw	zero, 0x24(sp)
 100e5f4: d002         	sw	zero, 0x20(sp)
 100e5f6: 4981         	li	s3, 0x0
 100e5f8: 55b2         	lw	a1, 0x2c(sp)
 100e5fa: 07c6         	slli	a5, a5, 0x11
 100e5fc: 83c5         	srli	a5, a5, 0x11
 100e5fe: 09be         	slli	s3, s3, 0xf
 100e600: 00f9e9b3     	or	s3, s3, a5
 100e604: 02b11e23     	sh	a1, 0x3c(sp)
 100e608: 03311f23     	sh	s3, 0x3e(sp)
 100e60c: 5602         	lw	a2, 0x20(sp)
 100e60e: 5692         	lw	a3, 0x24(sp)
 100e610: 5722         	lw	a4, 0x28(sp)
 100e612: 57f2         	lw	a5, 0x3c(sp)
 100e614: c019         	beqz	s0, 0x100e61a <__subtf3+0x104e>
 100e616: 00142073     	csrs	fflags, s0
 100e61a: 50b6         	lw	ra, 0x6c(sp)
 100e61c: 5426         	lw	s0, 0x68(sp)
 100e61e: 00c92023     	sw	a2, 0x0(s2)
 100e622: 00d92223     	sw	a3, 0x4(s2)
 100e626: 00e92423     	sw	a4, 0x8(s2)
 100e62a: 00f92623     	sw	a5, 0xc(s2)
 100e62e: 5496         	lw	s1, 0x64(sp)
 100e630: 49f6         	lw	s3, 0x5c(sp)
 100e632: 4a66         	lw	s4, 0x58(sp)
 100e634: 4ad6         	lw	s5, 0x54(sp)
 100e636: 4b46         	lw	s6, 0x50(sp)
 100e638: 4bb6         	lw	s7, 0x4c(sp)
 100e63a: 4c26         	lw	s8, 0x48(sp)
 100e63c: 4c96         	lw	s9, 0x44(sp)
 100e63e: 854a         	mv	a0, s2
 100e640: 5906         	lw	s2, 0x60(sp)
 100e642: 6165         	addi	sp, sp, 0x70
 100e644: 8082         	ret
 100e646: ee099be3     	bnez	s3, 0x100e53c <__subtf3+0xf70>
 100e64a: 07a1         	addi	a5, a5, 0x8
 100e64c: 0087b793     	sltiu	a5, a5, 0x8
 100e650: bde1         	j	0x100e528 <__subtf3+0xf5c>
 100e652: ee0985e3     	beqz	s3, 0x100e53c <__subtf3+0xf70>
 100e656: bfd5         	j	0x100e64a <__subtf3+0x107e>
 100e658: f2099be3     	bnez	s3, 0x100e58e <__subtf3+0xfc2>
 100e65c: 0721         	addi	a4, a4, 0x8
 100e65e: d03a         	sw	a4, 0x20(sp)
 100e660: 00873713     	sltiu	a4, a4, 0x8
 100e664: bf09         	j	0x100e576 <__subtf3+0xfaa>
 100e666: f20984e3     	beqz	s3, 0x100e58e <__subtf3+0xfc2>
 100e66a: bfcd         	j	0x100e65c <__subtf3+0x1090>
 100e66c: 4701         	li	a4, 0x0
 100e66e: 020a0063     	beqz	s4, 0x100e68e <__subtf3+0x10c2>
 100e672: 468d         	li	a3, 0x3
 100e674: 00da1863     	bne	s4, a3, 0x100e684 <__subtf3+0x10b8>
 100e678: 00098b63     	beqz	s3, 0x100e68e <__subtf3+0x10c2>
 100e67c: 67a1         	lui	a5, 0x8
 100e67e: 577d         	li	a4, -0x1
 100e680: 17f9         	addi	a5, a5, -0x2
 100e682: a031         	j	0x100e68e <__subtf3+0x10c2>
 100e684: 4689         	li	a3, 0x2
 100e686: feda1be3     	bne	s4, a3, 0x100e67c <__subtf3+0x10b0>
 100e68a: fe0989e3     	beqz	s3, 0x100e67c <__subtf3+0x10b0>
 100e68e: d63a         	sw	a4, 0x2c(sp)
 100e690: d43a         	sw	a4, 0x28(sp)
 100e692: d23a         	sw	a4, 0x24(sp)
 100e694: d03a         	sw	a4, 0x20(sp)
 100e696: 00546413     	ori	s0, s0, 0x5
 100e69a: b705         	j	0x100e5ba <__subtf3+0xfee>
 100e69c: d636         	sw	a3, 0x2c(sp)
 100e69e: c70ff06f     	j	0x100db0e <__subtf3+0x542>
 100e6a2: d68a8463     	beq	s5, s0, 0x100dc0a <__subtf3+0x63e>
 100e6a6: 4401         	li	s0, 0x0
 100e6a8: d10ff06f     	j	0x100dbb8 <__subtf3+0x5ec>
 100e6ac: b68a8ae3     	beq	s5, s0, 0x100e220 <__subtf3+0xc54>
 100e6b0: 4401         	li	s0, 0x0
 100e6b2: b681         	j	0x100e1f2 <__subtf3+0xc26>

0100e6b4 <__unordtf2>:
 100e6b4: 4114         	lw	a3, 0x0(a0)
 100e6b6: 00452f03     	lw	t5, 0x4(a0)
 100e6ba: 00852e83     	lw	t4, 0x8(a0)
 100e6be: 4550         	lw	a2, 0xc(a0)
 100e6c0: 419c         	lw	a5, 0x0(a1)
 100e6c2: 0045ae03     	lw	t3, 0x4(a1)
 100e6c6: 0085a303     	lw	t1, 0x8(a1)
 100e6ca: 45d8         	lw	a4, 0xc(a1)
 100e6cc: 1141         	addi	sp, sp, -0x10
 100e6ce: 002025f3     	frrm	a1
 100e6d2: 6521         	lui	a0, 0x8
 100e6d4: 01061813     	slli	a6, a2, 0x10
 100e6d8: 157d         	addi	a0, a0, -0x1
 100e6da: 8241         	srli	a2, a2, 0x10
 100e6dc: 01071593     	slli	a1, a4, 0x10
 100e6e0: 8e69         	and	a2, a2, a0
 100e6e2: 8341         	srli	a4, a4, 0x10
 100e6e4: 01085813     	srli	a6, a6, 0x10
 100e6e8: 81c1         	srli	a1, a1, 0x10
 100e6ea: 8f69         	and	a4, a4, a0
 100e6ec: 00a61963     	bne	a2, a0, 0x100e6fe <__unordtf2+0x4a>
 100e6f0: 01e6e533     	or	a0, a3, t5
 100e6f4: 01d56533     	or	a0, a0, t4
 100e6f8: 01056533     	or	a0, a0, a6
 100e6fc: e51d         	bnez	a0, 0x100e72a <__unordtf2+0x76>
 100e6fe: 68a1         	lui	a7, 0x8
 100e700: 18fd         	addi	a7, a7, -0x1
 100e702: 4501         	li	a0, 0x0
 100e704: 05171c63     	bne	a4, a7, 0x100e75c <__unordtf2+0xa8>
 100e708: 01c7e8b3     	or	a7, a5, t3
 100e70c: 0068e8b3     	or	a7, a7, t1
 100e710: 00b8e8b3     	or	a7, a7, a1
 100e714: 04088463     	beqz	a7, 0x100e75c <__unordtf2+0xa8>
 100e718: 02e61a63     	bne	a2, a4, 0x100e74c <__unordtf2+0x98>
 100e71c: 01e6e6b3     	or	a3, a3, t5
 100e720: 01d6e6b3     	or	a3, a3, t4
 100e724: 0106e6b3     	or	a3, a3, a6
 100e728: ca99         	beqz	a3, 0x100e73e <__unordtf2+0x8a>
 100e72a: 0842         	slli	a6, a6, 0x10
 100e72c: 41085813     	srai	a6, a6, 0x10
 100e730: 02085363     	bgez	a6, 0x100e756 <__unordtf2+0xa2>
 100e734: 66a1         	lui	a3, 0x8
 100e736: 16fd         	addi	a3, a3, -0x1
 100e738: 4505         	li	a0, 0x1
 100e73a: 02d71163     	bne	a4, a3, 0x100e75c <__unordtf2+0xa8>
 100e73e: 01c7e7b3     	or	a5, a5, t3
 100e742: 0067e7b3     	or	a5, a5, t1
 100e746: 8fcd         	or	a5, a5, a1
 100e748: 4505         	li	a0, 0x1
 100e74a: cb89         	beqz	a5, 0x100e75c <__unordtf2+0xa8>
 100e74c: 05c2         	slli	a1, a1, 0x10
 100e74e: 85c1         	srai	a1, a1, 0x10
 100e750: 4505         	li	a0, 0x1
 100e752: 0005c563     	bltz	a1, 0x100e75c <__unordtf2+0xa8>
 100e756: 00186073     	csrsi	fflags, 0x10
 100e75a: 4505         	li	a0, 0x1
 100e75c: 0141         	addi	sp, sp, 0x10
 100e75e: 8082         	ret

0100e760 <__fixtfsi>:
 100e760: 411c         	lw	a5, 0x0(a0)
 100e762: 00452803     	lw	a6, 0x4(a0)
 100e766: 4518         	lw	a4, 0x8(a0)
 100e768: 4550         	lw	a2, 0xc(a0)
 100e76a: 1101         	addi	sp, sp, -0x20
 100e76c: 002026f3     	frrm	a3
 100e770: 01061693     	slli	a3, a2, 0x10
 100e774: 00161593     	slli	a1, a2, 0x1
 100e778: c632         	sw	a2, 0xc(sp)
 100e77a: 01f65893     	srli	a7, a2, 0x1f
 100e77e: 6611         	lui	a2, 0x4
 100e780: c03e         	sw	a5, 0x0(sp)
 100e782: c242         	sw	a6, 0x4(sp)
 100e784: c43a         	sw	a4, 0x8(sp)
 100e786: c83e         	sw	a5, 0x10(sp)
 100e788: ca42         	sw	a6, 0x14(sp)
 100e78a: cc3a         	sw	a4, 0x18(sp)
 100e78c: 81c5         	srli	a1, a1, 0x11
 100e78e: 1679         	addi	a2, a2, -0x2
 100e790: 82c1         	srli	a3, a3, 0x10
 100e792: 00b64a63     	blt	a2, a1, 0x100e7a6 <__fixtfsi+0x46>
 100e796: e9f9         	bnez	a1, 0x100e86c <__fixtfsi+0x10c>
 100e798: 0107e533     	or	a0, a5, a6
 100e79c: 8d59         	or	a0, a0, a4
 100e79e: 8d55         	or	a0, a0, a3
 100e7a0: e571         	bnez	a0, 0x100e86c <__fixtfsi+0x10c>
 100e7a2: 6105         	addi	sp, sp, 0x20
 100e7a4: 8082         	ret
 100e7a6: 6511         	lui	a0, 0x4
 100e7a8: 0575         	addi	a0, a0, 0x1d
 100e7aa: 8646         	mv	a2, a7
 100e7ac: 02b55763     	bge	a0, a1, 0x100e7da <__fixtfsi+0x7a>
 100e7b0: 0c088163     	beqz	a7, 0x100e872 <__fixtfsi+0x112>
 100e7b4: 6511         	lui	a0, 0x4
 100e7b6: 0579         	addi	a0, a0, 0x1e
 100e7b8: 0ca59263     	bne	a1, a0, 0x100e87c <__fixtfsi+0x11c>
 100e7bc: 01175593     	srli	a1, a4, 0x11
 100e7c0: 06be         	slli	a3, a3, 0xf
 100e7c2: 8ecd         	or	a3, a3, a1
 100e7c4: eec5         	bnez	a3, 0x100e87c <__fixtfsi+0x11c>
 100e7c6: 0107e7b3     	or	a5, a5, a6
 100e7ca: 073e         	slli	a4, a4, 0xf
 100e7cc: 8f5d         	or	a4, a4, a5
 100e7ce: 80000537     	lui	a0, 0x80000
 100e7d2: db61         	beqz	a4, 0x100e7a2 <__fixtfsi+0x42>
 100e7d4: 00162073     	csrs	fflags, a2
 100e7d8: b7e9         	j	0x100e7a2 <__fixtfsi+0x42>
 100e7da: 67c1         	lui	a5, 0x10
 100e7dc: 8fd5         	or	a5, a5, a3
 100e7de: 6691         	lui	a3, 0x4
 100e7e0: 06f68693     	addi	a3, a3, 0x6f
 100e7e4: 8e8d         	sub	a3, a3, a1
 100e7e6: 4056d513     	srai	a0, a3, 0x5
 100e7ea: ce3e         	sw	a5, 0x1c(sp)
 100e7ec: 8afd         	andi	a3, a3, 0x1f
 100e7ee: 080c         	addi	a1, sp, 0x10
 100e7f0: 4801         	li	a6, 0x0
 100e7f2: 4601         	li	a2, 0x0
 100e7f4: 0005a303     	lw	t1, 0x0(a1)
 100e7f8: 0605         	addi	a2, a2, 0x1
 100e7fa: 0591         	addi	a1, a1, 0x4
 100e7fc: 00686833     	or	a6, a6, t1
 100e800: fec51ae3     	bne	a0, a2, 0x100e7f4 <__fixtfsi+0x94>
 100e804: 00251613     	slli	a2, a0, 0x2
 100e808: e28d         	bnez	a3, 0x100e82a <__fixtfsi+0xca>
 100e80a: 02060793     	addi	a5, a2, 0x20
 100e80e: 00278633     	add	a2, a5, sp
 100e812: ff062783     	lw	a5, -0x10(a2)
 100e816: c83e         	sw	a5, 0x10(sp)
 100e818: 4542         	lw	a0, 0x10(sp)
 100e81a: 00088463     	beqz	a7, 0x100e822 <__fixtfsi+0xc2>
 100e81e: 40a00533     	neg	a0, a0
 100e822: 4605         	li	a2, 0x1
 100e824: fa0818e3     	bnez	a6, 0x100e7d4 <__fixtfsi+0x74>
 100e828: bfad         	j	0x100e7a2 <__fixtfsi+0x42>
 100e82a: 02060613     	addi	a2, a2, 0x20
 100e82e: 960a         	add	a2, a2, sp
 100e830: ff062603     	lw	a2, -0x10(a2)
 100e834: 02000593     	li	a1, 0x20
 100e838: 8d95         	sub	a1, a1, a3
 100e83a: 00b61633     	sll	a2, a2, a1
 100e83e: 4309         	li	t1, 0x2
 100e840: 00c86833     	or	a6, a6, a2
 100e844: 4601         	li	a2, 0x0
 100e846: 00651963     	bne	a0, t1, 0x100e858 <__fixtfsi+0xf8>
 100e84a: 00d75733     	srl	a4, a4, a3
 100e84e: 00b795b3     	sll	a1, a5, a1
 100e852: 8f4d         	or	a4, a4, a1
 100e854: c83a         	sw	a4, 0x10(sp)
 100e856: 4605         	li	a2, 0x1
 100e858: 060a         	slli	a2, a2, 0x2
 100e85a: 02060713     	addi	a4, a2, 0x20
 100e85e: 00270633     	add	a2, a4, sp
 100e862: 00d7d7b3     	srl	a5, a5, a3
 100e866: fef62823     	sw	a5, -0x10(a2)
 100e86a: b77d         	j	0x100e818 <__fixtfsi+0xb8>
 100e86c: 4605         	li	a2, 0x1
 100e86e: 4501         	li	a0, 0x0
 100e870: b795         	j	0x100e7d4 <__fixtfsi+0x74>
 100e872: 80000537     	lui	a0, 0x80000
 100e876: 4641         	li	a2, 0x10
 100e878: 157d         	addi	a0, a0, -0x1
 100e87a: bfa9         	j	0x100e7d4 <__fixtfsi+0x74>
 100e87c: 4641         	li	a2, 0x10
 100e87e: 80000537     	lui	a0, 0x80000
 100e882: bf89         	j	0x100e7d4 <__fixtfsi+0x74>

0100e884 <__floatsitf>:
 100e884: 7179         	addi	sp, sp, -0x30
 100e886: d226         	sw	s1, 0x24(sp)
 100e888: d606         	sw	ra, 0x2c(sp)
 100e88a: d422         	sw	s0, 0x28(sp)
 100e88c: d04a         	sw	s2, 0x20(sp)
 100e88e: 84aa         	mv	s1, a0
 100e890: cdd5         	beqz	a1, 0x100e94c <__floatsitf+0xc8>
 100e892: 41f5d793     	srai	a5, a1, 0x1f
 100e896: 00b7c433     	xor	s0, a5, a1
 100e89a: 8c1d         	sub	s0, s0, a5
 100e89c: 8522         	mv	a0, s0
 100e89e: 01f5d913     	srli	s2, a1, 0x1f
 100e8a2: ceffe0ef     	jal	0x100d590 <__clzsi2>
 100e8a6: 6711         	lui	a4, 0x4
 100e8a8: 0779         	addi	a4, a4, 0x1e
 100e8aa: 05150793     	addi	a5, a0, 0x51
 100e8ae: 40a70633     	sub	a2, a4, a0
 100e8b2: c822         	sw	s0, 0x10(sp)
 100e8b4: 4057d713     	srai	a4, a5, 0x5
 100e8b8: ca02         	sw	zero, 0x14(sp)
 100e8ba: cc02         	sw	zero, 0x18(sp)
 100e8bc: ce02         	sw	zero, 0x1c(sp)
 100e8be: 8bfd         	andi	a5, a5, 0x1f
 100e8c0: c78d         	beqz	a5, 0x100e8ea <__floatsitf+0x66>
 100e8c2: 4689         	li	a3, 0x2
 100e8c4: 08d71263     	bne	a4, a3, 0x100e948 <__floatsitf+0xc4>
 100e8c8: 02000693     	li	a3, 0x20
 100e8cc: 8e9d         	sub	a3, a3, a5
 100e8ce: 00d456b3     	srl	a3, s0, a3
 100e8d2: ce36         	sw	a3, 0x1c(sp)
 100e8d4: fff70693     	addi	a3, a4, -0x1
 100e8d8: 070a         	slli	a4, a4, 0x2
 100e8da: 02070713     	addi	a4, a4, 0x20
 100e8de: 970a         	add	a4, a4, sp
 100e8e0: 00f41433     	sll	s0, s0, a5
 100e8e4: fe872823     	sw	s0, -0x10(a4)
 100e8e8: a005         	j	0x100e908 <__floatsitf+0x84>
 100e8ea: 478d         	li	a5, 0x3
 100e8ec: 8f99         	sub	a5, a5, a4
 100e8ee: 078a         	slli	a5, a5, 0x2
 100e8f0: 02078793     	addi	a5, a5, 0x20
 100e8f4: 978a         	add	a5, a5, sp
 100e8f6: ff07a783     	lw	a5, -0x10(a5)
 100e8fa: 4689         	li	a3, 0x2
 100e8fc: ce3e         	sw	a5, 0x1c(sp)
 100e8fe: 4789         	li	a5, 0x2
 100e900: 00f71463     	bne	a4, a5, 0x100e908 <__floatsitf+0x84>
 100e904: cc22         	sw	s0, 0x18(sp)
 100e906: 4685         	li	a3, 0x1
 100e908: 068a         	slli	a3, a3, 0x2
 100e90a: c802         	sw	zero, 0x10(sp)
 100e90c: ca02         	sw	zero, 0x14(sp)
 100e90e: 16f1         	addi	a3, a3, -0x4
 100e910: 4791         	li	a5, 0x4
 100e912: 00f6e363     	bltu	a3, a5, 0x100e918 <__floatsitf+0x94>
 100e916: cc02         	sw	zero, 0x18(sp)
 100e918: 85ca         	mv	a1, s2
 100e91a: 47f2         	lw	a5, 0x1c(sp)
 100e91c: 00f59413     	slli	s0, a1, 0xf
 100e920: 8c51         	or	s0, s0, a2
 100e922: 00811723     	sh	s0, 0xe(sp)
 100e926: 00f11623     	sh	a5, 0xc(sp)
 100e92a: 4542         	lw	a0, 0x10(sp)
 100e92c: 46d2         	lw	a3, 0x14(sp)
 100e92e: 4762         	lw	a4, 0x18(sp)
 100e930: 47b2         	lw	a5, 0xc(sp)
 100e932: 50b2         	lw	ra, 0x2c(sp)
 100e934: 5422         	lw	s0, 0x28(sp)
 100e936: c088         	sw	a0, 0x0(s1)
 100e938: c0d4         	sw	a3, 0x4(s1)
 100e93a: c498         	sw	a4, 0x8(s1)
 100e93c: c4dc         	sw	a5, 0xc(s1)
 100e93e: 5902         	lw	s2, 0x20(sp)
 100e940: 8526         	mv	a0, s1
 100e942: 5492         	lw	s1, 0x24(sp)
 100e944: 6145         	addi	sp, sp, 0x30
 100e946: 8082         	ret
 100e948: 470d         	li	a4, 0x3
 100e94a: b769         	j	0x100e8d4 <__floatsitf+0x50>
 100e94c: ce02         	sw	zero, 0x1c(sp)
 100e94e: cc02         	sw	zero, 0x18(sp)
 100e950: ca02         	sw	zero, 0x14(sp)
 100e952: c802         	sw	zero, 0x10(sp)
 100e954: 4601         	li	a2, 0x0
 100e956: b7d1         	j	0x100e91a <__floatsitf+0x96>

0100e958 <__extenddftf2>:
 100e958: 715d         	addi	sp, sp, -0x50
 100e95a: a42a         	fsd	fa0, 0x8(sp)
 100e95c: c2a6         	sw	s1, 0x44(sp)
 100e95e: c0ca         	sw	s2, 0x40(sp)
 100e960: de4e         	sw	s3, 0x3c(sp)
 100e962: 4922         	lw	s2, 0x8(sp)
 100e964: 44b2         	lw	s1, 0xc(sp)
 100e966: c686         	sw	ra, 0x4c(sp)
 100e968: c4a2         	sw	s0, 0x48(sp)
 100e96a: 89aa         	mv	s3, a0
 100e96c: 002027f3     	frrm	a5
 100e970: 0144d413     	srli	s0, s1, 0x14
 100e974: 00c49793     	slli	a5, s1, 0xc
 100e978: 7ff47413     	andi	s0, s0, 0x7ff
 100e97c: 83b1         	srli	a5, a5, 0xc
 100e97e: 00140713     	addi	a4, s0, 0x1
 100e982: d04a         	sw	s2, 0x20(sp)
 100e984: d23e         	sw	a5, 0x24(sp)
 100e986: d602         	sw	zero, 0x2c(sp)
 100e988: d402         	sw	zero, 0x28(sp)
 100e98a: 7fe77713     	andi	a4, a4, 0x7fe
 100e98e: 80fd         	srli	s1, s1, 0x1f
 100e990: cf39         	beqz	a4, 0x100e9ee <__extenddftf2+0x96>
 100e992: 0047d693     	srli	a3, a5, 0x4
 100e996: 6711         	lui	a4, 0x4
 100e998: d636         	sw	a3, 0x2c(sp)
 100e99a: 07f2         	slli	a5, a5, 0x1c
 100e99c: 00495693     	srli	a3, s2, 0x4
 100e9a0: c0070713     	addi	a4, a4, -0x400
 100e9a4: 8fd5         	or	a5, a5, a3
 100e9a6: 0972         	slli	s2, s2, 0x1c
 100e9a8: 9722         	add	a4, a4, s0
 100e9aa: d43e         	sw	a5, 0x28(sp)
 100e9ac: d24a         	sw	s2, 0x24(sp)
 100e9ae: d002         	sw	zero, 0x20(sp)
 100e9b0: 4401         	li	s0, 0x0
 100e9b2: 57b2         	lw	a5, 0x2c(sp)
 100e9b4: 04be         	slli	s1, s1, 0xf
 100e9b6: 8cd9         	or	s1, s1, a4
 100e9b8: 00f11e23     	sh	a5, 0x1c(sp)
 100e9bc: 00911f23     	sh	s1, 0x1e(sp)
 100e9c0: 5582         	lw	a1, 0x20(sp)
 100e9c2: 5612         	lw	a2, 0x24(sp)
 100e9c4: 56a2         	lw	a3, 0x28(sp)
 100e9c6: 47f2         	lw	a5, 0x1c(sp)
 100e9c8: c019         	beqz	s0, 0x100e9ce <__extenddftf2+0x76>
 100e9ca: 00186073     	csrsi	fflags, 0x10
 100e9ce: 40b6         	lw	ra, 0x4c(sp)
 100e9d0: 4426         	lw	s0, 0x48(sp)
 100e9d2: 00b9a023     	sw	a1, 0x0(s3)
 100e9d6: 00c9a223     	sw	a2, 0x4(s3)
 100e9da: 00d9a423     	sw	a3, 0x8(s3)
 100e9de: 00f9a623     	sw	a5, 0xc(s3)
 100e9e2: 4496         	lw	s1, 0x44(sp)
 100e9e4: 4906         	lw	s2, 0x40(sp)
 100e9e6: 854e         	mv	a0, s3
 100e9e8: 59f2         	lw	s3, 0x3c(sp)
 100e9ea: 6161         	addi	sp, sp, 0x50
 100e9ec: 8082         	ret
 100e9ee: 0127e533     	or	a0, a5, s2
 100e9f2: e079         	bnez	s0, 0x100eab8 <__extenddftf2+0x160>
 100e9f4: 4701         	li	a4, 0x0
 100e9f6: dd55         	beqz	a0, 0x100e9b2 <__extenddftf2+0x5a>
 100e9f8: c7b1         	beqz	a5, 0x100ea44 <__extenddftf2+0xec>
 100e9fa: 853e         	mv	a0, a5
 100e9fc: b95fe0ef     	jal	0x100d590 <__clzsi2>
 100ea00: 03150693     	addi	a3, a0, 0x31
 100ea04: 4056d793     	srai	a5, a3, 0x5
 100ea08: 8afd         	andi	a3, a3, 0x1f
 100ea0a: c2b1         	beqz	a3, 0x100ea4e <__extenddftf2+0xf6>
 100ea0c: 5671         	li	a2, -0x4
 100ea0e: 02c78633     	mul	a2, a5, a2
 100ea12: 02000813     	li	a6, 0x20
 100ea16: 02010313     	addi	t1, sp, 0x20
 100ea1a: 40d80833     	sub	a6, a6, a3
 100ea1e: 00c60713     	addi	a4, a2, 0xc
 100ea22: 971a         	add	a4, a4, t1
 100ea24: 40c00633     	neg	a2, a2
 100ea28: 06e31963     	bne	t1, a4, 0x100ea9a <__extenddftf2+0x142>
 100ea2c: fff78713     	addi	a4, a5, -0x1
 100ea30: 078a         	slli	a5, a5, 0x2
 100ea32: 02078793     	addi	a5, a5, 0x20
 100ea36: 0810         	addi	a2, sp, 0x10
 100ea38: 97b2         	add	a5, a5, a2
 100ea3a: 00d916b3     	sll	a3, s2, a3
 100ea3e: fed7a823     	sw	a3, -0x10(a5)
 100ea42: a02d         	j	0x100ea6c <__extenddftf2+0x114>
 100ea44: b4dfe0ef     	jal	0x100d590 <__clzsi2>
 100ea48: 02050513     	addi	a0, a0, 0x20
 100ea4c: bf55         	j	0x100ea00 <__extenddftf2+0xa8>
 100ea4e: 5671         	li	a2, -0x4
 100ea50: 02c78633     	mul	a2, a5, a2
 100ea54: 1078         	addi	a4, sp, 0x2c
 100ea56: 468d         	li	a3, 0x3
 100ea58: 00c705b3     	add	a1, a4, a2
 100ea5c: 418c         	lw	a1, 0x0(a1)
 100ea5e: 16fd         	addi	a3, a3, -0x1
 100ea60: 1771         	addi	a4, a4, -0x4
 100ea62: c34c         	sw	a1, 0x4(a4)
 100ea64: fef6dae3     	bge	a3, a5, 0x100ea58 <__extenddftf2+0x100>
 100ea68: fff78713     	addi	a4, a5, -0x1
 100ea6c: 00170793     	addi	a5, a4, 0x1
 100ea70: 078a         	slli	a5, a5, 0x2
 100ea72: 46a1         	li	a3, 0x8
 100ea74: 1018         	addi	a4, sp, 0x20
 100ea76: 00d7e863     	bltu	a5, a3, 0x100ea86 <__extenddftf2+0x12e>
 100ea7a: 00072023     	sw	zero, 0x0(a4)
 100ea7e: 00072223     	sw	zero, 0x4(a4)
 100ea82: 17e1         	addi	a5, a5, -0x8
 100ea84: 1038         	addi	a4, sp, 0x28
 100ea86: 4691         	li	a3, 0x4
 100ea88: 00d7e463     	bltu	a5, a3, 0x100ea90 <__extenddftf2+0x138>
 100ea8c: 00072023     	sw	zero, 0x0(a4)
 100ea90: 6711         	lui	a4, 0x4
 100ea92: c0c70713     	addi	a4, a4, -0x3f4
 100ea96: 8f09         	sub	a4, a4, a0
 100ea98: bf29         	j	0x100e9b2 <__extenddftf2+0x5a>
 100ea9a: 430c         	lw	a1, 0x0(a4)
 100ea9c: ffc72883     	lw	a7, -0x4(a4)
 100eaa0: 00c70e33     	add	t3, a4, a2
 100eaa4: 00d595b3     	sll	a1, a1, a3
 100eaa8: 0108d8b3     	srl	a7, a7, a6
 100eaac: 0115e5b3     	or	a1, a1, a7
 100eab0: 00be2023     	sw	a1, 0x0(t3)
 100eab4: 1771         	addi	a4, a4, -0x4
 100eab6: bf8d         	j	0x100ea28 <__extenddftf2+0xd0>
 100eab8: c50d         	beqz	a0, 0x100eae2 <__extenddftf2+0x18a>
 100eaba: 01c79713     	slli	a4, a5, 0x1c
 100eabe: 00495693     	srli	a3, s2, 0x4
 100eac2: 8f55         	or	a4, a4, a3
 100eac4: 00080437     	lui	s0, 0x80
 100eac8: 0087b433     	sltu	s0, a5, s0
 100eacc: d43a         	sw	a4, 0x28(sp)
 100eace: 8391         	srli	a5, a5, 0x4
 100ead0: 6721         	lui	a4, 0x8
 100ead2: 0972         	slli	s2, s2, 0x1c
 100ead4: 8fd9         	or	a5, a5, a4
 100ead6: 0412         	slli	s0, s0, 0x4
 100ead8: d24a         	sw	s2, 0x24(sp)
 100eada: d002         	sw	zero, 0x20(sp)
 100eadc: d63e         	sw	a5, 0x2c(sp)
 100eade: 177d         	addi	a4, a4, -0x1
 100eae0: bdc9         	j	0x100e9b2 <__extenddftf2+0x5a>
 100eae2: 4401         	li	s0, 0x0
 100eae4: 6721         	lui	a4, 0x8
 100eae6: bfe5         	j	0x100eade <__extenddftf2+0x186>

0100eae8 <_start>:
 100eae8: 00000297     	auipc	t0, 0x0
 100eaec: 05c28293     	addi	t0, t0, 0x5c
 100eaf0: 30529073     	csrw	mtvec, t0
 100eaf4: 007f2197     	auipc	gp, 0x7f2
 100eaf8: 10018193     	addi	gp, gp, 0x100
 100eafc: 047f1117     	auipc	sp, 0x47f1
 100eb00: 50410113     	addi	sp, sp, 0x504
 100eb04: 007f2517     	auipc	a0, 0x7f2
 100eb08: bb050513     	addi	a0, a0, -0x450
 100eb0c: 00000593     	li	a1, 0x0
 100eb10: 007f3617     	auipc	a2, 0x7f3
 100eb14: 8e460613     	addi	a2, a2, -0x71c
 100eb18: 40a60633     	sub	a2, a2, a0
 100eb1c: b86fd0ef     	jal	0x100bea2 <memset>
 100eb20: ffffd517     	auipc	a0, 0xffffd
 100eb24: 27e50513     	addi	a0, a0, 0x27e
 100eb28: bbff60ef     	jal	0x10056e6 <atexit>
 100eb2c: 128000ef     	jal	0x100ec54 <__libc_init_array>
 100eb30: 00000513     	li	a0, 0x0
 100eb34: 00000593     	li	a1, 0x0
 100eb38: 00000613     	li	a2, 0x0
 100eb3c: cccf10ef     	jal	0x1000008 <main>
 100eb40: aa1f606f     	j	0x10055e0 <exit>

0100eb44 <_trap_vector>:
 100eb44: f8010113     	addi	sp, sp, -0x80
 100eb48: 00112223     	sw	ra, 0x4(sp)
 100eb4c: 00212423     	sw	sp, 0x8(sp)
 100eb50: 00312623     	sw	gp, 0xc(sp)
 100eb54: 00412823     	sw	tp, 0x10(sp)
 100eb58: 00512a23     	sw	t0, 0x14(sp)
 100eb5c: 00612c23     	sw	t1, 0x18(sp)
 100eb60: 00712e23     	sw	t2, 0x1c(sp)
 100eb64: 02812023     	sw	s0, 0x20(sp)
 100eb68: 02912223     	sw	s1, 0x24(sp)
 100eb6c: 02a12423     	sw	a0, 0x28(sp)
 100eb70: 02b12623     	sw	a1, 0x2c(sp)
 100eb74: 02c12823     	sw	a2, 0x30(sp)
 100eb78: 02d12a23     	sw	a3, 0x34(sp)
 100eb7c: 02e12c23     	sw	a4, 0x38(sp)
 100eb80: 02f12e23     	sw	a5, 0x3c(sp)
 100eb84: 05012023     	sw	a6, 0x40(sp)
 100eb88: 05112223     	sw	a7, 0x44(sp)
 100eb8c: 05212423     	sw	s2, 0x48(sp)
 100eb90: 05312623     	sw	s3, 0x4c(sp)
 100eb94: 05412823     	sw	s4, 0x50(sp)
 100eb98: 05512a23     	sw	s5, 0x54(sp)
 100eb9c: 05612c23     	sw	s6, 0x58(sp)
 100eba0: 05712e23     	sw	s7, 0x5c(sp)
 100eba4: 07812023     	sw	s8, 0x60(sp)
 100eba8: 07912223     	sw	s9, 0x64(sp)
 100ebac: 07a12423     	sw	s10, 0x68(sp)
 100ebb0: 07b12623     	sw	s11, 0x6c(sp)
 100ebb4: 07c12823     	sw	t3, 0x70(sp)
 100ebb8: 07d12a23     	sw	t4, 0x74(sp)
 100ebbc: 07e12c23     	sw	t5, 0x78(sp)
 100ebc0: 07f12e23     	sw	t6, 0x7c(sp)
 100ebc4: 34202573     	csrr	a0, mcause
 100ebc8: 341025f3     	csrr	a1, mepc
 100ebcc: 0fc000ef     	jal	0x100ecc8 <_trap_handler_c>
 100ebd0: 00412083     	lw	ra, 0x4(sp)
 100ebd4: 00812103     	lw	sp, 0x8(sp)
 100ebd8: 00c12183     	lw	gp, 0xc(sp)
 100ebdc: 01012203     	lw	tp, 0x10(sp)
 100ebe0: 01412283     	lw	t0, 0x14(sp)
 100ebe4: 01812303     	lw	t1, 0x18(sp)
 100ebe8: 01c12383     	lw	t2, 0x1c(sp)
 100ebec: 02012403     	lw	s0, 0x20(sp)
 100ebf0: 02412483     	lw	s1, 0x24(sp)
 100ebf4: 02812503     	lw	a0, 0x28(sp)
 100ebf8: 02c12583     	lw	a1, 0x2c(sp)
 100ebfc: 03012603     	lw	a2, 0x30(sp)
 100ec00: 03412683     	lw	a3, 0x34(sp)
 100ec04: 03812703     	lw	a4, 0x38(sp)
 100ec08: 03c12783     	lw	a5, 0x3c(sp)
 100ec0c: 04012803     	lw	a6, 0x40(sp)
 100ec10: 04412883     	lw	a7, 0x44(sp)
 100ec14: 04812903     	lw	s2, 0x48(sp)
 100ec18: 04c12983     	lw	s3, 0x4c(sp)
 100ec1c: 05012a03     	lw	s4, 0x50(sp)
 100ec20: 05412a83     	lw	s5, 0x54(sp)
 100ec24: 05812b03     	lw	s6, 0x58(sp)
 100ec28: 05c12b83     	lw	s7, 0x5c(sp)
 100ec2c: 06012c03     	lw	s8, 0x60(sp)
 100ec30: 06412c83     	lw	s9, 0x64(sp)
 100ec34: 06812d03     	lw	s10, 0x68(sp)
 100ec38: 06c12d83     	lw	s11, 0x6c(sp)
 100ec3c: 07012e03     	lw	t3, 0x70(sp)
 100ec40: 07412e83     	lw	t4, 0x74(sp)
 100ec44: 07812f03     	lw	t5, 0x78(sp)
 100ec48: 07c12f83     	lw	t6, 0x7c(sp)
 100ec4c: 08010113     	addi	sp, sp, 0x80
 100ec50: 30200073     	mret

0100ec54 <__libc_init_array>:
 100ec54: 1141         	addi	sp, sp, -0x10
 100ec56: c422         	sw	s0, 0x8(sp)
 100ec58: 000007b7     	lui	a5, 0x0
 100ec5c: 00000437     	lui	s0, 0x0
 100ec60: c04a         	sw	s2, 0x0(sp)
 100ec62: 00078793     	mv	a5, a5
 100ec66: 00040713     	mv	a4, s0
 100ec6a: c606         	sw	ra, 0xc(sp)
 100ec6c: c226         	sw	s1, 0x4(sp)
 100ec6e: 40e78933     	sub	s2, a5, a4
 100ec72: 00e78d63     	beq	a5, a4, 0x100ec8c <__libc_init_array+0x38>
 100ec76: 40295913     	srai	s2, s2, 0x2
 100ec7a: 00040413     	mv	s0, s0
 100ec7e: 4481         	li	s1, 0x0
 100ec80: 401c         	lw	a5, 0x0(s0)
 100ec82: 0485         	addi	s1, s1, 0x1
 100ec84: 0411         	addi	s0, s0, 0x4
 100ec86: 9782         	jalr	a5
 100ec88: ff24ece3     	bltu	s1, s2, 0x100ec80 <__libc_init_array+0x2c>
 100ec8c: 01800437     	lui	s0, 0x1800
 100ec90: 018007b7     	lui	a5, 0x1800
 100ec94: 00878793     	addi	a5, a5, 0x8
 100ec98: 00040713     	mv	a4, s0
 100ec9c: 40e78933     	sub	s2, a5, a4
 100eca0: 40295913     	srai	s2, s2, 0x2
 100eca4: 00e78b63     	beq	a5, a4, 0x100ecba <__libc_init_array+0x66>
 100eca8: 00040413     	mv	s0, s0
 100ecac: 4481         	li	s1, 0x0
 100ecae: 401c         	lw	a5, 0x0(s0)
 100ecb0: 0485         	addi	s1, s1, 0x1
 100ecb2: 0411         	addi	s0, s0, 0x4
 100ecb4: 9782         	jalr	a5
 100ecb6: ff24ece3     	bltu	s1, s2, 0x100ecae <__libc_init_array+0x5a>
 100ecba: 40b2         	lw	ra, 0xc(sp)
 100ecbc: 4422         	lw	s0, 0x8(sp)
 100ecbe: 4492         	lw	s1, 0x4(sp)
 100ecc0: 4902         	lw	s2, 0x0(sp)
 100ecc2: 0141         	addi	sp, sp, 0x10
 100ecc4: 8082         	ret
 100ecc6: 0000         	unimp

0100ecc8 <_trap_handler_c>:
 100ecc8: ff010113     	addi	sp, sp, -0x10
 100eccc: 00112623     	sw	ra, 0xc(sp)
 100ecd0: 00300693     	li	a3, 0x3
 100ecd4: 00d51863     	bne	a0, a3, 0x100ece4 <_trap_handler_c+0x1c>
 100ecd8: 00c12083     	lw	ra, 0xc(sp)
 100ecdc: 01010113     	addi	sp, sp, 0x10
 100ece0: 00008067     	ret
 100ece4: 00058613     	mv	a2, a1
 100ece8: 00f00593     	li	a1, 0xf
 100ecec: 0ea5ec63     	bltu	a1, a0, 0x100ede4 <_trap_handler_c+0x11c>
 100ecf0: 00251513     	slli	a0, a0, 0x2
 100ecf4: 010105b7     	lui	a1, 0x1010
 100ecf8: 00c58593     	addi	a1, a1, 0xc
 100ecfc: 00b50533     	add	a0, a0, a1
 100ed00: 00052503     	lw	a0, 0x0(a0)
 100ed04: 00050067     	jr	a0
 100ed08: 0100f537     	lui	a0, 0x100f
 100ed0c: e4850513     	addi	a0, a0, -0x1b8
 100ed10: 0100f5b7     	lui	a1, 0x100f
 100ed14: e1058593     	addi	a1, a1, -0x1f0
 100ed18: 0dc0006f     	j	0x100edf4 <_trap_handler_c+0x12c>
 100ed1c: 0100f537     	lui	a0, 0x100f
 100ed20: e4850513     	addi	a0, a0, -0x1b8
 100ed24: 0100f5b7     	lui	a1, 0x100f
 100ed28: f8f58593     	addi	a1, a1, -0x71
 100ed2c: 0c80006f     	j	0x100edf4 <_trap_handler_c+0x12c>
 100ed30: 0100f537     	lui	a0, 0x100f
 100ed34: e4850513     	addi	a0, a0, -0x1b8
 100ed38: 0100f5b7     	lui	a1, 0x100f
 100ed3c: f3058593     	addi	a1, a1, -0xd0
 100ed40: 0b40006f     	j	0x100edf4 <_trap_handler_c+0x12c>
 100ed44: 0100f537     	lui	a0, 0x100f
 100ed48: e4850513     	addi	a0, a0, -0x1b8
 100ed4c: 0100f5b7     	lui	a1, 0x100f
 100ed50: edc58593     	addi	a1, a1, -0x124
 100ed54: 0a00006f     	j	0x100edf4 <_trap_handler_c+0x12c>
 100ed58: 0100f537     	lui	a0, 0x100f
 100ed5c: e4850513     	addi	a0, a0, -0x1b8
 100ed60: 0100f5b7     	lui	a1, 0x100f
 100ed64: f1158593     	addi	a1, a1, -0xef
 100ed68: 08c0006f     	j	0x100edf4 <_trap_handler_c+0x12c>
 100ed6c: 0100f537     	lui	a0, 0x100f
 100ed70: e4850513     	addi	a0, a0, -0x1b8
 100ed74: 0100f5b7     	lui	a1, 0x100f
 100ed78: e8f58593     	addi	a1, a1, -0x171
 100ed7c: 0780006f     	j	0x100edf4 <_trap_handler_c+0x12c>
 100ed80: 0100f537     	lui	a0, 0x100f
 100ed84: e4850513     	addi	a0, a0, -0x1b8
 100ed88: 0100f5b7     	lui	a1, 0x100f
 100ed8c: e5f58593     	addi	a1, a1, -0x1a1
 100ed90: 0640006f     	j	0x100edf4 <_trap_handler_c+0x12c>
 100ed94: 0100f537     	lui	a0, 0x100f
 100ed98: e4850513     	addi	a0, a0, -0x1b8
 100ed9c: 0100f5b7     	lui	a1, 0x100f
 100eda0: efb58593     	addi	a1, a1, -0x105
 100eda4: 0500006f     	j	0x100edf4 <_trap_handler_c+0x12c>
 100eda8: 0100f537     	lui	a0, 0x100f
 100edac: e4850513     	addi	a0, a0, -0x1b8
 100edb0: 0100f5b7     	lui	a1, 0x100f
 100edb4: f5d58593     	addi	a1, a1, -0xa3
 100edb8: 03c0006f     	j	0x100edf4 <_trap_handler_c+0x12c>
 100edbc: 0100f537     	lui	a0, 0x100f
 100edc0: e4850513     	addi	a0, a0, -0x1b8
 100edc4: 0100f5b7     	lui	a1, 0x100f
 100edc8: eca58593     	addi	a1, a1, -0x136
 100edcc: 0280006f     	j	0x100edf4 <_trap_handler_c+0x12c>
 100edd0: 0100f537     	lui	a0, 0x100f
 100edd4: e4850513     	addi	a0, a0, -0x1b8
 100edd8: 0100f5b7     	lui	a1, 0x100f
 100eddc: eb358593     	addi	a1, a1, -0x14d
 100ede0: 0140006f     	j	0x100edf4 <_trap_handler_c+0x12c>
 100ede4: 0100f537     	lui	a0, 0x100f
 100ede8: e4850513     	addi	a0, a0, -0x1b8
 100edec: 0100f5b7     	lui	a1, 0x100f
 100edf0: f4d58593     	addi	a1, a1, -0xb3
 100edf4: ec6f70ef     	jal	0x10064ba <printf>
 100edf8: 0100f537     	lui	a0, 0x100f
 100edfc: e3750513     	addi	a0, a0, -0x1c9
 100ee00: 8b3fc0ef     	jal	0x100b6b2 <puts>
 100ee04: fff00513     	li	a0, -0x1
 100ee08: fd8f60ef     	jal	0x10055e0 <exit>
